[0.165s] DEBUG:colcon:Command line arguments: ['/usr/bin/colcon', 'build', '--packages-select', 'grasp_simulation']
[0.165s] DEBUG:colcon:Parsed command line arguments: Namespace(log_base=None, log_level=None, verb_name='build', build_base='build', install_base='install', merge_install=False, symlink_install=False, test_result_base=None, continue_on_error=False, executor='parallel', parallel_workers=4, event_handlers=None, ignore_user_meta=False, metas=['./colcon.meta'], base_paths=['.'], packages_ignore=None, packages_ignore_regex=None, paths=None, packages_up_to=None, packages_up_to_regex=None, packages_above=None, packages_above_and_dependencies=None, packages_above_depth=None, packages_select_by_dep=None, packages_skip_by_dep=None, packages_skip_up_to=None, packages_select_build_failed=False, packages_skip_build_finished=False, packages_select_test_failures=False, packages_skip_test_passed=False, packages_select=['grasp_simulation'], packages_skip=None, packages_select_regex=None, packages_skip_regex=None, packages_start=None, packages_end=None, allow_overriding=[], cmake_args=None, cmake_target=None, cmake_target_skip_unavailable=False, cmake_clean_cache=False, cmake_clean_first=False, cmake_force_configure=False, ament_cmake_args=None, catkin_cmake_args=None, catkin_skip_building_tests=False, mixin_files=None, mixin=None, verb_parser=<colcon_mixin.mixin.mixin_argument.MixinArgumentDecorator object at 0x766c9605e950>, verb_extension=<colcon_core.verb.build.BuildVerb object at 0x766c9605dc30>, main=<bound method BuildVerb.main of <colcon_core.verb.build.BuildVerb object at 0x766c9605dc30>>, mixin_verb=('build',))
[0.491s] Level 1:colcon.colcon_core.package_discovery:discover_packages(colcon_meta) check parameters
[0.492s] Level 1:colcon.colcon_core.package_discovery:discover_packages(recursive) check parameters
[0.492s] Level 1:colcon.colcon_core.package_discovery:discover_packages(ignore) check parameters
[0.492s] Level 1:colcon.colcon_core.package_discovery:discover_packages(path) check parameters
[0.492s] Level 1:colcon.colcon_core.package_discovery:discover_packages(colcon_meta) discover
[0.492s] Level 1:colcon.colcon_core.package_discovery:discover_packages(recursive) discover
[0.492s] INFO:colcon.colcon_core.package_discovery:Crawling recursively for packages in '/home/ali/grasp_ws'
[0.492s] Level 1:colcon.colcon_core.package_identification:_identify(.) by extensions ['ignore', 'ignore_ament_install']
[0.493s] Level 1:colcon.colcon_core.package_identification:_identify(.) by extension 'ignore'
[0.493s] Level 1:colcon.colcon_core.package_identification:_identify(.) by extension 'ignore_ament_install'
[0.493s] Level 1:colcon.colcon_core.package_identification:_identify(.) by extensions ['colcon_pkg']
[0.493s] Level 1:colcon.colcon_core.package_identification:_identify(.) by extension 'colcon_pkg'
[0.493s] Level 1:colcon.colcon_core.package_identification:_identify(.) by extensions ['colcon_meta']
[0.493s] Level 1:colcon.colcon_core.package_identification:_identify(.) by extension 'colcon_meta'
[0.493s] Level 1:colcon.colcon_core.package_identification:_identify(.) by extensions ['ros']
[0.493s] Level 1:colcon.colcon_core.package_identification:_identify(.) by extension 'ros'
[0.517s] Level 1:colcon.colcon_core.package_identification:_identify(.) by extensions ['cmake', 'python']
[0.517s] Level 1:colcon.colcon_core.package_identification:_identify(.) by extension 'cmake'
[0.517s] Level 1:colcon.colcon_core.package_identification:_identify(.) by extension 'python'
[0.517s] Level 1:colcon.colcon_core.package_identification:_identify(.) by extensions ['python_setup_py']
[0.517s] Level 1:colcon.colcon_core.package_identification:_identify(.) by extension 'python_setup_py'
[0.517s] Level 1:colcon.colcon_core.package_identification:_identify(build) by extensions ['ignore', 'ignore_ament_install']
[0.517s] Level 1:colcon.colcon_core.package_identification:_identify(build) by extension 'ignore'
[0.517s] Level 1:colcon.colcon_core.package_identification:_identify(build) ignored
[0.518s] Level 1:colcon.colcon_core.package_identification:_identify(install) by extensions ['ignore', 'ignore_ament_install']
[0.518s] Level 1:colcon.colcon_core.package_identification:_identify(install) by extension 'ignore'
[0.518s] Level 1:colcon.colcon_core.package_identification:_identify(install) ignored
[0.518s] Level 1:colcon.colcon_core.package_identification:_identify(log) by extensions ['ignore', 'ignore_ament_install']
[0.518s] Level 1:colcon.colcon_core.package_identification:_identify(log) by extension 'ignore'
[0.518s] Level 1:colcon.colcon_core.package_identification:_identify(log) ignored
[0.519s] Level 1:colcon.colcon_core.package_identification:_identify(src) by extensions ['ignore', 'ignore_ament_install']
[0.519s] Level 1:colcon.colcon_core.package_identification:_identify(src) by extension 'ignore'
[0.519s] Level 1:colcon.colcon_core.package_identification:_identify(src) by extension 'ignore_ament_install'
[0.519s] Level 1:colcon.colcon_core.package_identification:_identify(src) by extensions ['colcon_pkg']
[0.519s] Level 1:colcon.colcon_core.package_identification:_identify(src) by extension 'colcon_pkg'
[0.519s] Level 1:colcon.colcon_core.package_identification:_identify(src) by extensions ['colcon_meta']
[0.519s] Level 1:colcon.colcon_core.package_identification:_identify(src) by extension 'colcon_meta'
[0.519s] Level 1:colcon.colcon_core.package_identification:_identify(src) by extensions ['ros']
[0.519s] Level 1:colcon.colcon_core.package_identification:_identify(src) by extension 'ros'
[0.519s] Level 1:colcon.colcon_core.package_identification:_identify(src) by extensions ['cmake', 'python']
[0.519s] Level 1:colcon.colcon_core.package_identification:_identify(src) by extension 'cmake'
[0.519s] Level 1:colcon.colcon_core.package_identification:_identify(src) by extension 'python'
[0.520s] Level 1:colcon.colcon_core.package_identification:_identify(src) by extensions ['python_setup_py']
[0.520s] Level 1:colcon.colcon_core.package_identification:_identify(src) by extension 'python_setup_py'
[0.520s] Level 1:colcon.colcon_core.package_identification:_identify(src/grasp_simulation) by extensions ['ignore', 'ignore_ament_install']
[0.520s] Level 1:colcon.colcon_core.package_identification:_identify(src/grasp_simulation) by extension 'ignore'
[0.520s] Level 1:colcon.colcon_core.package_identification:_identify(src/grasp_simulation) by extension 'ignore_ament_install'
[0.520s] Level 1:colcon.colcon_core.package_identification:_identify(src/grasp_simulation) by extensions ['colcon_pkg']
[0.520s] Level 1:colcon.colcon_core.package_identification:_identify(src/grasp_simulation) by extension 'colcon_pkg'
[0.520s] Level 1:colcon.colcon_core.package_identification:_identify(src/grasp_simulation) by extensions ['colcon_meta']
[0.520s] Level 1:colcon.colcon_core.package_identification:_identify(src/grasp_simulation) by extension 'colcon_meta'
[0.520s] Level 1:colcon.colcon_core.package_identification:_identify(src/grasp_simulation) by extensions ['ros']
[0.521s] Level 1:colcon.colcon_core.package_identification:_identify(src/grasp_simulation) by extension 'ros'
[0.527s] DEBUG:colcon.colcon_core.package_identification:Package 'src/grasp_simulation' with type 'ros.ament_cmake' and name 'grasp_simulation'
[0.527s] Level 1:colcon.colcon_core.package_identification:_identify(src/mujoco) by extensions ['ignore', 'ignore_ament_install']
[0.527s] Level 1:colcon.colcon_core.package_identification:_identify(src/mujoco) by extension 'ignore'
[0.528s] Level 1:colcon.colcon_core.package_identification:_identify(src/mujoco) by extension 'ignore_ament_install'
[0.528s] Level 1:colcon.colcon_core.package_identification:_identify(src/mujoco) by extensions ['colcon_pkg']
[0.528s] Level 1:colcon.colcon_core.package_identification:_identify(src/mujoco) by extension 'colcon_pkg'
[0.528s] Level 1:colcon.colcon_core.package_identification:_identify(src/mujoco) by extensions ['colcon_meta']
[0.528s] Level 1:colcon.colcon_core.package_identification:_identify(src/mujoco) by extension 'colcon_meta'
[0.528s] Level 1:colcon.colcon_core.package_identification:_identify(src/mujoco) by extensions ['ros']
[0.528s] Level 1:colcon.colcon_core.package_identification:_identify(src/mujoco) by extension 'ros'
[0.529s] Level 1:colcon.colcon_core.package_identification:_identify(src/mujoco) by extensions ['cmake', 'python']
[0.529s] Level 1:colcon.colcon_core.package_identification:_identify(src/mujoco) by extension 'cmake'
[1.186s] Level 1:colcon.colcon_core.package_identification:_identify(src/mujoco) by extension 'python'
[1.186s] DEBUG:colcon.colcon_core.package_identification:Package 'src/mujoco' with type 'cmake' and name 'mujoco'
[1.186s] Level 1:colcon.colcon_core.package_identification:_identify(src/mujoco_menagerie) by extensions ['ignore', 'ignore_ament_install']
[1.187s] Level 1:colcon.colcon_core.package_identification:_identify(src/mujoco_menagerie) by extension 'ignore'
[1.187s] Level 1:colcon.colcon_core.package_identification:_identify(src/mujoco_menagerie) by extension 'ignore_ament_install'
[1.187s] Level 1:colcon.colcon_core.package_identification:_identify(src/mujoco_menagerie) by extensions ['colcon_pkg']
[1.187s] Level 1:colcon.colcon_core.package_identification:_identify(src/mujoco_menagerie) by extension 'colcon_pkg'
[1.187s] Level 1:colcon.colcon_core.package_identification:_identify(src/mujoco_menagerie) by extensions ['colcon_meta']
[1.187s] Level 1:colcon.colcon_core.package_identification:_identify(src/mujoco_menagerie) by extension 'colcon_meta'
[1.187s] Level 1:colcon.colcon_core.package_identification:_identify(src/mujoco_menagerie) by extensions ['ros']
[1.187s] Level 1:colcon.colcon_core.package_identification:_identify(src/mujoco_menagerie) by extension 'ros'
[1.187s] Level 1:colcon.colcon_core.package_identification:_identify(src/mujoco_menagerie) by extensions ['cmake', 'python']
[1.187s] Level 1:colcon.colcon_core.package_identification:_identify(src/mujoco_menagerie) by extension 'cmake'
[1.188s] Level 1:colcon.colcon_core.package_identification:_identify(src/mujoco_menagerie) by extension 'python'
[1.188s] Level 1:colcon.colcon_core.package_identification:_identify(src/mujoco_menagerie) by extensions ['python_setup_py']
[1.188s] Level 1:colcon.colcon_core.package_identification:_identify(src/mujoco_menagerie) by extension 'python_setup_py'
[1.188s] Level 1:colcon.colcon_core.package_identification:_identify(src/mujoco_menagerie/agilex_piper) by extensions ['ignore', 'ignore_ament_install']
[1.188s] Level 1:colcon.colcon_core.package_identification:_identify(src/mujoco_menagerie/agilex_piper) by extension 'ignore'
[1.188s] Level 1:colcon.colcon_core.package_identification:_identify(src/mujoco_menagerie/agilex_piper) by extension 'ignore_ament_install'
[1.188s] Level 1:colcon.colcon_core.package_identification:_identify(src/mujoco_menagerie/agilex_piper) by extensions ['colcon_pkg']
[1.188s] Level 1:colcon.colcon_core.package_identification:_identify(src/mujoco_menagerie/agilex_piper) by extension 'colcon_pkg'
[1.188s] Level 1:colcon.colcon_core.package_identification:_identify(src/mujoco_menagerie/agilex_piper) by extensions ['colcon_meta']
[1.188s] Level 1:colcon.colcon_core.package_identification:_identify(src/mujoco_menagerie/agilex_piper) by extension 'colcon_meta'
[1.188s] Level 1:colcon.colcon_core.package_identification:_identify(src/mujoco_menagerie/agilex_piper) by extensions ['ros']
[1.189s] Level 1:colcon.colcon_core.package_identification:_identify(src/mujoco_menagerie/agilex_piper) by extension 'ros'
[1.189s] Level 1:colcon.colcon_core.package_identification:_identify(src/mujoco_menagerie/agilex_piper) by extensions ['cmake', 'python']
[1.189s] Level 1:colcon.colcon_core.package_identification:_identify(src/mujoco_menagerie/agilex_piper) by extension 'cmake'
[1.189s] Level 1:colcon.colcon_core.package_identification:_identify(src/mujoco_menagerie/agilex_piper) by extension 'python'
[1.189s] Level 1:colcon.colcon_core.package_identification:_identify(src/mujoco_menagerie/agilex_piper) by extensions ['python_setup_py']
[1.189s] Level 1:colcon.colcon_core.package_identification:_identify(src/mujoco_menagerie/agilex_piper) by extension 'python_setup_py'
[1.189s] Level 1:colcon.colcon_core.package_identification:_identify(src/mujoco_menagerie/agilex_piper/assets) by extensions ['ignore', 'ignore_ament_install']
[1.189s] Level 1:colcon.colcon_core.package_identification:_identify(src/mujoco_menagerie/agilex_piper/assets) by extension 'ignore'
[1.190s] Level 1:colcon.colcon_core.package_identification:_identify(src/mujoco_menagerie/agilex_piper/assets) by extension 'ignore_ament_install'
[1.190s] Level 1:colcon.colcon_core.package_identification:_identify(src/mujoco_menagerie/agilex_piper/assets) by extensions ['colcon_pkg']
[1.190s] Level 1:colcon.colcon_core.package_identification:_identify(src/mujoco_menagerie/agilex_piper/assets) by extension 'colcon_pkg'
[1.190s] Level 1:colcon.colcon_core.package_identification:_identify(src/mujoco_menagerie/agilex_piper/assets) by extensions ['colcon_meta']
[1.190s] Level 1:colcon.colcon_core.package_identification:_identify(src/mujoco_menagerie/agilex_piper/assets) by extension 'colcon_meta'
[1.190s] Level 1:colcon.colcon_core.package_identification:_identify(src/mujoco_menagerie/agilex_piper/assets) by extensions ['ros']
[1.190s] Level 1:colcon.colcon_core.package_identification:_identify(src/mujoco_menagerie/agilex_piper/assets) by extension 'ros'
[1.190s] Level 1:colcon.colcon_core.package_identification:_identify(src/mujoco_menagerie/agilex_piper/assets) by extensions ['cmake', 'python']
[1.190s] Level 1:colcon.colcon_core.package_identification:_identify(src/mujoco_menagerie/agilex_piper/assets) by extension 'cmake'
[1.190s] Level 1:colcon.colcon_core.package_identification:_identify(src/mujoco_menagerie/agilex_piper/assets) by extension 'python'
[1.190s] Level 1:colcon.colcon_core.package_identification:_identify(src/mujoco_menagerie/agilex_piper/assets) by extensions ['python_setup_py']
[1.191s] Level 1:colcon.colcon_core.package_identification:_identify(src/mujoco_menagerie/agilex_piper/assets) by extension 'python_setup_py'
[1.191s] Level 1:colcon.colcon_core.package_identification:_identify(src/mujoco_menagerie/agility_cassie) by extensions ['ignore', 'ignore_ament_install']
[1.191s] Level 1:colcon.colcon_core.package_identification:_identify(src/mujoco_menagerie/agility_cassie) by extension 'ignore'
[1.191s] Level 1:colcon.colcon_core.package_identification:_identify(src/mujoco_menagerie/agility_cassie) by extension 'ignore_ament_install'
[1.191s] Level 1:colcon.colcon_core.package_identification:_identify(src/mujoco_menagerie/agility_cassie) by extensions ['colcon_pkg']
[1.191s] Level 1:colcon.colcon_core.package_identification:_identify(src/mujoco_menagerie/agility_cassie) by extension 'colcon_pkg'
[1.191s] Level 1:colcon.colcon_core.package_identification:_identify(src/mujoco_menagerie/agility_cassie) by extensions ['colcon_meta']
[1.191s] Level 1:colcon.colcon_core.package_identification:_identify(src/mujoco_menagerie/agility_cassie) by extension 'colcon_meta'
[1.191s] Level 1:colcon.colcon_core.package_identification:_identify(src/mujoco_menagerie/agility_cassie) by extensions ['ros']
[1.191s] Level 1:colcon.colcon_core.package_identification:_identify(src/mujoco_menagerie/agility_cassie) by extension 'ros'
[1.192s] Level 1:colcon.colcon_core.package_identification:_identify(src/mujoco_menagerie/agility_cassie) by extensions ['cmake', 'python']
[1.192s] Level 1:colcon.colcon_core.package_identification:_identify(src/mujoco_menagerie/agility_cassie) by extension 'cmake'
[1.192s] Level 1:colcon.colcon_core.package_identification:_identify(src/mujoco_menagerie/agility_cassie) by extension 'python'
[1.192s] Level 1:colcon.colcon_core.package_identification:_identify(src/mujoco_menagerie/agility_cassie) by extensions ['python_setup_py']
[1.192s] Level 1:colcon.colcon_core.package_identification:_identify(src/mujoco_menagerie/agility_cassie) by extension 'python_setup_py'
[1.192s] Level 1:colcon.colcon_core.package_identification:_identify(src/mujoco_menagerie/agility_cassie/assets) by extensions ['ignore', 'ignore_ament_install']
[1.192s] Level 1:colcon.colcon_core.package_identification:_identify(src/mujoco_menagerie/agility_cassie/assets) by extension 'ignore'
[1.192s] Level 1:colcon.colcon_core.package_identification:_identify(src/mujoco_menagerie/agility_cassie/assets) by extension 'ignore_ament_install'
[1.192s] Level 1:colcon.colcon_core.package_identification:_identify(src/mujoco_menagerie/agility_cassie/assets) by extensions ['colcon_pkg']
[1.192s] Level 1:colcon.colcon_core.package_identification:_identify(src/mujoco_menagerie/agility_cassie/assets) by extension 'colcon_pkg'
[1.192s] Level 1:colcon.colcon_core.package_identification:_identify(src/mujoco_menagerie/agility_cassie/assets) by extensions ['colcon_meta']
[1.193s] Level 1:colcon.colcon_core.package_identification:_identify(src/mujoco_menagerie/agility_cassie/assets) by extension 'colcon_meta'
[1.193s] Level 1:colcon.colcon_core.package_identification:_identify(src/mujoco_menagerie/agility_cassie/assets) by extensions ['ros']
[1.193s] Level 1:colcon.colcon_core.package_identification:_identify(src/mujoco_menagerie/agility_cassie/assets) by extension 'ros'
[1.193s] Level 1:colcon.colcon_core.package_identification:_identify(src/mujoco_menagerie/agility_cassie/assets) by extensions ['cmake', 'python']
[1.193s] Level 1:colcon.colcon_core.package_identification:_identify(src/mujoco_menagerie/agility_cassie/assets) by extension 'cmake'
[1.193s] Level 1:colcon.colcon_core.package_identification:_identify(src/mujoco_menagerie/agility_cassie/assets) by extension 'python'
[1.193s] Level 1:colcon.colcon_core.package_identification:_identify(src/mujoco_menagerie/agility_cassie/assets) by extensions ['python_setup_py']
[1.193s] Level 1:colcon.colcon_core.package_identification:_identify(src/mujoco_menagerie/agility_cassie/assets) by extension 'python_setup_py'
[1.193s] Level 1:colcon.colcon_core.package_identification:_identify(src/mujoco_menagerie/aloha) by extensions ['ignore', 'ignore_ament_install']
[1.193s] Level 1:colcon.colcon_core.package_identification:_identify(src/mujoco_menagerie/aloha) by extension 'ignore'
[1.194s] Level 1:colcon.colcon_core.package_identification:_identify(src/mujoco_menagerie/aloha) by extension 'ignore_ament_install'
[1.194s] Level 1:colcon.colcon_core.package_identification:_identify(src/mujoco_menagerie/aloha) by extensions ['colcon_pkg']
[1.194s] Level 1:colcon.colcon_core.package_identification:_identify(src/mujoco_menagerie/aloha) by extension 'colcon_pkg'
[1.194s] Level 1:colcon.colcon_core.package_identification:_identify(src/mujoco_menagerie/aloha) by extensions ['colcon_meta']
[1.194s] Level 1:colcon.colcon_core.package_identification:_identify(src/mujoco_menagerie/aloha) by extension 'colcon_meta'
[1.194s] Level 1:colcon.colcon_core.package_identification:_identify(src/mujoco_menagerie/aloha) by extensions ['ros']
[1.194s] Level 1:colcon.colcon_core.package_identification:_identify(src/mujoco_menagerie/aloha) by extension 'ros'
[1.194s] Level 1:colcon.colcon_core.package_identification:_identify(src/mujoco_menagerie/aloha) by extensions ['cmake', 'python']
[1.194s] Level 1:colcon.colcon_core.package_identification:_identify(src/mujoco_menagerie/aloha) by extension 'cmake'
[1.194s] Level 1:colcon.colcon_core.package_identification:_identify(src/mujoco_menagerie/aloha) by extension 'python'
[1.194s] Level 1:colcon.colcon_core.package_identification:_identify(src/mujoco_menagerie/aloha) by extensions ['python_setup_py']
[1.194s] Level 1:colcon.colcon_core.package_identification:_identify(src/mujoco_menagerie/aloha) by extension 'python_setup_py'
[1.195s] Level 1:colcon.colcon_core.package_identification:_identify(src/mujoco_menagerie/aloha/assets) by extensions ['ignore', 'ignore_ament_install']
[1.195s] Level 1:colcon.colcon_core.package_identification:_identify(src/mujoco_menagerie/aloha/assets) by extension 'ignore'
[1.195s] Level 1:colcon.colcon_core.package_identification:_identify(src/mujoco_menagerie/aloha/assets) by extension 'ignore_ament_install'
[1.195s] Level 1:colcon.colcon_core.package_identification:_identify(src/mujoco_menagerie/aloha/assets) by extensions ['colcon_pkg']
[1.195s] Level 1:colcon.colcon_core.package_identification:_identify(src/mujoco_menagerie/aloha/assets) by extension 'colcon_pkg'
[1.195s] Level 1:colcon.colcon_core.package_identification:_identify(src/mujoco_menagerie/aloha/assets) by extensions ['colcon_meta']
[1.195s] Level 1:colcon.colcon_core.package_identification:_identify(src/mujoco_menagerie/aloha/assets) by extension 'colcon_meta'
[1.195s] Level 1:colcon.colcon_core.package_identification:_identify(src/mujoco_menagerie/aloha/assets) by extensions ['ros']
[1.195s] Level 1:colcon.colcon_core.package_identification:_identify(src/mujoco_menagerie/aloha/assets) by extension 'ros'
[1.196s] Level 1:colcon.colcon_core.package_identification:_identify(src/mujoco_menagerie/aloha/assets) by extensions ['cmake', 'python']
[1.196s] Level 1:colcon.colcon_core.package_identification:_identify(src/mujoco_menagerie/aloha/assets) by extension 'cmake'
[1.196s] Level 1:colcon.colcon_core.package_identification:_identify(src/mujoco_menagerie/aloha/assets) by extension 'python'
[1.196s] Level 1:colcon.colcon_core.package_identification:_identify(src/mujoco_menagerie/aloha/assets) by extensions ['python_setup_py']
[1.196s] Level 1:colcon.colcon_core.package_identification:_identify(src/mujoco_menagerie/aloha/assets) by extension 'python_setup_py'
[1.196s] Level 1:colcon.colcon_core.package_identification:_identify(src/mujoco_menagerie/anybotics_anymal_b) by extensions ['ignore', 'ignore_ament_install']
[1.196s] Level 1:colcon.colcon_core.package_identification:_identify(src/mujoco_menagerie/anybotics_anymal_b) by extension 'ignore'
[1.196s] Level 1:colcon.colcon_core.package_identification:_identify(src/mujoco_menagerie/anybotics_anymal_b) by extension 'ignore_ament_install'
[1.196s] Level 1:colcon.colcon_core.package_identification:_identify(src/mujoco_menagerie/anybotics_anymal_b) by extensions ['colcon_pkg']
[1.196s] Level 1:colcon.colcon_core.package_identification:_identify(src/mujoco_menagerie/anybotics_anymal_b) by extension 'colcon_pkg'
[1.196s] Level 1:colcon.colcon_core.package_identification:_identify(src/mujoco_menagerie/anybotics_anymal_b) by extensions ['colcon_meta']
[1.196s] Level 1:colcon.colcon_core.package_identification:_identify(src/mujoco_menagerie/anybotics_anymal_b) by extension 'colcon_meta'
[1.197s] Level 1:colcon.colcon_core.package_identification:_identify(src/mujoco_menagerie/anybotics_anymal_b) by extensions ['ros']
[1.197s] Level 1:colcon.colcon_core.package_identification:_identify(src/mujoco_menagerie/anybotics_anymal_b) by extension 'ros'
[1.197s] Level 1:colcon.colcon_core.package_identification:_identify(src/mujoco_menagerie/anybotics_anymal_b) by extensions ['cmake', 'python']
[1.197s] Level 1:colcon.colcon_core.package_identification:_identify(src/mujoco_menagerie/anybotics_anymal_b) by extension 'cmake'
[1.197s] Level 1:colcon.colcon_core.package_identification:_identify(src/mujoco_menagerie/anybotics_anymal_b) by extension 'python'
[1.197s] Level 1:colcon.colcon_core.package_identification:_identify(src/mujoco_menagerie/anybotics_anymal_b) by extensions ['python_setup_py']
[1.197s] Level 1:colcon.colcon_core.package_identification:_identify(src/mujoco_menagerie/anybotics_anymal_b) by extension 'python_setup_py'
[1.197s] Level 1:colcon.colcon_core.package_identification:_identify(src/mujoco_menagerie/anybotics_anymal_b/assets) by extensions ['ignore', 'ignore_ament_install']
[1.198s] Level 1:colcon.colcon_core.package_identification:_identify(src/mujoco_menagerie/anybotics_anymal_b/assets) by extension 'ignore'
[1.198s] Level 1:colcon.colcon_core.package_identification:_identify(src/mujoco_menagerie/anybotics_anymal_b/assets) by extension 'ignore_ament_install'
[1.198s] Level 1:colcon.colcon_core.package_identification:_identify(src/mujoco_menagerie/anybotics_anymal_b/assets) by extensions ['colcon_pkg']
[1.198s] Level 1:colcon.colcon_core.package_identification:_identify(src/mujoco_menagerie/anybotics_anymal_b/assets) by extension 'colcon_pkg'
[1.198s] Level 1:colcon.colcon_core.package_identification:_identify(src/mujoco_menagerie/anybotics_anymal_b/assets) by extensions ['colcon_meta']
[1.198s] Level 1:colcon.colcon_core.package_identification:_identify(src/mujoco_menagerie/anybotics_anymal_b/assets) by extension 'colcon_meta'
[1.198s] Level 1:colcon.colcon_core.package_identification:_identify(src/mujoco_menagerie/anybotics_anymal_b/assets) by extensions ['ros']
[1.198s] Level 1:colcon.colcon_core.package_identification:_identify(src/mujoco_menagerie/anybotics_anymal_b/assets) by extension 'ros'
[1.198s] Level 1:colcon.colcon_core.package_identification:_identify(src/mujoco_menagerie/anybotics_anymal_b/assets) by extensions ['cmake', 'python']
[1.198s] Level 1:colcon.colcon_core.package_identification:_identify(src/mujoco_menagerie/anybotics_anymal_b/assets) by extension 'cmake'
[1.198s] Level 1:colcon.colcon_core.package_identification:_identify(src/mujoco_menagerie/anybotics_anymal_b/assets) by extension 'python'
[1.198s] Level 1:colcon.colcon_core.package_identification:_identify(src/mujoco_menagerie/anybotics_anymal_b/assets) by extensions ['python_setup_py']
[1.198s] Level 1:colcon.colcon_core.package_identification:_identify(src/mujoco_menagerie/anybotics_anymal_b/assets) by extension 'python_setup_py'
[1.199s] Level 1:colcon.colcon_core.package_identification:_identify(src/mujoco_menagerie/anybotics_anymal_c) by extensions ['ignore', 'ignore_ament_install']
[1.199s] Level 1:colcon.colcon_core.package_identification:_identify(src/mujoco_menagerie/anybotics_anymal_c) by extension 'ignore'
[1.199s] Level 1:colcon.colcon_core.package_identification:_identify(src/mujoco_menagerie/anybotics_anymal_c) by extension 'ignore_ament_install'
[1.199s] Level 1:colcon.colcon_core.package_identification:_identify(src/mujoco_menagerie/anybotics_anymal_c) by extensions ['colcon_pkg']
[1.199s] Level 1:colcon.colcon_core.package_identification:_identify(src/mujoco_menagerie/anybotics_anymal_c) by extension 'colcon_pkg'
[1.199s] Level 1:colcon.colcon_core.package_identification:_identify(src/mujoco_menagerie/anybotics_anymal_c) by extensions ['colcon_meta']
[1.199s] Level 1:colcon.colcon_core.package_identification:_identify(src/mujoco_menagerie/anybotics_anymal_c) by extension 'colcon_meta'
[1.199s] Level 1:colcon.colcon_core.package_identification:_identify(src/mujoco_menagerie/anybotics_anymal_c) by extensions ['ros']
[1.200s] Level 1:colcon.colcon_core.package_identification:_identify(src/mujoco_menagerie/anybotics_anymal_c) by extension 'ros'
[1.200s] Level 1:colcon.colcon_core.package_identification:_identify(src/mujoco_menagerie/anybotics_anymal_c) by extensions ['cmake', 'python']
[1.200s] Level 1:colcon.colcon_core.package_identification:_identify(src/mujoco_menagerie/anybotics_anymal_c) by extension 'cmake'
[1.200s] Level 1:colcon.colcon_core.package_identification:_identify(src/mujoco_menagerie/anybotics_anymal_c) by extension 'python'
[1.200s] Level 1:colcon.colcon_core.package_identification:_identify(src/mujoco_menagerie/anybotics_anymal_c) by extensions ['python_setup_py']
[1.200s] Level 1:colcon.colcon_core.package_identification:_identify(src/mujoco_menagerie/anybotics_anymal_c) by extension 'python_setup_py'
[1.200s] Level 1:colcon.colcon_core.package_identification:_identify(src/mujoco_menagerie/anybotics_anymal_c/assets) by extensions ['ignore', 'ignore_ament_install']
[1.201s] Level 1:colcon.colcon_core.package_identification:_identify(src/mujoco_menagerie/anybotics_anymal_c/assets) by extension 'ignore'
[1.201s] Level 1:colcon.colcon_core.package_identification:_identify(src/mujoco_menagerie/anybotics_anymal_c/assets) by extension 'ignore_ament_install'
[1.201s] Level 1:colcon.colcon_core.package_identification:_identify(src/mujoco_menagerie/anybotics_anymal_c/assets) by extensions ['colcon_pkg']
[1.201s] Level 1:colcon.colcon_core.package_identification:_identify(src/mujoco_menagerie/anybotics_anymal_c/assets) by extension 'colcon_pkg'
[1.201s] Level 1:colcon.colcon_core.package_identification:_identify(src/mujoco_menagerie/anybotics_anymal_c/assets) by extensions ['colcon_meta']
[1.201s] Level 1:colcon.colcon_core.package_identification:_identify(src/mujoco_menagerie/anybotics_anymal_c/assets) by extension 'colcon_meta'
[1.201s] Level 1:colcon.colcon_core.package_identification:_identify(src/mujoco_menagerie/anybotics_anymal_c/assets) by extensions ['ros']
[1.201s] Level 1:colcon.colcon_core.package_identification:_identify(src/mujoco_menagerie/anybotics_anymal_c/assets) by extension 'ros'
[1.201s] Level 1:colcon.colcon_core.package_identification:_identify(src/mujoco_menagerie/anybotics_anymal_c/assets) by extensions ['cmake', 'python']
[1.201s] Level 1:colcon.colcon_core.package_identification:_identify(src/mujoco_menagerie/anybotics_anymal_c/assets) by extension 'cmake'
[1.201s] Level 1:colcon.colcon_core.package_identification:_identify(src/mujoco_menagerie/anybotics_anymal_c/assets) by extension 'python'
[1.201s] Level 1:colcon.colcon_core.package_identification:_identify(src/mujoco_menagerie/anybotics_anymal_c/assets) by extensions ['python_setup_py']
[1.201s] Level 1:colcon.colcon_core.package_identification:_identify(src/mujoco_menagerie/anybotics_anymal_c/assets) by extension 'python_setup_py'
[1.202s] Level 1:colcon.colcon_core.package_identification:_identify(src/mujoco_menagerie/apptronik_apollo) by extensions ['ignore', 'ignore_ament_install']
[1.202s] Level 1:colcon.colcon_core.package_identification:_identify(src/mujoco_menagerie/apptronik_apollo) by extension 'ignore'
[1.202s] Level 1:colcon.colcon_core.package_identification:_identify(src/mujoco_menagerie/apptronik_apollo) by extension 'ignore_ament_install'
[1.202s] Level 1:colcon.colcon_core.package_identification:_identify(src/mujoco_menagerie/apptronik_apollo) by extensions ['colcon_pkg']
[1.202s] Level 1:colcon.colcon_core.package_identification:_identify(src/mujoco_menagerie/apptronik_apollo) by extension 'colcon_pkg'
[1.202s] Level 1:colcon.colcon_core.package_identification:_identify(src/mujoco_menagerie/apptronik_apollo) by extensions ['colcon_meta']
[1.202s] Level 1:colcon.colcon_core.package_identification:_identify(src/mujoco_menagerie/apptronik_apollo) by extension 'colcon_meta'
[1.202s] Level 1:colcon.colcon_core.package_identification:_identify(src/mujoco_menagerie/apptronik_apollo) by extensions ['ros']
[1.202s] Level 1:colcon.colcon_core.package_identification:_identify(src/mujoco_menagerie/apptronik_apollo) by extension 'ros'
[1.203s] Level 1:colcon.colcon_core.package_identification:_identify(src/mujoco_menagerie/apptronik_apollo) by extensions ['cmake', 'python']
[1.203s] Level 1:colcon.colcon_core.package_identification:_identify(src/mujoco_menagerie/apptronik_apollo) by extension 'cmake'
[1.203s] Level 1:colcon.colcon_core.package_identification:_identify(src/mujoco_menagerie/apptronik_apollo) by extension 'python'
[1.203s] Level 1:colcon.colcon_core.package_identification:_identify(src/mujoco_menagerie/apptronik_apollo) by extensions ['python_setup_py']
[1.203s] Level 1:colcon.colcon_core.package_identification:_identify(src/mujoco_menagerie/apptronik_apollo) by extension 'python_setup_py'
[1.203s] Level 1:colcon.colcon_core.package_identification:_identify(src/mujoco_menagerie/apptronik_apollo/assets) by extensions ['ignore', 'ignore_ament_install']
[1.203s] Level 1:colcon.colcon_core.package_identification:_identify(src/mujoco_menagerie/apptronik_apollo/assets) by extension 'ignore'
[1.203s] Level 1:colcon.colcon_core.package_identification:_identify(src/mujoco_menagerie/apptronik_apollo/assets) by extension 'ignore_ament_install'
[1.204s] Level 1:colcon.colcon_core.package_identification:_identify(src/mujoco_menagerie/apptronik_apollo/assets) by extensions ['colcon_pkg']
[1.204s] Level 1:colcon.colcon_core.package_identification:_identify(src/mujoco_menagerie/apptronik_apollo/assets) by extension 'colcon_pkg'
[1.204s] Level 1:colcon.colcon_core.package_identification:_identify(src/mujoco_menagerie/apptronik_apollo/assets) by extensions ['colcon_meta']
[1.204s] Level 1:colcon.colcon_core.package_identification:_identify(src/mujoco_menagerie/apptronik_apollo/assets) by extension 'colcon_meta'
[1.204s] Level 1:colcon.colcon_core.package_identification:_identify(src/mujoco_menagerie/apptronik_apollo/assets) by extensions ['ros']
[1.204s] Level 1:colcon.colcon_core.package_identification:_identify(src/mujoco_menagerie/apptronik_apollo/assets) by extension 'ros'
[1.204s] Level 1:colcon.colcon_core.package_identification:_identify(src/mujoco_menagerie/apptronik_apollo/assets) by extensions ['cmake', 'python']
[1.204s] Level 1:colcon.colcon_core.package_identification:_identify(src/mujoco_menagerie/apptronik_apollo/assets) by extension 'cmake'
[1.204s] Level 1:colcon.colcon_core.package_identification:_identify(src/mujoco_menagerie/apptronik_apollo/assets) by extension 'python'
[1.204s] Level 1:colcon.colcon_core.package_identification:_identify(src/mujoco_menagerie/apptronik_apollo/assets) by extensions ['python_setup_py']
[1.204s] Level 1:colcon.colcon_core.package_identification:_identify(src/mujoco_menagerie/apptronik_apollo/assets) by extension 'python_setup_py'
[1.205s] Level 1:colcon.colcon_core.package_identification:_identify(src/mujoco_menagerie/apptronik_apollo/assets/ability_hand) by extensions ['ignore', 'ignore_ament_install']
[1.205s] Level 1:colcon.colcon_core.package_identification:_identify(src/mujoco_menagerie/apptronik_apollo/assets/ability_hand) by extension 'ignore'
[1.205s] Level 1:colcon.colcon_core.package_identification:_identify(src/mujoco_menagerie/apptronik_apollo/assets/ability_hand) by extension 'ignore_ament_install'
[1.205s] Level 1:colcon.colcon_core.package_identification:_identify(src/mujoco_menagerie/apptronik_apollo/assets/ability_hand) by extensions ['colcon_pkg']
[1.205s] Level 1:colcon.colcon_core.package_identification:_identify(src/mujoco_menagerie/apptronik_apollo/assets/ability_hand) by extension 'colcon_pkg'
[1.205s] Level 1:colcon.colcon_core.package_identification:_identify(src/mujoco_menagerie/apptronik_apollo/assets/ability_hand) by extensions ['colcon_meta']
[1.205s] Level 1:colcon.colcon_core.package_identification:_identify(src/mujoco_menagerie/apptronik_apollo/assets/ability_hand) by extension 'colcon_meta'
[1.205s] Level 1:colcon.colcon_core.package_identification:_identify(src/mujoco_menagerie/apptronik_apollo/assets/ability_hand) by extensions ['ros']
[1.206s] Level 1:colcon.colcon_core.package_identification:_identify(src/mujoco_menagerie/apptronik_apollo/assets/ability_hand) by extension 'ros'
[1.206s] Level 1:colcon.colcon_core.package_identification:_identify(src/mujoco_menagerie/apptronik_apollo/assets/ability_hand) by extensions ['cmake', 'python']
[1.206s] Level 1:colcon.colcon_core.package_identification:_identify(src/mujoco_menagerie/apptronik_apollo/assets/ability_hand) by extension 'cmake'
[1.206s] Level 1:colcon.colcon_core.package_identification:_identify(src/mujoco_menagerie/apptronik_apollo/assets/ability_hand) by extension 'python'
[1.206s] Level 1:colcon.colcon_core.package_identification:_identify(src/mujoco_menagerie/apptronik_apollo/assets/ability_hand) by extensions ['python_setup_py']
[1.206s] Level 1:colcon.colcon_core.package_identification:_identify(src/mujoco_menagerie/apptronik_apollo/assets/ability_hand) by extension 'python_setup_py'
[1.206s] Level 1:colcon.colcon_core.package_identification:_identify(src/mujoco_menagerie/arx_l5) by extensions ['ignore', 'ignore_ament_install']
[1.206s] Level 1:colcon.colcon_core.package_identification:_identify(src/mujoco_menagerie/arx_l5) by extension 'ignore'
[1.207s] Level 1:colcon.colcon_core.package_identification:_identify(src/mujoco_menagerie/arx_l5) by extension 'ignore_ament_install'
[1.207s] Level 1:colcon.colcon_core.package_identification:_identify(src/mujoco_menagerie/arx_l5) by extensions ['colcon_pkg']
[1.207s] Level 1:colcon.colcon_core.package_identification:_identify(src/mujoco_menagerie/arx_l5) by extension 'colcon_pkg'
[1.207s] Level 1:colcon.colcon_core.package_identification:_identify(src/mujoco_menagerie/arx_l5) by extensions ['colcon_meta']
[1.207s] Level 1:colcon.colcon_core.package_identification:_identify(src/mujoco_menagerie/arx_l5) by extension 'colcon_meta'
[1.207s] Level 1:colcon.colcon_core.package_identification:_identify(src/mujoco_menagerie/arx_l5) by extensions ['ros']
[1.207s] Level 1:colcon.colcon_core.package_identification:_identify(src/mujoco_menagerie/arx_l5) by extension 'ros'
[1.207s] Level 1:colcon.colcon_core.package_identification:_identify(src/mujoco_menagerie/arx_l5) by extensions ['cmake', 'python']
[1.207s] Level 1:colcon.colcon_core.package_identification:_identify(src/mujoco_menagerie/arx_l5) by extension 'cmake'
[1.207s] Level 1:colcon.colcon_core.package_identification:_identify(src/mujoco_menagerie/arx_l5) by extension 'python'
[1.207s] Level 1:colcon.colcon_core.package_identification:_identify(src/mujoco_menagerie/arx_l5) by extensions ['python_setup_py']
[1.208s] Level 1:colcon.colcon_core.package_identification:_identify(src/mujoco_menagerie/arx_l5) by extension 'python_setup_py'
[1.208s] Level 1:colcon.colcon_core.package_identification:_identify(src/mujoco_menagerie/arx_l5/assets) by extensions ['ignore', 'ignore_ament_install']
[1.208s] Level 1:colcon.colcon_core.package_identification:_identify(src/mujoco_menagerie/arx_l5/assets) by extension 'ignore'
[1.208s] Level 1:colcon.colcon_core.package_identification:_identify(src/mujoco_menagerie/arx_l5/assets) by extension 'ignore_ament_install'
[1.208s] Level 1:colcon.colcon_core.package_identification:_identify(src/mujoco_menagerie/arx_l5/assets) by extensions ['colcon_pkg']
[1.208s] Level 1:colcon.colcon_core.package_identification:_identify(src/mujoco_menagerie/arx_l5/assets) by extension 'colcon_pkg'
[1.208s] Level 1:colcon.colcon_core.package_identification:_identify(src/mujoco_menagerie/arx_l5/assets) by extensions ['colcon_meta']
[1.208s] Level 1:colcon.colcon_core.package_identification:_identify(src/mujoco_menagerie/arx_l5/assets) by extension 'colcon_meta'
[1.208s] Level 1:colcon.colcon_core.package_identification:_identify(src/mujoco_menagerie/arx_l5/assets) by extensions ['ros']
[1.209s] Level 1:colcon.colcon_core.package_identification:_identify(src/mujoco_menagerie/arx_l5/assets) by extension 'ros'
[1.209s] Level 1:colcon.colcon_core.package_identification:_identify(src/mujoco_menagerie/arx_l5/assets) by extensions ['cmake', 'python']
[1.209s] Level 1:colcon.colcon_core.package_identification:_identify(src/mujoco_menagerie/arx_l5/assets) by extension 'cmake'
[1.209s] Level 1:colcon.colcon_core.package_identification:_identify(src/mujoco_menagerie/arx_l5/assets) by extension 'python'
[1.209s] Level 1:colcon.colcon_core.package_identification:_identify(src/mujoco_menagerie/arx_l5/assets) by extensions ['python_setup_py']
[1.209s] Level 1:colcon.colcon_core.package_identification:_identify(src/mujoco_menagerie/arx_l5/assets) by extension 'python_setup_py'
[1.209s] Level 1:colcon.colcon_core.package_identification:_identify(src/mujoco_menagerie/assets) by extensions ['ignore', 'ignore_ament_install']
[1.209s] Level 1:colcon.colcon_core.package_identification:_identify(src/mujoco_menagerie/assets) by extension 'ignore'
[1.210s] Level 1:colcon.colcon_core.package_identification:_identify(src/mujoco_menagerie/assets) by extension 'ignore_ament_install'
[1.210s] Level 1:colcon.colcon_core.package_identification:_identify(src/mujoco_menagerie/assets) by extensions ['colcon_pkg']
[1.210s] Level 1:colcon.colcon_core.package_identification:_identify(src/mujoco_menagerie/assets) by extension 'colcon_pkg'
[1.210s] Level 1:colcon.colcon_core.package_identification:_identify(src/mujoco_menagerie/assets) by extensions ['colcon_meta']
[1.210s] Level 1:colcon.colcon_core.package_identification:_identify(src/mujoco_menagerie/assets) by extension 'colcon_meta'
[1.210s] Level 1:colcon.colcon_core.package_identification:_identify(src/mujoco_menagerie/assets) by extensions ['ros']
[1.210s] Level 1:colcon.colcon_core.package_identification:_identify(src/mujoco_menagerie/assets) by extension 'ros'
[1.210s] Level 1:colcon.colcon_core.package_identification:_identify(src/mujoco_menagerie/assets) by extensions ['cmake', 'python']
[1.210s] Level 1:colcon.colcon_core.package_identification:_identify(src/mujoco_menagerie/assets) by extension 'cmake'
[1.210s] Level 1:colcon.colcon_core.package_identification:_identify(src/mujoco_menagerie/assets) by extension 'python'
[1.210s] Level 1:colcon.colcon_core.package_identification:_identify(src/mujoco_menagerie/assets) by extensions ['python_setup_py']
[1.210s] Level 1:colcon.colcon_core.package_identification:_identify(src/mujoco_menagerie/assets) by extension 'python_setup_py'
[1.211s] Level 1:colcon.colcon_core.package_identification:_identify(src/mujoco_menagerie/berkeley_humanoid) by extensions ['ignore', 'ignore_ament_install']
[1.211s] Level 1:colcon.colcon_core.package_identification:_identify(src/mujoco_menagerie/berkeley_humanoid) by extension 'ignore'
[1.211s] Level 1:colcon.colcon_core.package_identification:_identify(src/mujoco_menagerie/berkeley_humanoid) by extension 'ignore_ament_install'
[1.211s] Level 1:colcon.colcon_core.package_identification:_identify(src/mujoco_menagerie/berkeley_humanoid) by extensions ['colcon_pkg']
[1.211s] Level 1:colcon.colcon_core.package_identification:_identify(src/mujoco_menagerie/berkeley_humanoid) by extension 'colcon_pkg'
[1.211s] Level 1:colcon.colcon_core.package_identification:_identify(src/mujoco_menagerie/berkeley_humanoid) by extensions ['colcon_meta']
[1.211s] Level 1:colcon.colcon_core.package_identification:_identify(src/mujoco_menagerie/berkeley_humanoid) by extension 'colcon_meta'
[1.211s] Level 1:colcon.colcon_core.package_identification:_identify(src/mujoco_menagerie/berkeley_humanoid) by extensions ['ros']
[1.211s] Level 1:colcon.colcon_core.package_identification:_identify(src/mujoco_menagerie/berkeley_humanoid) by extension 'ros'
[1.212s] Level 1:colcon.colcon_core.package_identification:_identify(src/mujoco_menagerie/berkeley_humanoid) by extensions ['cmake', 'python']
[1.212s] Level 1:colcon.colcon_core.package_identification:_identify(src/mujoco_menagerie/berkeley_humanoid) by extension 'cmake'
[1.212s] Level 1:colcon.colcon_core.package_identification:_identify(src/mujoco_menagerie/berkeley_humanoid) by extension 'python'
[1.212s] Level 1:colcon.colcon_core.package_identification:_identify(src/mujoco_menagerie/berkeley_humanoid) by extensions ['python_setup_py']
[1.212s] Level 1:colcon.colcon_core.package_identification:_identify(src/mujoco_menagerie/berkeley_humanoid) by extension 'python_setup_py'
[1.212s] Level 1:colcon.colcon_core.package_identification:_identify(src/mujoco_menagerie/berkeley_humanoid/assets) by extensions ['ignore', 'ignore_ament_install']
[1.212s] Level 1:colcon.colcon_core.package_identification:_identify(src/mujoco_menagerie/berkeley_humanoid/assets) by extension 'ignore'
[1.212s] Level 1:colcon.colcon_core.package_identification:_identify(src/mujoco_menagerie/berkeley_humanoid/assets) by extension 'ignore_ament_install'
[1.212s] Level 1:colcon.colcon_core.package_identification:_identify(src/mujoco_menagerie/berkeley_humanoid/assets) by extensions ['colcon_pkg']
[1.213s] Level 1:colcon.colcon_core.package_identification:_identify(src/mujoco_menagerie/berkeley_humanoid/assets) by extension 'colcon_pkg'
[1.213s] Level 1:colcon.colcon_core.package_identification:_identify(src/mujoco_menagerie/berkeley_humanoid/assets) by extensions ['colcon_meta']
[1.213s] Level 1:colcon.colcon_core.package_identification:_identify(src/mujoco_menagerie/berkeley_humanoid/assets) by extension 'colcon_meta'
[1.213s] Level 1:colcon.colcon_core.package_identification:_identify(src/mujoco_menagerie/berkeley_humanoid/assets) by extensions ['ros']
[1.213s] Level 1:colcon.colcon_core.package_identification:_identify(src/mujoco_menagerie/berkeley_humanoid/assets) by extension 'ros'
[1.213s] Level 1:colcon.colcon_core.package_identification:_identify(src/mujoco_menagerie/berkeley_humanoid/assets) by extensions ['cmake', 'python']
[1.213s] Level 1:colcon.colcon_core.package_identification:_identify(src/mujoco_menagerie/berkeley_humanoid/assets) by extension 'cmake'
[1.213s] Level 1:colcon.colcon_core.package_identification:_identify(src/mujoco_menagerie/berkeley_humanoid/assets) by extension 'python'
[1.213s] Level 1:colcon.colcon_core.package_identification:_identify(src/mujoco_menagerie/berkeley_humanoid/assets) by extensions ['python_setup_py']
[1.213s] Level 1:colcon.colcon_core.package_identification:_identify(src/mujoco_menagerie/berkeley_humanoid/assets) by extension 'python_setup_py'
[1.214s] Level 1:colcon.colcon_core.package_identification:_identify(src/mujoco_menagerie/bitcraze_crazyflie_2) by extensions ['ignore', 'ignore_ament_install']
[1.214s] Level 1:colcon.colcon_core.package_identification:_identify(src/mujoco_menagerie/bitcraze_crazyflie_2) by extension 'ignore'
[1.214s] Level 1:colcon.colcon_core.package_identification:_identify(src/mujoco_menagerie/bitcraze_crazyflie_2) by extension 'ignore_ament_install'
[1.214s] Level 1:colcon.colcon_core.package_identification:_identify(src/mujoco_menagerie/bitcraze_crazyflie_2) by extensions ['colcon_pkg']
[1.214s] Level 1:colcon.colcon_core.package_identification:_identify(src/mujoco_menagerie/bitcraze_crazyflie_2) by extension 'colcon_pkg'
[1.214s] Level 1:colcon.colcon_core.package_identification:_identify(src/mujoco_menagerie/bitcraze_crazyflie_2) by extensions ['colcon_meta']
[1.214s] Level 1:colcon.colcon_core.package_identification:_identify(src/mujoco_menagerie/bitcraze_crazyflie_2) by extension 'colcon_meta'
[1.214s] Level 1:colcon.colcon_core.package_identification:_identify(src/mujoco_menagerie/bitcraze_crazyflie_2) by extensions ['ros']
[1.214s] Level 1:colcon.colcon_core.package_identification:_identify(src/mujoco_menagerie/bitcraze_crazyflie_2) by extension 'ros'
[1.214s] Level 1:colcon.colcon_core.package_identification:_identify(src/mujoco_menagerie/bitcraze_crazyflie_2) by extensions ['cmake', 'python']
[1.214s] Level 1:colcon.colcon_core.package_identification:_identify(src/mujoco_menagerie/bitcraze_crazyflie_2) by extension 'cmake'
[1.215s] Level 1:colcon.colcon_core.package_identification:_identify(src/mujoco_menagerie/bitcraze_crazyflie_2) by extension 'python'
[1.215s] Level 1:colcon.colcon_core.package_identification:_identify(src/mujoco_menagerie/bitcraze_crazyflie_2) by extensions ['python_setup_py']
[1.215s] Level 1:colcon.colcon_core.package_identification:_identify(src/mujoco_menagerie/bitcraze_crazyflie_2) by extension 'python_setup_py'
[1.215s] Level 1:colcon.colcon_core.package_identification:_identify(src/mujoco_menagerie/bitcraze_crazyflie_2/assets) by extensions ['ignore', 'ignore_ament_install']
[1.215s] Level 1:colcon.colcon_core.package_identification:_identify(src/mujoco_menagerie/bitcraze_crazyflie_2/assets) by extension 'ignore'
[1.215s] Level 1:colcon.colcon_core.package_identification:_identify(src/mujoco_menagerie/bitcraze_crazyflie_2/assets) by extension 'ignore_ament_install'
[1.215s] Level 1:colcon.colcon_core.package_identification:_identify(src/mujoco_menagerie/bitcraze_crazyflie_2/assets) by extensions ['colcon_pkg']
[1.216s] Level 1:colcon.colcon_core.package_identification:_identify(src/mujoco_menagerie/bitcraze_crazyflie_2/assets) by extension 'colcon_pkg'
[1.216s] Level 1:colcon.colcon_core.package_identification:_identify(src/mujoco_menagerie/bitcraze_crazyflie_2/assets) by extensions ['colcon_meta']
[1.216s] Level 1:colcon.colcon_core.package_identification:_identify(src/mujoco_menagerie/bitcraze_crazyflie_2/assets) by extension 'colcon_meta'
[1.216s] Level 1:colcon.colcon_core.package_identification:_identify(src/mujoco_menagerie/bitcraze_crazyflie_2/assets) by extensions ['ros']
[1.216s] Level 1:colcon.colcon_core.package_identification:_identify(src/mujoco_menagerie/bitcraze_crazyflie_2/assets) by extension 'ros'
[1.216s] Level 1:colcon.colcon_core.package_identification:_identify(src/mujoco_menagerie/bitcraze_crazyflie_2/assets) by extensions ['cmake', 'python']
[1.216s] Level 1:colcon.colcon_core.package_identification:_identify(src/mujoco_menagerie/bitcraze_crazyflie_2/assets) by extension 'cmake'
[1.216s] Level 1:colcon.colcon_core.package_identification:_identify(src/mujoco_menagerie/bitcraze_crazyflie_2/assets) by extension 'python'
[1.216s] Level 1:colcon.colcon_core.package_identification:_identify(src/mujoco_menagerie/bitcraze_crazyflie_2/assets) by extensions ['python_setup_py']
[1.216s] Level 1:colcon.colcon_core.package_identification:_identify(src/mujoco_menagerie/bitcraze_crazyflie_2/assets) by extension 'python_setup_py'
[1.217s] Level 1:colcon.colcon_core.package_identification:_identify(src/mujoco_menagerie/booster_t1) by extensions ['ignore', 'ignore_ament_install']
[1.217s] Level 1:colcon.colcon_core.package_identification:_identify(src/mujoco_menagerie/booster_t1) by extension 'ignore'
[1.217s] Level 1:colcon.colcon_core.package_identification:_identify(src/mujoco_menagerie/booster_t1) by extension 'ignore_ament_install'
[1.217s] Level 1:colcon.colcon_core.package_identification:_identify(src/mujoco_menagerie/booster_t1) by extensions ['colcon_pkg']
[1.217s] Level 1:colcon.colcon_core.package_identification:_identify(src/mujoco_menagerie/booster_t1) by extension 'colcon_pkg'
[1.217s] Level 1:colcon.colcon_core.package_identification:_identify(src/mujoco_menagerie/booster_t1) by extensions ['colcon_meta']
[1.217s] Level 1:colcon.colcon_core.package_identification:_identify(src/mujoco_menagerie/booster_t1) by extension 'colcon_meta'
[1.217s] Level 1:colcon.colcon_core.package_identification:_identify(src/mujoco_menagerie/booster_t1) by extensions ['ros']
[1.218s] Level 1:colcon.colcon_core.package_identification:_identify(src/mujoco_menagerie/booster_t1) by extension 'ros'
[1.218s] Level 1:colcon.colcon_core.package_identification:_identify(src/mujoco_menagerie/booster_t1) by extensions ['cmake', 'python']
[1.218s] Level 1:colcon.colcon_core.package_identification:_identify(src/mujoco_menagerie/booster_t1) by extension 'cmake'
[1.218s] Level 1:colcon.colcon_core.package_identification:_identify(src/mujoco_menagerie/booster_t1) by extension 'python'
[1.218s] Level 1:colcon.colcon_core.package_identification:_identify(src/mujoco_menagerie/booster_t1) by extensions ['python_setup_py']
[1.218s] Level 1:colcon.colcon_core.package_identification:_identify(src/mujoco_menagerie/booster_t1) by extension 'python_setup_py'
[1.218s] Level 1:colcon.colcon_core.package_identification:_identify(src/mujoco_menagerie/booster_t1/assets) by extensions ['ignore', 'ignore_ament_install']
[1.218s] Level 1:colcon.colcon_core.package_identification:_identify(src/mujoco_menagerie/booster_t1/assets) by extension 'ignore'
[1.219s] Level 1:colcon.colcon_core.package_identification:_identify(src/mujoco_menagerie/booster_t1/assets) by extension 'ignore_ament_install'
[1.219s] Level 1:colcon.colcon_core.package_identification:_identify(src/mujoco_menagerie/booster_t1/assets) by extensions ['colcon_pkg']
[1.219s] Level 1:colcon.colcon_core.package_identification:_identify(src/mujoco_menagerie/booster_t1/assets) by extension 'colcon_pkg'
[1.219s] Level 1:colcon.colcon_core.package_identification:_identify(src/mujoco_menagerie/booster_t1/assets) by extensions ['colcon_meta']
[1.219s] Level 1:colcon.colcon_core.package_identification:_identify(src/mujoco_menagerie/booster_t1/assets) by extension 'colcon_meta'
[1.219s] Level 1:colcon.colcon_core.package_identification:_identify(src/mujoco_menagerie/booster_t1/assets) by extensions ['ros']
[1.219s] Level 1:colcon.colcon_core.package_identification:_identify(src/mujoco_menagerie/booster_t1/assets) by extension 'ros'
[1.219s] Level 1:colcon.colcon_core.package_identification:_identify(src/mujoco_menagerie/booster_t1/assets) by extensions ['cmake', 'python']
[1.219s] Level 1:colcon.colcon_core.package_identification:_identify(src/mujoco_menagerie/booster_t1/assets) by extension 'cmake'
[1.220s] Level 1:colcon.colcon_core.package_identification:_identify(src/mujoco_menagerie/booster_t1/assets) by extension 'python'
[1.220s] Level 1:colcon.colcon_core.package_identification:_identify(src/mujoco_menagerie/booster_t1/assets) by extensions ['python_setup_py']
[1.220s] Level 1:colcon.colcon_core.package_identification:_identify(src/mujoco_menagerie/booster_t1/assets) by extension 'python_setup_py'
[1.220s] Level 1:colcon.colcon_core.package_identification:_identify(src/mujoco_menagerie/boston_dynamics_spot) by extensions ['ignore', 'ignore_ament_install']
[1.220s] Level 1:colcon.colcon_core.package_identification:_identify(src/mujoco_menagerie/boston_dynamics_spot) by extension 'ignore'
[1.220s] Level 1:colcon.colcon_core.package_identification:_identify(src/mujoco_menagerie/boston_dynamics_spot) by extension 'ignore_ament_install'
[1.220s] Level 1:colcon.colcon_core.package_identification:_identify(src/mujoco_menagerie/boston_dynamics_spot) by extensions ['colcon_pkg']
[1.221s] Level 1:colcon.colcon_core.package_identification:_identify(src/mujoco_menagerie/boston_dynamics_spot) by extension 'colcon_pkg'
[1.221s] Level 1:colcon.colcon_core.package_identification:_identify(src/mujoco_menagerie/boston_dynamics_spot) by extensions ['colcon_meta']
[1.221s] Level 1:colcon.colcon_core.package_identification:_identify(src/mujoco_menagerie/boston_dynamics_spot) by extension 'colcon_meta'
[1.221s] Level 1:colcon.colcon_core.package_identification:_identify(src/mujoco_menagerie/boston_dynamics_spot) by extensions ['ros']
[1.221s] Level 1:colcon.colcon_core.package_identification:_identify(src/mujoco_menagerie/boston_dynamics_spot) by extension 'ros'
[1.221s] Level 1:colcon.colcon_core.package_identification:_identify(src/mujoco_menagerie/boston_dynamics_spot) by extensions ['cmake', 'python']
[1.221s] Level 1:colcon.colcon_core.package_identification:_identify(src/mujoco_menagerie/boston_dynamics_spot) by extension 'cmake'
[1.221s] Level 1:colcon.colcon_core.package_identification:_identify(src/mujoco_menagerie/boston_dynamics_spot) by extension 'python'
[1.221s] Level 1:colcon.colcon_core.package_identification:_identify(src/mujoco_menagerie/boston_dynamics_spot) by extensions ['python_setup_py']
[1.221s] Level 1:colcon.colcon_core.package_identification:_identify(src/mujoco_menagerie/boston_dynamics_spot) by extension 'python_setup_py'
[1.222s] Level 1:colcon.colcon_core.package_identification:_identify(src/mujoco_menagerie/boston_dynamics_spot/assets) by extensions ['ignore', 'ignore_ament_install']
[1.222s] Level 1:colcon.colcon_core.package_identification:_identify(src/mujoco_menagerie/boston_dynamics_spot/assets) by extension 'ignore'
[1.222s] Level 1:colcon.colcon_core.package_identification:_identify(src/mujoco_menagerie/boston_dynamics_spot/assets) by extension 'ignore_ament_install'
[1.222s] Level 1:colcon.colcon_core.package_identification:_identify(src/mujoco_menagerie/boston_dynamics_spot/assets) by extensions ['colcon_pkg']
[1.222s] Level 1:colcon.colcon_core.package_identification:_identify(src/mujoco_menagerie/boston_dynamics_spot/assets) by extension 'colcon_pkg'
[1.223s] Level 1:colcon.colcon_core.package_identification:_identify(src/mujoco_menagerie/boston_dynamics_spot/assets) by extensions ['colcon_meta']
[1.223s] Level 1:colcon.colcon_core.package_identification:_identify(src/mujoco_menagerie/boston_dynamics_spot/assets) by extension 'colcon_meta'
[1.223s] Level 1:colcon.colcon_core.package_identification:_identify(src/mujoco_menagerie/boston_dynamics_spot/assets) by extensions ['ros']
[1.223s] Level 1:colcon.colcon_core.package_identification:_identify(src/mujoco_menagerie/boston_dynamics_spot/assets) by extension 'ros'
[1.223s] Level 1:colcon.colcon_core.package_identification:_identify(src/mujoco_menagerie/boston_dynamics_spot/assets) by extensions ['cmake', 'python']
[1.223s] Level 1:colcon.colcon_core.package_identification:_identify(src/mujoco_menagerie/boston_dynamics_spot/assets) by extension 'cmake'
[1.223s] Level 1:colcon.colcon_core.package_identification:_identify(src/mujoco_menagerie/boston_dynamics_spot/assets) by extension 'python'
[1.223s] Level 1:colcon.colcon_core.package_identification:_identify(src/mujoco_menagerie/boston_dynamics_spot/assets) by extensions ['python_setup_py']
[1.223s] Level 1:colcon.colcon_core.package_identification:_identify(src/mujoco_menagerie/boston_dynamics_spot/assets) by extension 'python_setup_py'
[1.224s] Level 1:colcon.colcon_core.package_identification:_identify(src/mujoco_menagerie/dynamixel_2r) by extensions ['ignore', 'ignore_ament_install']
[1.224s] Level 1:colcon.colcon_core.package_identification:_identify(src/mujoco_menagerie/dynamixel_2r) by extension 'ignore'
[1.224s] Level 1:colcon.colcon_core.package_identification:_identify(src/mujoco_menagerie/dynamixel_2r) by extension 'ignore_ament_install'
[1.224s] Level 1:colcon.colcon_core.package_identification:_identify(src/mujoco_menagerie/dynamixel_2r) by extensions ['colcon_pkg']
[1.224s] Level 1:colcon.colcon_core.package_identification:_identify(src/mujoco_menagerie/dynamixel_2r) by extension 'colcon_pkg'
[1.224s] Level 1:colcon.colcon_core.package_identification:_identify(src/mujoco_menagerie/dynamixel_2r) by extensions ['colcon_meta']
[1.224s] Level 1:colcon.colcon_core.package_identification:_identify(src/mujoco_menagerie/dynamixel_2r) by extension 'colcon_meta'
[1.224s] Level 1:colcon.colcon_core.package_identification:_identify(src/mujoco_menagerie/dynamixel_2r) by extensions ['ros']
[1.225s] Level 1:colcon.colcon_core.package_identification:_identify(src/mujoco_menagerie/dynamixel_2r) by extension 'ros'
[1.225s] Level 1:colcon.colcon_core.package_identification:_identify(src/mujoco_menagerie/dynamixel_2r) by extensions ['cmake', 'python']
[1.225s] Level 1:colcon.colcon_core.package_identification:_identify(src/mujoco_menagerie/dynamixel_2r) by extension 'cmake'
[1.225s] Level 1:colcon.colcon_core.package_identification:_identify(src/mujoco_menagerie/dynamixel_2r) by extension 'python'
[1.225s] Level 1:colcon.colcon_core.package_identification:_identify(src/mujoco_menagerie/dynamixel_2r) by extensions ['python_setup_py']
[1.225s] Level 1:colcon.colcon_core.package_identification:_identify(src/mujoco_menagerie/dynamixel_2r) by extension 'python_setup_py'
[1.225s] Level 1:colcon.colcon_core.package_identification:_identify(src/mujoco_menagerie/dynamixel_2r/assets) by extensions ['ignore', 'ignore_ament_install']
[1.226s] Level 1:colcon.colcon_core.package_identification:_identify(src/mujoco_menagerie/dynamixel_2r/assets) by extension 'ignore'
[1.226s] Level 1:colcon.colcon_core.package_identification:_identify(src/mujoco_menagerie/dynamixel_2r/assets) by extension 'ignore_ament_install'
[1.226s] Level 1:colcon.colcon_core.package_identification:_identify(src/mujoco_menagerie/dynamixel_2r/assets) by extensions ['colcon_pkg']
[1.226s] Level 1:colcon.colcon_core.package_identification:_identify(src/mujoco_menagerie/dynamixel_2r/assets) by extension 'colcon_pkg'
[1.226s] Level 1:colcon.colcon_core.package_identification:_identify(src/mujoco_menagerie/dynamixel_2r/assets) by extensions ['colcon_meta']
[1.226s] Level 1:colcon.colcon_core.package_identification:_identify(src/mujoco_menagerie/dynamixel_2r/assets) by extension 'colcon_meta'
[1.226s] Level 1:colcon.colcon_core.package_identification:_identify(src/mujoco_menagerie/dynamixel_2r/assets) by extensions ['ros']
[1.226s] Level 1:colcon.colcon_core.package_identification:_identify(src/mujoco_menagerie/dynamixel_2r/assets) by extension 'ros'
[1.226s] Level 1:colcon.colcon_core.package_identification:_identify(src/mujoco_menagerie/dynamixel_2r/assets) by extensions ['cmake', 'python']
[1.227s] Level 1:colcon.colcon_core.package_identification:_identify(src/mujoco_menagerie/dynamixel_2r/assets) by extension 'cmake'
[1.227s] Level 1:colcon.colcon_core.package_identification:_identify(src/mujoco_menagerie/dynamixel_2r/assets) by extension 'python'
[1.227s] Level 1:colcon.colcon_core.package_identification:_identify(src/mujoco_menagerie/dynamixel_2r/assets) by extensions ['python_setup_py']
[1.227s] Level 1:colcon.colcon_core.package_identification:_identify(src/mujoco_menagerie/dynamixel_2r/assets) by extension 'python_setup_py'
[1.227s] Level 1:colcon.colcon_core.package_identification:_identify(src/mujoco_menagerie/flybody) by extensions ['ignore', 'ignore_ament_install']
[1.227s] Level 1:colcon.colcon_core.package_identification:_identify(src/mujoco_menagerie/flybody) by extension 'ignore'
[1.227s] Level 1:colcon.colcon_core.package_identification:_identify(src/mujoco_menagerie/flybody) by extension 'ignore_ament_install'
[1.227s] Level 1:colcon.colcon_core.package_identification:_identify(src/mujoco_menagerie/flybody) by extensions ['colcon_pkg']
[1.228s] Level 1:colcon.colcon_core.package_identification:_identify(src/mujoco_menagerie/flybody) by extension 'colcon_pkg'
[1.228s] Level 1:colcon.colcon_core.package_identification:_identify(src/mujoco_menagerie/flybody) by extensions ['colcon_meta']
[1.228s] Level 1:colcon.colcon_core.package_identification:_identify(src/mujoco_menagerie/flybody) by extension 'colcon_meta'
[1.228s] Level 1:colcon.colcon_core.package_identification:_identify(src/mujoco_menagerie/flybody) by extensions ['ros']
[1.228s] Level 1:colcon.colcon_core.package_identification:_identify(src/mujoco_menagerie/flybody) by extension 'ros'
[1.228s] Level 1:colcon.colcon_core.package_identification:_identify(src/mujoco_menagerie/flybody) by extensions ['cmake', 'python']
[1.228s] Level 1:colcon.colcon_core.package_identification:_identify(src/mujoco_menagerie/flybody) by extension 'cmake'
[1.228s] Level 1:colcon.colcon_core.package_identification:_identify(src/mujoco_menagerie/flybody) by extension 'python'
[1.228s] Level 1:colcon.colcon_core.package_identification:_identify(src/mujoco_menagerie/flybody) by extensions ['python_setup_py']
[1.228s] Level 1:colcon.colcon_core.package_identification:_identify(src/mujoco_menagerie/flybody) by extension 'python_setup_py'
[1.229s] Level 1:colcon.colcon_core.package_identification:_identify(src/mujoco_menagerie/flybody/assets) by extensions ['ignore', 'ignore_ament_install']
[1.229s] Level 1:colcon.colcon_core.package_identification:_identify(src/mujoco_menagerie/flybody/assets) by extension 'ignore'
[1.229s] Level 1:colcon.colcon_core.package_identification:_identify(src/mujoco_menagerie/flybody/assets) by extension 'ignore_ament_install'
[1.229s] Level 1:colcon.colcon_core.package_identification:_identify(src/mujoco_menagerie/flybody/assets) by extensions ['colcon_pkg']
[1.229s] Level 1:colcon.colcon_core.package_identification:_identify(src/mujoco_menagerie/flybody/assets) by extension 'colcon_pkg'
[1.229s] Level 1:colcon.colcon_core.package_identification:_identify(src/mujoco_menagerie/flybody/assets) by extensions ['colcon_meta']
[1.230s] Level 1:colcon.colcon_core.package_identification:_identify(src/mujoco_menagerie/flybody/assets) by extension 'colcon_meta'
[1.230s] Level 1:colcon.colcon_core.package_identification:_identify(src/mujoco_menagerie/flybody/assets) by extensions ['ros']
[1.230s] Level 1:colcon.colcon_core.package_identification:_identify(src/mujoco_menagerie/flybody/assets) by extension 'ros'
[1.230s] Level 1:colcon.colcon_core.package_identification:_identify(src/mujoco_menagerie/flybody/assets) by extensions ['cmake', 'python']
[1.230s] Level 1:colcon.colcon_core.package_identification:_identify(src/mujoco_menagerie/flybody/assets) by extension 'cmake'
[1.230s] Level 1:colcon.colcon_core.package_identification:_identify(src/mujoco_menagerie/flybody/assets) by extension 'python'
[1.230s] Level 1:colcon.colcon_core.package_identification:_identify(src/mujoco_menagerie/flybody/assets) by extensions ['python_setup_py']
[1.230s] Level 1:colcon.colcon_core.package_identification:_identify(src/mujoco_menagerie/flybody/assets) by extension 'python_setup_py'
[1.230s] Level 1:colcon.colcon_core.package_identification:_identify(src/mujoco_menagerie/fourier_n1) by extensions ['ignore', 'ignore_ament_install']
[1.231s] Level 1:colcon.colcon_core.package_identification:_identify(src/mujoco_menagerie/fourier_n1) by extension 'ignore'
[1.231s] Level 1:colcon.colcon_core.package_identification:_identify(src/mujoco_menagerie/fourier_n1) by extension 'ignore_ament_install'
[1.231s] Level 1:colcon.colcon_core.package_identification:_identify(src/mujoco_menagerie/fourier_n1) by extensions ['colcon_pkg']
[1.231s] Level 1:colcon.colcon_core.package_identification:_identify(src/mujoco_menagerie/fourier_n1) by extension 'colcon_pkg'
[1.231s] Level 1:colcon.colcon_core.package_identification:_identify(src/mujoco_menagerie/fourier_n1) by extensions ['colcon_meta']
[1.231s] Level 1:colcon.colcon_core.package_identification:_identify(src/mujoco_menagerie/fourier_n1) by extension 'colcon_meta'
[1.231s] Level 1:colcon.colcon_core.package_identification:_identify(src/mujoco_menagerie/fourier_n1) by extensions ['ros']
[1.231s] Level 1:colcon.colcon_core.package_identification:_identify(src/mujoco_menagerie/fourier_n1) by extension 'ros'
[1.231s] Level 1:colcon.colcon_core.package_identification:_identify(src/mujoco_menagerie/fourier_n1) by extensions ['cmake', 'python']
[1.231s] Level 1:colcon.colcon_core.package_identification:_identify(src/mujoco_menagerie/fourier_n1) by extension 'cmake'
[1.232s] Level 1:colcon.colcon_core.package_identification:_identify(src/mujoco_menagerie/fourier_n1) by extension 'python'
[1.232s] Level 1:colcon.colcon_core.package_identification:_identify(src/mujoco_menagerie/fourier_n1) by extensions ['python_setup_py']
[1.232s] Level 1:colcon.colcon_core.package_identification:_identify(src/mujoco_menagerie/fourier_n1) by extension 'python_setup_py'
[1.232s] Level 1:colcon.colcon_core.package_identification:_identify(src/mujoco_menagerie/fourier_n1/assets) by extensions ['ignore', 'ignore_ament_install']
[1.232s] Level 1:colcon.colcon_core.package_identification:_identify(src/mujoco_menagerie/fourier_n1/assets) by extension 'ignore'
[1.232s] Level 1:colcon.colcon_core.package_identification:_identify(src/mujoco_menagerie/fourier_n1/assets) by extension 'ignore_ament_install'
[1.232s] Level 1:colcon.colcon_core.package_identification:_identify(src/mujoco_menagerie/fourier_n1/assets) by extensions ['colcon_pkg']
[1.233s] Level 1:colcon.colcon_core.package_identification:_identify(src/mujoco_menagerie/fourier_n1/assets) by extension 'colcon_pkg'
[1.233s] Level 1:colcon.colcon_core.package_identification:_identify(src/mujoco_menagerie/fourier_n1/assets) by extensions ['colcon_meta']
[1.233s] Level 1:colcon.colcon_core.package_identification:_identify(src/mujoco_menagerie/fourier_n1/assets) by extension 'colcon_meta'
[1.233s] Level 1:colcon.colcon_core.package_identification:_identify(src/mujoco_menagerie/fourier_n1/assets) by extensions ['ros']
[1.233s] Level 1:colcon.colcon_core.package_identification:_identify(src/mujoco_menagerie/fourier_n1/assets) by extension 'ros'
[1.233s] Level 1:colcon.colcon_core.package_identification:_identify(src/mujoco_menagerie/fourier_n1/assets) by extensions ['cmake', 'python']
[1.233s] Level 1:colcon.colcon_core.package_identification:_identify(src/mujoco_menagerie/fourier_n1/assets) by extension 'cmake'
[1.233s] Level 1:colcon.colcon_core.package_identification:_identify(src/mujoco_menagerie/fourier_n1/assets) by extension 'python'
[1.233s] Level 1:colcon.colcon_core.package_identification:_identify(src/mujoco_menagerie/fourier_n1/assets) by extensions ['python_setup_py']
[1.233s] Level 1:colcon.colcon_core.package_identification:_identify(src/mujoco_menagerie/fourier_n1/assets) by extension 'python_setup_py'
[1.234s] Level 1:colcon.colcon_core.package_identification:_identify(src/mujoco_menagerie/franka_emika_panda) by extensions ['ignore', 'ignore_ament_install']
[1.234s] Level 1:colcon.colcon_core.package_identification:_identify(src/mujoco_menagerie/franka_emika_panda) by extension 'ignore'
[1.234s] Level 1:colcon.colcon_core.package_identification:_identify(src/mujoco_menagerie/franka_emika_panda) by extension 'ignore_ament_install'
[1.234s] Level 1:colcon.colcon_core.package_identification:_identify(src/mujoco_menagerie/franka_emika_panda) by extensions ['colcon_pkg']
[1.234s] Level 1:colcon.colcon_core.package_identification:_identify(src/mujoco_menagerie/franka_emika_panda) by extension 'colcon_pkg'
[1.234s] Level 1:colcon.colcon_core.package_identification:_identify(src/mujoco_menagerie/franka_emika_panda) by extensions ['colcon_meta']
[1.234s] Level 1:colcon.colcon_core.package_identification:_identify(src/mujoco_menagerie/franka_emika_panda) by extension 'colcon_meta'
[1.235s] Level 1:colcon.colcon_core.package_identification:_identify(src/mujoco_menagerie/franka_emika_panda) by extensions ['ros']
[1.235s] Level 1:colcon.colcon_core.package_identification:_identify(src/mujoco_menagerie/franka_emika_panda) by extension 'ros'
[1.235s] Level 1:colcon.colcon_core.package_identification:_identify(src/mujoco_menagerie/franka_emika_panda) by extensions ['cmake', 'python']
[1.235s] Level 1:colcon.colcon_core.package_identification:_identify(src/mujoco_menagerie/franka_emika_panda) by extension 'cmake'
[1.235s] Level 1:colcon.colcon_core.package_identification:_identify(src/mujoco_menagerie/franka_emika_panda) by extension 'python'
[1.235s] Level 1:colcon.colcon_core.package_identification:_identify(src/mujoco_menagerie/franka_emika_panda) by extensions ['python_setup_py']
[1.235s] Level 1:colcon.colcon_core.package_identification:_identify(src/mujoco_menagerie/franka_emika_panda) by extension 'python_setup_py'
[1.236s] Level 1:colcon.colcon_core.package_identification:_identify(src/mujoco_menagerie/franka_emika_panda/assets) by extensions ['ignore', 'ignore_ament_install']
[1.236s] Level 1:colcon.colcon_core.package_identification:_identify(src/mujoco_menagerie/franka_emika_panda/assets) by extension 'ignore'
[1.236s] Level 1:colcon.colcon_core.package_identification:_identify(src/mujoco_menagerie/franka_emika_panda/assets) by extension 'ignore_ament_install'
[1.236s] Level 1:colcon.colcon_core.package_identification:_identify(src/mujoco_menagerie/franka_emika_panda/assets) by extensions ['colcon_pkg']
[1.236s] Level 1:colcon.colcon_core.package_identification:_identify(src/mujoco_menagerie/franka_emika_panda/assets) by extension 'colcon_pkg'
[1.236s] Level 1:colcon.colcon_core.package_identification:_identify(src/mujoco_menagerie/franka_emika_panda/assets) by extensions ['colcon_meta']
[1.236s] Level 1:colcon.colcon_core.package_identification:_identify(src/mujoco_menagerie/franka_emika_panda/assets) by extension 'colcon_meta'
[1.236s] Level 1:colcon.colcon_core.package_identification:_identify(src/mujoco_menagerie/franka_emika_panda/assets) by extensions ['ros']
[1.237s] Level 1:colcon.colcon_core.package_identification:_identify(src/mujoco_menagerie/franka_emika_panda/assets) by extension 'ros'
[1.237s] Level 1:colcon.colcon_core.package_identification:_identify(src/mujoco_menagerie/franka_emika_panda/assets) by extensions ['cmake', 'python']
[1.237s] Level 1:colcon.colcon_core.package_identification:_identify(src/mujoco_menagerie/franka_emika_panda/assets) by extension 'cmake'
[1.237s] Level 1:colcon.colcon_core.package_identification:_identify(src/mujoco_menagerie/franka_emika_panda/assets) by extension 'python'
[1.237s] Level 1:colcon.colcon_core.package_identification:_identify(src/mujoco_menagerie/franka_emika_panda/assets) by extensions ['python_setup_py']
[1.237s] Level 1:colcon.colcon_core.package_identification:_identify(src/mujoco_menagerie/franka_emika_panda/assets) by extension 'python_setup_py'
[1.237s] Level 1:colcon.colcon_core.package_identification:_identify(src/mujoco_menagerie/franka_fr3) by extensions ['ignore', 'ignore_ament_install']
[1.237s] Level 1:colcon.colcon_core.package_identification:_identify(src/mujoco_menagerie/franka_fr3) by extension 'ignore'
[1.238s] Level 1:colcon.colcon_core.package_identification:_identify(src/mujoco_menagerie/franka_fr3) by extension 'ignore_ament_install'
[1.238s] Level 1:colcon.colcon_core.package_identification:_identify(src/mujoco_menagerie/franka_fr3) by extensions ['colcon_pkg']
[1.238s] Level 1:colcon.colcon_core.package_identification:_identify(src/mujoco_menagerie/franka_fr3) by extension 'colcon_pkg'
[1.238s] Level 1:colcon.colcon_core.package_identification:_identify(src/mujoco_menagerie/franka_fr3) by extensions ['colcon_meta']
[1.238s] Level 1:colcon.colcon_core.package_identification:_identify(src/mujoco_menagerie/franka_fr3) by extension 'colcon_meta'
[1.238s] Level 1:colcon.colcon_core.package_identification:_identify(src/mujoco_menagerie/franka_fr3) by extensions ['ros']
[1.238s] Level 1:colcon.colcon_core.package_identification:_identify(src/mujoco_menagerie/franka_fr3) by extension 'ros'
[1.238s] Level 1:colcon.colcon_core.package_identification:_identify(src/mujoco_menagerie/franka_fr3) by extensions ['cmake', 'python']
[1.238s] Level 1:colcon.colcon_core.package_identification:_identify(src/mujoco_menagerie/franka_fr3) by extension 'cmake'
[1.238s] Level 1:colcon.colcon_core.package_identification:_identify(src/mujoco_menagerie/franka_fr3) by extension 'python'
[1.239s] Level 1:colcon.colcon_core.package_identification:_identify(src/mujoco_menagerie/franka_fr3) by extensions ['python_setup_py']
[1.239s] Level 1:colcon.colcon_core.package_identification:_identify(src/mujoco_menagerie/franka_fr3) by extension 'python_setup_py'
[1.239s] Level 1:colcon.colcon_core.package_identification:_identify(src/mujoco_menagerie/franka_fr3/assets) by extensions ['ignore', 'ignore_ament_install']
[1.239s] Level 1:colcon.colcon_core.package_identification:_identify(src/mujoco_menagerie/franka_fr3/assets) by extension 'ignore'
[1.239s] Level 1:colcon.colcon_core.package_identification:_identify(src/mujoco_menagerie/franka_fr3/assets) by extension 'ignore_ament_install'
[1.239s] Level 1:colcon.colcon_core.package_identification:_identify(src/mujoco_menagerie/franka_fr3/assets) by extensions ['colcon_pkg']
[1.239s] Level 1:colcon.colcon_core.package_identification:_identify(src/mujoco_menagerie/franka_fr3/assets) by extension 'colcon_pkg'
[1.240s] Level 1:colcon.colcon_core.package_identification:_identify(src/mujoco_menagerie/franka_fr3/assets) by extensions ['colcon_meta']
[1.240s] Level 1:colcon.colcon_core.package_identification:_identify(src/mujoco_menagerie/franka_fr3/assets) by extension 'colcon_meta'
[1.240s] Level 1:colcon.colcon_core.package_identification:_identify(src/mujoco_menagerie/franka_fr3/assets) by extensions ['ros']
[1.240s] Level 1:colcon.colcon_core.package_identification:_identify(src/mujoco_menagerie/franka_fr3/assets) by extension 'ros'
[1.240s] Level 1:colcon.colcon_core.package_identification:_identify(src/mujoco_menagerie/franka_fr3/assets) by extensions ['cmake', 'python']
[1.240s] Level 1:colcon.colcon_core.package_identification:_identify(src/mujoco_menagerie/franka_fr3/assets) by extension 'cmake'
[1.240s] Level 1:colcon.colcon_core.package_identification:_identify(src/mujoco_menagerie/franka_fr3/assets) by extension 'python'
[1.240s] Level 1:colcon.colcon_core.package_identification:_identify(src/mujoco_menagerie/franka_fr3/assets) by extensions ['python_setup_py']
[1.240s] Level 1:colcon.colcon_core.package_identification:_identify(src/mujoco_menagerie/franka_fr3/assets) by extension 'python_setup_py'
[1.241s] Level 1:colcon.colcon_core.package_identification:_identify(src/mujoco_menagerie/google_barkour_v0) by extensions ['ignore', 'ignore_ament_install']
[1.241s] Level 1:colcon.colcon_core.package_identification:_identify(src/mujoco_menagerie/google_barkour_v0) by extension 'ignore'
[1.241s] Level 1:colcon.colcon_core.package_identification:_identify(src/mujoco_menagerie/google_barkour_v0) by extension 'ignore_ament_install'
[1.241s] Level 1:colcon.colcon_core.package_identification:_identify(src/mujoco_menagerie/google_barkour_v0) by extensions ['colcon_pkg']
[1.241s] Level 1:colcon.colcon_core.package_identification:_identify(src/mujoco_menagerie/google_barkour_v0) by extension 'colcon_pkg'
[1.241s] Level 1:colcon.colcon_core.package_identification:_identify(src/mujoco_menagerie/google_barkour_v0) by extensions ['colcon_meta']
[1.241s] Level 1:colcon.colcon_core.package_identification:_identify(src/mujoco_menagerie/google_barkour_v0) by extension 'colcon_meta'
[1.241s] Level 1:colcon.colcon_core.package_identification:_identify(src/mujoco_menagerie/google_barkour_v0) by extensions ['ros']
[1.241s] Level 1:colcon.colcon_core.package_identification:_identify(src/mujoco_menagerie/google_barkour_v0) by extension 'ros'
[1.242s] Level 1:colcon.colcon_core.package_identification:_identify(src/mujoco_menagerie/google_barkour_v0) by extensions ['cmake', 'python']
[1.242s] Level 1:colcon.colcon_core.package_identification:_identify(src/mujoco_menagerie/google_barkour_v0) by extension 'cmake'
[1.242s] Level 1:colcon.colcon_core.package_identification:_identify(src/mujoco_menagerie/google_barkour_v0) by extension 'python'
[1.242s] Level 1:colcon.colcon_core.package_identification:_identify(src/mujoco_menagerie/google_barkour_v0) by extensions ['python_setup_py']
[1.242s] Level 1:colcon.colcon_core.package_identification:_identify(src/mujoco_menagerie/google_barkour_v0) by extension 'python_setup_py'
[1.242s] Level 1:colcon.colcon_core.package_identification:_identify(src/mujoco_menagerie/google_barkour_v0/assets) by extensions ['ignore', 'ignore_ament_install']
[1.242s] Level 1:colcon.colcon_core.package_identification:_identify(src/mujoco_menagerie/google_barkour_v0/assets) by extension 'ignore'
[1.242s] Level 1:colcon.colcon_core.package_identification:_identify(src/mujoco_menagerie/google_barkour_v0/assets) by extension 'ignore_ament_install'
[1.243s] Level 1:colcon.colcon_core.package_identification:_identify(src/mujoco_menagerie/google_barkour_v0/assets) by extensions ['colcon_pkg']
[1.243s] Level 1:colcon.colcon_core.package_identification:_identify(src/mujoco_menagerie/google_barkour_v0/assets) by extension 'colcon_pkg'
[1.243s] Level 1:colcon.colcon_core.package_identification:_identify(src/mujoco_menagerie/google_barkour_v0/assets) by extensions ['colcon_meta']
[1.243s] Level 1:colcon.colcon_core.package_identification:_identify(src/mujoco_menagerie/google_barkour_v0/assets) by extension 'colcon_meta'
[1.243s] Level 1:colcon.colcon_core.package_identification:_identify(src/mujoco_menagerie/google_barkour_v0/assets) by extensions ['ros']
[1.243s] Level 1:colcon.colcon_core.package_identification:_identify(src/mujoco_menagerie/google_barkour_v0/assets) by extension 'ros'
[1.243s] Level 1:colcon.colcon_core.package_identification:_identify(src/mujoco_menagerie/google_barkour_v0/assets) by extensions ['cmake', 'python']
[1.243s] Level 1:colcon.colcon_core.package_identification:_identify(src/mujoco_menagerie/google_barkour_v0/assets) by extension 'cmake'
[1.243s] Level 1:colcon.colcon_core.package_identification:_identify(src/mujoco_menagerie/google_barkour_v0/assets) by extension 'python'
[1.243s] Level 1:colcon.colcon_core.package_identification:_identify(src/mujoco_menagerie/google_barkour_v0/assets) by extensions ['python_setup_py']
[1.243s] Level 1:colcon.colcon_core.package_identification:_identify(src/mujoco_menagerie/google_barkour_v0/assets) by extension 'python_setup_py'
[1.244s] Level 1:colcon.colcon_core.package_identification:_identify(src/mujoco_menagerie/google_barkour_vb) by extensions ['ignore', 'ignore_ament_install']
[1.244s] Level 1:colcon.colcon_core.package_identification:_identify(src/mujoco_menagerie/google_barkour_vb) by extension 'ignore'
[1.244s] Level 1:colcon.colcon_core.package_identification:_identify(src/mujoco_menagerie/google_barkour_vb) by extension 'ignore_ament_install'
[1.244s] Level 1:colcon.colcon_core.package_identification:_identify(src/mujoco_menagerie/google_barkour_vb) by extensions ['colcon_pkg']
[1.244s] Level 1:colcon.colcon_core.package_identification:_identify(src/mujoco_menagerie/google_barkour_vb) by extension 'colcon_pkg'
[1.244s] Level 1:colcon.colcon_core.package_identification:_identify(src/mujoco_menagerie/google_barkour_vb) by extensions ['colcon_meta']
[1.244s] Level 1:colcon.colcon_core.package_identification:_identify(src/mujoco_menagerie/google_barkour_vb) by extension 'colcon_meta'
[1.244s] Level 1:colcon.colcon_core.package_identification:_identify(src/mujoco_menagerie/google_barkour_vb) by extensions ['ros']
[1.244s] Level 1:colcon.colcon_core.package_identification:_identify(src/mujoco_menagerie/google_barkour_vb) by extension 'ros'
[1.245s] Level 1:colcon.colcon_core.package_identification:_identify(src/mujoco_menagerie/google_barkour_vb) by extensions ['cmake', 'python']
[1.245s] Level 1:colcon.colcon_core.package_identification:_identify(src/mujoco_menagerie/google_barkour_vb) by extension 'cmake'
[1.245s] Level 1:colcon.colcon_core.package_identification:_identify(src/mujoco_menagerie/google_barkour_vb) by extension 'python'
[1.245s] Level 1:colcon.colcon_core.package_identification:_identify(src/mujoco_menagerie/google_barkour_vb) by extensions ['python_setup_py']
[1.245s] Level 1:colcon.colcon_core.package_identification:_identify(src/mujoco_menagerie/google_barkour_vb) by extension 'python_setup_py'
[1.245s] Level 1:colcon.colcon_core.package_identification:_identify(src/mujoco_menagerie/google_barkour_vb/assets) by extensions ['ignore', 'ignore_ament_install']
[1.245s] Level 1:colcon.colcon_core.package_identification:_identify(src/mujoco_menagerie/google_barkour_vb/assets) by extension 'ignore'
[1.245s] Level 1:colcon.colcon_core.package_identification:_identify(src/mujoco_menagerie/google_barkour_vb/assets) by extension 'ignore_ament_install'
[1.246s] Level 1:colcon.colcon_core.package_identification:_identify(src/mujoco_menagerie/google_barkour_vb/assets) by extensions ['colcon_pkg']
[1.246s] Level 1:colcon.colcon_core.package_identification:_identify(src/mujoco_menagerie/google_barkour_vb/assets) by extension 'colcon_pkg'
[1.246s] Level 1:colcon.colcon_core.package_identification:_identify(src/mujoco_menagerie/google_barkour_vb/assets) by extensions ['colcon_meta']
[1.246s] Level 1:colcon.colcon_core.package_identification:_identify(src/mujoco_menagerie/google_barkour_vb/assets) by extension 'colcon_meta'
[1.246s] Level 1:colcon.colcon_core.package_identification:_identify(src/mujoco_menagerie/google_barkour_vb/assets) by extensions ['ros']
[1.246s] Level 1:colcon.colcon_core.package_identification:_identify(src/mujoco_menagerie/google_barkour_vb/assets) by extension 'ros'
[1.246s] Level 1:colcon.colcon_core.package_identification:_identify(src/mujoco_menagerie/google_barkour_vb/assets) by extensions ['cmake', 'python']
[1.246s] Level 1:colcon.colcon_core.package_identification:_identify(src/mujoco_menagerie/google_barkour_vb/assets) by extension 'cmake'
[1.246s] Level 1:colcon.colcon_core.package_identification:_identify(src/mujoco_menagerie/google_barkour_vb/assets) by extension 'python'
[1.246s] Level 1:colcon.colcon_core.package_identification:_identify(src/mujoco_menagerie/google_barkour_vb/assets) by extensions ['python_setup_py']
[1.246s] Level 1:colcon.colcon_core.package_identification:_identify(src/mujoco_menagerie/google_barkour_vb/assets) by extension 'python_setup_py'
[1.247s] Level 1:colcon.colcon_core.package_identification:_identify(src/mujoco_menagerie/google_robot) by extensions ['ignore', 'ignore_ament_install']
[1.247s] Level 1:colcon.colcon_core.package_identification:_identify(src/mujoco_menagerie/google_robot) by extension 'ignore'
[1.247s] Level 1:colcon.colcon_core.package_identification:_identify(src/mujoco_menagerie/google_robot) by extension 'ignore_ament_install'
[1.247s] Level 1:colcon.colcon_core.package_identification:_identify(src/mujoco_menagerie/google_robot) by extensions ['colcon_pkg']
[1.247s] Level 1:colcon.colcon_core.package_identification:_identify(src/mujoco_menagerie/google_robot) by extension 'colcon_pkg'
[1.247s] Level 1:colcon.colcon_core.package_identification:_identify(src/mujoco_menagerie/google_robot) by extensions ['colcon_meta']
[1.247s] Level 1:colcon.colcon_core.package_identification:_identify(src/mujoco_menagerie/google_robot) by extension 'colcon_meta'
[1.247s] Level 1:colcon.colcon_core.package_identification:_identify(src/mujoco_menagerie/google_robot) by extensions ['ros']
[1.248s] Level 1:colcon.colcon_core.package_identification:_identify(src/mujoco_menagerie/google_robot) by extension 'ros'
[1.248s] Level 1:colcon.colcon_core.package_identification:_identify(src/mujoco_menagerie/google_robot) by extensions ['cmake', 'python']
[1.248s] Level 1:colcon.colcon_core.package_identification:_identify(src/mujoco_menagerie/google_robot) by extension 'cmake'
[1.248s] Level 1:colcon.colcon_core.package_identification:_identify(src/mujoco_menagerie/google_robot) by extension 'python'
[1.248s] Level 1:colcon.colcon_core.package_identification:_identify(src/mujoco_menagerie/google_robot) by extensions ['python_setup_py']
[1.248s] Level 1:colcon.colcon_core.package_identification:_identify(src/mujoco_menagerie/google_robot) by extension 'python_setup_py'
[1.248s] Level 1:colcon.colcon_core.package_identification:_identify(src/mujoco_menagerie/google_robot/assets) by extensions ['ignore', 'ignore_ament_install']
[1.248s] Level 1:colcon.colcon_core.package_identification:_identify(src/mujoco_menagerie/google_robot/assets) by extension 'ignore'
[1.249s] Level 1:colcon.colcon_core.package_identification:_identify(src/mujoco_menagerie/google_robot/assets) by extension 'ignore_ament_install'
[1.249s] Level 1:colcon.colcon_core.package_identification:_identify(src/mujoco_menagerie/google_robot/assets) by extensions ['colcon_pkg']
[1.249s] Level 1:colcon.colcon_core.package_identification:_identify(src/mujoco_menagerie/google_robot/assets) by extension 'colcon_pkg'
[1.249s] Level 1:colcon.colcon_core.package_identification:_identify(src/mujoco_menagerie/google_robot/assets) by extensions ['colcon_meta']
[1.249s] Level 1:colcon.colcon_core.package_identification:_identify(src/mujoco_menagerie/google_robot/assets) by extension 'colcon_meta'
[1.249s] Level 1:colcon.colcon_core.package_identification:_identify(src/mujoco_menagerie/google_robot/assets) by extensions ['ros']
[1.249s] Level 1:colcon.colcon_core.package_identification:_identify(src/mujoco_menagerie/google_robot/assets) by extension 'ros'
[1.249s] Level 1:colcon.colcon_core.package_identification:_identify(src/mujoco_menagerie/google_robot/assets) by extensions ['cmake', 'python']
[1.249s] Level 1:colcon.colcon_core.package_identification:_identify(src/mujoco_menagerie/google_robot/assets) by extension 'cmake'
[1.249s] Level 1:colcon.colcon_core.package_identification:_identify(src/mujoco_menagerie/google_robot/assets) by extension 'python'
[1.249s] Level 1:colcon.colcon_core.package_identification:_identify(src/mujoco_menagerie/google_robot/assets) by extensions ['python_setup_py']
[1.250s] Level 1:colcon.colcon_core.package_identification:_identify(src/mujoco_menagerie/google_robot/assets) by extension 'python_setup_py'
[1.250s] Level 1:colcon.colcon_core.package_identification:_identify(src/mujoco_menagerie/hello_robot_stretch) by extensions ['ignore', 'ignore_ament_install']
[1.250s] Level 1:colcon.colcon_core.package_identification:_identify(src/mujoco_menagerie/hello_robot_stretch) by extension 'ignore'
[1.250s] Level 1:colcon.colcon_core.package_identification:_identify(src/mujoco_menagerie/hello_robot_stretch) by extension 'ignore_ament_install'
[1.250s] Level 1:colcon.colcon_core.package_identification:_identify(src/mujoco_menagerie/hello_robot_stretch) by extensions ['colcon_pkg']
[1.250s] Level 1:colcon.colcon_core.package_identification:_identify(src/mujoco_menagerie/hello_robot_stretch) by extension 'colcon_pkg'
[1.250s] Level 1:colcon.colcon_core.package_identification:_identify(src/mujoco_menagerie/hello_robot_stretch) by extensions ['colcon_meta']
[1.250s] Level 1:colcon.colcon_core.package_identification:_identify(src/mujoco_menagerie/hello_robot_stretch) by extension 'colcon_meta'
[1.251s] Level 1:colcon.colcon_core.package_identification:_identify(src/mujoco_menagerie/hello_robot_stretch) by extensions ['ros']
[1.251s] Level 1:colcon.colcon_core.package_identification:_identify(src/mujoco_menagerie/hello_robot_stretch) by extension 'ros'
[1.251s] Level 1:colcon.colcon_core.package_identification:_identify(src/mujoco_menagerie/hello_robot_stretch) by extensions ['cmake', 'python']
[1.251s] Level 1:colcon.colcon_core.package_identification:_identify(src/mujoco_menagerie/hello_robot_stretch) by extension 'cmake'
[1.251s] Level 1:colcon.colcon_core.package_identification:_identify(src/mujoco_menagerie/hello_robot_stretch) by extension 'python'
[1.251s] Level 1:colcon.colcon_core.package_identification:_identify(src/mujoco_menagerie/hello_robot_stretch) by extensions ['python_setup_py']
[1.251s] Level 1:colcon.colcon_core.package_identification:_identify(src/mujoco_menagerie/hello_robot_stretch) by extension 'python_setup_py'
[1.251s] Level 1:colcon.colcon_core.package_identification:_identify(src/mujoco_menagerie/hello_robot_stretch/assets) by extensions ['ignore', 'ignore_ament_install']
[1.252s] Level 1:colcon.colcon_core.package_identification:_identify(src/mujoco_menagerie/hello_robot_stretch/assets) by extension 'ignore'
[1.252s] Level 1:colcon.colcon_core.package_identification:_identify(src/mujoco_menagerie/hello_robot_stretch/assets) by extension 'ignore_ament_install'
[1.252s] Level 1:colcon.colcon_core.package_identification:_identify(src/mujoco_menagerie/hello_robot_stretch/assets) by extensions ['colcon_pkg']
[1.252s] Level 1:colcon.colcon_core.package_identification:_identify(src/mujoco_menagerie/hello_robot_stretch/assets) by extension 'colcon_pkg'
[1.252s] Level 1:colcon.colcon_core.package_identification:_identify(src/mujoco_menagerie/hello_robot_stretch/assets) by extensions ['colcon_meta']
[1.252s] Level 1:colcon.colcon_core.package_identification:_identify(src/mujoco_menagerie/hello_robot_stretch/assets) by extension 'colcon_meta'
[1.252s] Level 1:colcon.colcon_core.package_identification:_identify(src/mujoco_menagerie/hello_robot_stretch/assets) by extensions ['ros']
[1.252s] Level 1:colcon.colcon_core.package_identification:_identify(src/mujoco_menagerie/hello_robot_stretch/assets) by extension 'ros'
[1.252s] Level 1:colcon.colcon_core.package_identification:_identify(src/mujoco_menagerie/hello_robot_stretch/assets) by extensions ['cmake', 'python']
[1.252s] Level 1:colcon.colcon_core.package_identification:_identify(src/mujoco_menagerie/hello_robot_stretch/assets) by extension 'cmake'
[1.253s] Level 1:colcon.colcon_core.package_identification:_identify(src/mujoco_menagerie/hello_robot_stretch/assets) by extension 'python'
[1.253s] Level 1:colcon.colcon_core.package_identification:_identify(src/mujoco_menagerie/hello_robot_stretch/assets) by extensions ['python_setup_py']
[1.253s] Level 1:colcon.colcon_core.package_identification:_identify(src/mujoco_menagerie/hello_robot_stretch/assets) by extension 'python_setup_py'
[1.253s] Level 1:colcon.colcon_core.package_identification:_identify(src/mujoco_menagerie/hello_robot_stretch_3) by extensions ['ignore', 'ignore_ament_install']
[1.253s] Level 1:colcon.colcon_core.package_identification:_identify(src/mujoco_menagerie/hello_robot_stretch_3) by extension 'ignore'
[1.253s] Level 1:colcon.colcon_core.package_identification:_identify(src/mujoco_menagerie/hello_robot_stretch_3) by extension 'ignore_ament_install'
[1.253s] Level 1:colcon.colcon_core.package_identification:_identify(src/mujoco_menagerie/hello_robot_stretch_3) by extensions ['colcon_pkg']
[1.253s] Level 1:colcon.colcon_core.package_identification:_identify(src/mujoco_menagerie/hello_robot_stretch_3) by extension 'colcon_pkg'
[1.253s] Level 1:colcon.colcon_core.package_identification:_identify(src/mujoco_menagerie/hello_robot_stretch_3) by extensions ['colcon_meta']
[1.253s] Level 1:colcon.colcon_core.package_identification:_identify(src/mujoco_menagerie/hello_robot_stretch_3) by extension 'colcon_meta'
[1.254s] Level 1:colcon.colcon_core.package_identification:_identify(src/mujoco_menagerie/hello_robot_stretch_3) by extensions ['ros']
[1.254s] Level 1:colcon.colcon_core.package_identification:_identify(src/mujoco_menagerie/hello_robot_stretch_3) by extension 'ros'
[1.254s] Level 1:colcon.colcon_core.package_identification:_identify(src/mujoco_menagerie/hello_robot_stretch_3) by extensions ['cmake', 'python']
[1.254s] Level 1:colcon.colcon_core.package_identification:_identify(src/mujoco_menagerie/hello_robot_stretch_3) by extension 'cmake'
[1.254s] Level 1:colcon.colcon_core.package_identification:_identify(src/mujoco_menagerie/hello_robot_stretch_3) by extension 'python'
[1.254s] Level 1:colcon.colcon_core.package_identification:_identify(src/mujoco_menagerie/hello_robot_stretch_3) by extensions ['python_setup_py']
[1.254s] Level 1:colcon.colcon_core.package_identification:_identify(src/mujoco_menagerie/hello_robot_stretch_3) by extension 'python_setup_py'
[1.254s] Level 1:colcon.colcon_core.package_identification:_identify(src/mujoco_menagerie/hello_robot_stretch_3/assets) by extensions ['ignore', 'ignore_ament_install']
[1.255s] Level 1:colcon.colcon_core.package_identification:_identify(src/mujoco_menagerie/hello_robot_stretch_3/assets) by extension 'ignore'
[1.255s] Level 1:colcon.colcon_core.package_identification:_identify(src/mujoco_menagerie/hello_robot_stretch_3/assets) by extension 'ignore_ament_install'
[1.255s] Level 1:colcon.colcon_core.package_identification:_identify(src/mujoco_menagerie/hello_robot_stretch_3/assets) by extensions ['colcon_pkg']
[1.255s] Level 1:colcon.colcon_core.package_identification:_identify(src/mujoco_menagerie/hello_robot_stretch_3/assets) by extension 'colcon_pkg'
[1.255s] Level 1:colcon.colcon_core.package_identification:_identify(src/mujoco_menagerie/hello_robot_stretch_3/assets) by extensions ['colcon_meta']
[1.255s] Level 1:colcon.colcon_core.package_identification:_identify(src/mujoco_menagerie/hello_robot_stretch_3/assets) by extension 'colcon_meta'
[1.255s] Level 1:colcon.colcon_core.package_identification:_identify(src/mujoco_menagerie/hello_robot_stretch_3/assets) by extensions ['ros']
[1.255s] Level 1:colcon.colcon_core.package_identification:_identify(src/mujoco_menagerie/hello_robot_stretch_3/assets) by extension 'ros'
[1.255s] Level 1:colcon.colcon_core.package_identification:_identify(src/mujoco_menagerie/hello_robot_stretch_3/assets) by extensions ['cmake', 'python']
[1.255s] Level 1:colcon.colcon_core.package_identification:_identify(src/mujoco_menagerie/hello_robot_stretch_3/assets) by extension 'cmake'
[1.256s] Level 1:colcon.colcon_core.package_identification:_identify(src/mujoco_menagerie/hello_robot_stretch_3/assets) by extension 'python'
[1.256s] Level 1:colcon.colcon_core.package_identification:_identify(src/mujoco_menagerie/hello_robot_stretch_3/assets) by extensions ['python_setup_py']
[1.256s] Level 1:colcon.colcon_core.package_identification:_identify(src/mujoco_menagerie/hello_robot_stretch_3/assets) by extension 'python_setup_py'
[1.256s] Level 1:colcon.colcon_core.package_identification:_identify(src/mujoco_menagerie/i2rt_yam) by extensions ['ignore', 'ignore_ament_install']
[1.256s] Level 1:colcon.colcon_core.package_identification:_identify(src/mujoco_menagerie/i2rt_yam) by extension 'ignore'
[1.256s] Level 1:colcon.colcon_core.package_identification:_identify(src/mujoco_menagerie/i2rt_yam) by extension 'ignore_ament_install'
[1.256s] Level 1:colcon.colcon_core.package_identification:_identify(src/mujoco_menagerie/i2rt_yam) by extensions ['colcon_pkg']
[1.256s] Level 1:colcon.colcon_core.package_identification:_identify(src/mujoco_menagerie/i2rt_yam) by extension 'colcon_pkg'
[1.256s] Level 1:colcon.colcon_core.package_identification:_identify(src/mujoco_menagerie/i2rt_yam) by extensions ['colcon_meta']
[1.256s] Level 1:colcon.colcon_core.package_identification:_identify(src/mujoco_menagerie/i2rt_yam) by extension 'colcon_meta'
[1.257s] Level 1:colcon.colcon_core.package_identification:_identify(src/mujoco_menagerie/i2rt_yam) by extensions ['ros']
[1.257s] Level 1:colcon.colcon_core.package_identification:_identify(src/mujoco_menagerie/i2rt_yam) by extension 'ros'
[1.257s] Level 1:colcon.colcon_core.package_identification:_identify(src/mujoco_menagerie/i2rt_yam) by extensions ['cmake', 'python']
[1.257s] Level 1:colcon.colcon_core.package_identification:_identify(src/mujoco_menagerie/i2rt_yam) by extension 'cmake'
[1.257s] Level 1:colcon.colcon_core.package_identification:_identify(src/mujoco_menagerie/i2rt_yam) by extension 'python'
[1.257s] Level 1:colcon.colcon_core.package_identification:_identify(src/mujoco_menagerie/i2rt_yam) by extensions ['python_setup_py']
[1.257s] Level 1:colcon.colcon_core.package_identification:_identify(src/mujoco_menagerie/i2rt_yam) by extension 'python_setup_py'
[1.257s] Level 1:colcon.colcon_core.package_identification:_identify(src/mujoco_menagerie/i2rt_yam/assets) by extensions ['ignore', 'ignore_ament_install']
[1.258s] Level 1:colcon.colcon_core.package_identification:_identify(src/mujoco_menagerie/i2rt_yam/assets) by extension 'ignore'
[1.258s] Level 1:colcon.colcon_core.package_identification:_identify(src/mujoco_menagerie/i2rt_yam/assets) by extension 'ignore_ament_install'
[1.258s] Level 1:colcon.colcon_core.package_identification:_identify(src/mujoco_menagerie/i2rt_yam/assets) by extensions ['colcon_pkg']
[1.258s] Level 1:colcon.colcon_core.package_identification:_identify(src/mujoco_menagerie/i2rt_yam/assets) by extension 'colcon_pkg'
[1.258s] Level 1:colcon.colcon_core.package_identification:_identify(src/mujoco_menagerie/i2rt_yam/assets) by extensions ['colcon_meta']
[1.258s] Level 1:colcon.colcon_core.package_identification:_identify(src/mujoco_menagerie/i2rt_yam/assets) by extension 'colcon_meta'
[1.258s] Level 1:colcon.colcon_core.package_identification:_identify(src/mujoco_menagerie/i2rt_yam/assets) by extensions ['ros']
[1.258s] Level 1:colcon.colcon_core.package_identification:_identify(src/mujoco_menagerie/i2rt_yam/assets) by extension 'ros'
[1.258s] Level 1:colcon.colcon_core.package_identification:_identify(src/mujoco_menagerie/i2rt_yam/assets) by extensions ['cmake', 'python']
[1.258s] Level 1:colcon.colcon_core.package_identification:_identify(src/mujoco_menagerie/i2rt_yam/assets) by extension 'cmake'
[1.258s] Level 1:colcon.colcon_core.package_identification:_identify(src/mujoco_menagerie/i2rt_yam/assets) by extension 'python'
[1.259s] Level 1:colcon.colcon_core.package_identification:_identify(src/mujoco_menagerie/i2rt_yam/assets) by extensions ['python_setup_py']
[1.259s] Level 1:colcon.colcon_core.package_identification:_identify(src/mujoco_menagerie/i2rt_yam/assets) by extension 'python_setup_py'
[1.259s] Level 1:colcon.colcon_core.package_identification:_identify(src/mujoco_menagerie/iit_softfoot) by extensions ['ignore', 'ignore_ament_install']
[1.259s] Level 1:colcon.colcon_core.package_identification:_identify(src/mujoco_menagerie/iit_softfoot) by extension 'ignore'
[1.259s] Level 1:colcon.colcon_core.package_identification:_identify(src/mujoco_menagerie/iit_softfoot) by extension 'ignore_ament_install'
[1.259s] Level 1:colcon.colcon_core.package_identification:_identify(src/mujoco_menagerie/iit_softfoot) by extensions ['colcon_pkg']
[1.259s] Level 1:colcon.colcon_core.package_identification:_identify(src/mujoco_menagerie/iit_softfoot) by extension 'colcon_pkg'
[1.259s] Level 1:colcon.colcon_core.package_identification:_identify(src/mujoco_menagerie/iit_softfoot) by extensions ['colcon_meta']
[1.259s] Level 1:colcon.colcon_core.package_identification:_identify(src/mujoco_menagerie/iit_softfoot) by extension 'colcon_meta'
[1.259s] Level 1:colcon.colcon_core.package_identification:_identify(src/mujoco_menagerie/iit_softfoot) by extensions ['ros']
[1.260s] Level 1:colcon.colcon_core.package_identification:_identify(src/mujoco_menagerie/iit_softfoot) by extension 'ros'
[1.260s] Level 1:colcon.colcon_core.package_identification:_identify(src/mujoco_menagerie/iit_softfoot) by extensions ['cmake', 'python']
[1.260s] Level 1:colcon.colcon_core.package_identification:_identify(src/mujoco_menagerie/iit_softfoot) by extension 'cmake'
[1.260s] Level 1:colcon.colcon_core.package_identification:_identify(src/mujoco_menagerie/iit_softfoot) by extension 'python'
[1.260s] Level 1:colcon.colcon_core.package_identification:_identify(src/mujoco_menagerie/iit_softfoot) by extensions ['python_setup_py']
[1.260s] Level 1:colcon.colcon_core.package_identification:_identify(src/mujoco_menagerie/iit_softfoot) by extension 'python_setup_py'
[1.260s] Level 1:colcon.colcon_core.package_identification:_identify(src/mujoco_menagerie/iit_softfoot/meshes) by extensions ['ignore', 'ignore_ament_install']
[1.260s] Level 1:colcon.colcon_core.package_identification:_identify(src/mujoco_menagerie/iit_softfoot/meshes) by extension 'ignore'
[1.260s] Level 1:colcon.colcon_core.package_identification:_identify(src/mujoco_menagerie/iit_softfoot/meshes) by extension 'ignore_ament_install'
[1.261s] Level 1:colcon.colcon_core.package_identification:_identify(src/mujoco_menagerie/iit_softfoot/meshes) by extensions ['colcon_pkg']
[1.261s] Level 1:colcon.colcon_core.package_identification:_identify(src/mujoco_menagerie/iit_softfoot/meshes) by extension 'colcon_pkg'
[1.261s] Level 1:colcon.colcon_core.package_identification:_identify(src/mujoco_menagerie/iit_softfoot/meshes) by extensions ['colcon_meta']
[1.261s] Level 1:colcon.colcon_core.package_identification:_identify(src/mujoco_menagerie/iit_softfoot/meshes) by extension 'colcon_meta'
[1.261s] Level 1:colcon.colcon_core.package_identification:_identify(src/mujoco_menagerie/iit_softfoot/meshes) by extensions ['ros']
[1.261s] Level 1:colcon.colcon_core.package_identification:_identify(src/mujoco_menagerie/iit_softfoot/meshes) by extension 'ros'
[1.261s] Level 1:colcon.colcon_core.package_identification:_identify(src/mujoco_menagerie/iit_softfoot/meshes) by extensions ['cmake', 'python']
[1.261s] Level 1:colcon.colcon_core.package_identification:_identify(src/mujoco_menagerie/iit_softfoot/meshes) by extension 'cmake'
[1.261s] Level 1:colcon.colcon_core.package_identification:_identify(src/mujoco_menagerie/iit_softfoot/meshes) by extension 'python'
[1.261s] Level 1:colcon.colcon_core.package_identification:_identify(src/mujoco_menagerie/iit_softfoot/meshes) by extensions ['python_setup_py']
[1.261s] Level 1:colcon.colcon_core.package_identification:_identify(src/mujoco_menagerie/iit_softfoot/meshes) by extension 'python_setup_py'
[1.262s] Level 1:colcon.colcon_core.package_identification:_identify(src/mujoco_menagerie/kinova_gen3) by extensions ['ignore', 'ignore_ament_install']
[1.262s] Level 1:colcon.colcon_core.package_identification:_identify(src/mujoco_menagerie/kinova_gen3) by extension 'ignore'
[1.262s] Level 1:colcon.colcon_core.package_identification:_identify(src/mujoco_menagerie/kinova_gen3) by extension 'ignore_ament_install'
[1.262s] Level 1:colcon.colcon_core.package_identification:_identify(src/mujoco_menagerie/kinova_gen3) by extensions ['colcon_pkg']
[1.262s] Level 1:colcon.colcon_core.package_identification:_identify(src/mujoco_menagerie/kinova_gen3) by extension 'colcon_pkg'
[1.262s] Level 1:colcon.colcon_core.package_identification:_identify(src/mujoco_menagerie/kinova_gen3) by extensions ['colcon_meta']
[1.262s] Level 1:colcon.colcon_core.package_identification:_identify(src/mujoco_menagerie/kinova_gen3) by extension 'colcon_meta'
[1.262s] Level 1:colcon.colcon_core.package_identification:_identify(src/mujoco_menagerie/kinova_gen3) by extensions ['ros']
[1.262s] Level 1:colcon.colcon_core.package_identification:_identify(src/mujoco_menagerie/kinova_gen3) by extension 'ros'
[1.263s] Level 1:colcon.colcon_core.package_identification:_identify(src/mujoco_menagerie/kinova_gen3) by extensions ['cmake', 'python']
[1.263s] Level 1:colcon.colcon_core.package_identification:_identify(src/mujoco_menagerie/kinova_gen3) by extension 'cmake'
[1.263s] Level 1:colcon.colcon_core.package_identification:_identify(src/mujoco_menagerie/kinova_gen3) by extension 'python'
[1.263s] Level 1:colcon.colcon_core.package_identification:_identify(src/mujoco_menagerie/kinova_gen3) by extensions ['python_setup_py']
[1.263s] Level 1:colcon.colcon_core.package_identification:_identify(src/mujoco_menagerie/kinova_gen3) by extension 'python_setup_py'
[1.263s] Level 1:colcon.colcon_core.package_identification:_identify(src/mujoco_menagerie/kinova_gen3/assets) by extensions ['ignore', 'ignore_ament_install']
[1.263s] Level 1:colcon.colcon_core.package_identification:_identify(src/mujoco_menagerie/kinova_gen3/assets) by extension 'ignore'
[1.263s] Level 1:colcon.colcon_core.package_identification:_identify(src/mujoco_menagerie/kinova_gen3/assets) by extension 'ignore_ament_install'
[1.263s] Level 1:colcon.colcon_core.package_identification:_identify(src/mujoco_menagerie/kinova_gen3/assets) by extensions ['colcon_pkg']
[1.263s] Level 1:colcon.colcon_core.package_identification:_identify(src/mujoco_menagerie/kinova_gen3/assets) by extension 'colcon_pkg'
[1.264s] Level 1:colcon.colcon_core.package_identification:_identify(src/mujoco_menagerie/kinova_gen3/assets) by extensions ['colcon_meta']
[1.264s] Level 1:colcon.colcon_core.package_identification:_identify(src/mujoco_menagerie/kinova_gen3/assets) by extension 'colcon_meta'
[1.264s] Level 1:colcon.colcon_core.package_identification:_identify(src/mujoco_menagerie/kinova_gen3/assets) by extensions ['ros']
[1.264s] Level 1:colcon.colcon_core.package_identification:_identify(src/mujoco_menagerie/kinova_gen3/assets) by extension 'ros'
[1.264s] Level 1:colcon.colcon_core.package_identification:_identify(src/mujoco_menagerie/kinova_gen3/assets) by extensions ['cmake', 'python']
[1.264s] Level 1:colcon.colcon_core.package_identification:_identify(src/mujoco_menagerie/kinova_gen3/assets) by extension 'cmake'
[1.264s] Level 1:colcon.colcon_core.package_identification:_identify(src/mujoco_menagerie/kinova_gen3/assets) by extension 'python'
[1.264s] Level 1:colcon.colcon_core.package_identification:_identify(src/mujoco_menagerie/kinova_gen3/assets) by extensions ['python_setup_py']
[1.264s] Level 1:colcon.colcon_core.package_identification:_identify(src/mujoco_menagerie/kinova_gen3/assets) by extension 'python_setup_py'
[1.264s] Level 1:colcon.colcon_core.package_identification:_identify(src/mujoco_menagerie/kuka_iiwa_14) by extensions ['ignore', 'ignore_ament_install']
[1.265s] Level 1:colcon.colcon_core.package_identification:_identify(src/mujoco_menagerie/kuka_iiwa_14) by extension 'ignore'
[1.265s] Level 1:colcon.colcon_core.package_identification:_identify(src/mujoco_menagerie/kuka_iiwa_14) by extension 'ignore_ament_install'
[1.265s] Level 1:colcon.colcon_core.package_identification:_identify(src/mujoco_menagerie/kuka_iiwa_14) by extensions ['colcon_pkg']
[1.265s] Level 1:colcon.colcon_core.package_identification:_identify(src/mujoco_menagerie/kuka_iiwa_14) by extension 'colcon_pkg'
[1.265s] Level 1:colcon.colcon_core.package_identification:_identify(src/mujoco_menagerie/kuka_iiwa_14) by extensions ['colcon_meta']
[1.265s] Level 1:colcon.colcon_core.package_identification:_identify(src/mujoco_menagerie/kuka_iiwa_14) by extension 'colcon_meta'
[1.265s] Level 1:colcon.colcon_core.package_identification:_identify(src/mujoco_menagerie/kuka_iiwa_14) by extensions ['ros']
[1.265s] Level 1:colcon.colcon_core.package_identification:_identify(src/mujoco_menagerie/kuka_iiwa_14) by extension 'ros'
[1.265s] Level 1:colcon.colcon_core.package_identification:_identify(src/mujoco_menagerie/kuka_iiwa_14) by extensions ['cmake', 'python']
[1.265s] Level 1:colcon.colcon_core.package_identification:_identify(src/mujoco_menagerie/kuka_iiwa_14) by extension 'cmake'
[1.266s] Level 1:colcon.colcon_core.package_identification:_identify(src/mujoco_menagerie/kuka_iiwa_14) by extension 'python'
[1.266s] Level 1:colcon.colcon_core.package_identification:_identify(src/mujoco_menagerie/kuka_iiwa_14) by extensions ['python_setup_py']
[1.266s] Level 1:colcon.colcon_core.package_identification:_identify(src/mujoco_menagerie/kuka_iiwa_14) by extension 'python_setup_py'
[1.266s] Level 1:colcon.colcon_core.package_identification:_identify(src/mujoco_menagerie/kuka_iiwa_14/assets) by extensions ['ignore', 'ignore_ament_install']
[1.269s] Level 1:colcon.colcon_core.package_identification:_identify(src/mujoco_menagerie/kuka_iiwa_14/assets) by extension 'ignore'
[1.269s] Level 1:colcon.colcon_core.package_identification:_identify(src/mujoco_menagerie/kuka_iiwa_14/assets) by extension 'ignore_ament_install'
[1.269s] Level 1:colcon.colcon_core.package_identification:_identify(src/mujoco_menagerie/kuka_iiwa_14/assets) by extensions ['colcon_pkg']
[1.269s] Level 1:colcon.colcon_core.package_identification:_identify(src/mujoco_menagerie/kuka_iiwa_14/assets) by extension 'colcon_pkg'
[1.269s] Level 1:colcon.colcon_core.package_identification:_identify(src/mujoco_menagerie/kuka_iiwa_14/assets) by extensions ['colcon_meta']
[1.269s] Level 1:colcon.colcon_core.package_identification:_identify(src/mujoco_menagerie/kuka_iiwa_14/assets) by extension 'colcon_meta'
[1.270s] Level 1:colcon.colcon_core.package_identification:_identify(src/mujoco_menagerie/kuka_iiwa_14/assets) by extensions ['ros']
[1.270s] Level 1:colcon.colcon_core.package_identification:_identify(src/mujoco_menagerie/kuka_iiwa_14/assets) by extension 'ros'
[1.270s] Level 1:colcon.colcon_core.package_identification:_identify(src/mujoco_menagerie/kuka_iiwa_14/assets) by extensions ['cmake', 'python']
[1.270s] Level 1:colcon.colcon_core.package_identification:_identify(src/mujoco_menagerie/kuka_iiwa_14/assets) by extension 'cmake'
[1.270s] Level 1:colcon.colcon_core.package_identification:_identify(src/mujoco_menagerie/kuka_iiwa_14/assets) by extension 'python'
[1.270s] Level 1:colcon.colcon_core.package_identification:_identify(src/mujoco_menagerie/kuka_iiwa_14/assets) by extensions ['python_setup_py']
[1.270s] Level 1:colcon.colcon_core.package_identification:_identify(src/mujoco_menagerie/kuka_iiwa_14/assets) by extension 'python_setup_py'
[1.270s] Level 1:colcon.colcon_core.package_identification:_identify(src/mujoco_menagerie/leap_hand) by extensions ['ignore', 'ignore_ament_install']
[1.270s] Level 1:colcon.colcon_core.package_identification:_identify(src/mujoco_menagerie/leap_hand) by extension 'ignore'
[1.271s] Level 1:colcon.colcon_core.package_identification:_identify(src/mujoco_menagerie/leap_hand) by extension 'ignore_ament_install'
[1.271s] Level 1:colcon.colcon_core.package_identification:_identify(src/mujoco_menagerie/leap_hand) by extensions ['colcon_pkg']
[1.271s] Level 1:colcon.colcon_core.package_identification:_identify(src/mujoco_menagerie/leap_hand) by extension 'colcon_pkg'
[1.271s] Level 1:colcon.colcon_core.package_identification:_identify(src/mujoco_menagerie/leap_hand) by extensions ['colcon_meta']
[1.271s] Level 1:colcon.colcon_core.package_identification:_identify(src/mujoco_menagerie/leap_hand) by extension 'colcon_meta'
[1.271s] Level 1:colcon.colcon_core.package_identification:_identify(src/mujoco_menagerie/leap_hand) by extensions ['ros']
[1.271s] Level 1:colcon.colcon_core.package_identification:_identify(src/mujoco_menagerie/leap_hand) by extension 'ros'
[1.271s] Level 1:colcon.colcon_core.package_identification:_identify(src/mujoco_menagerie/leap_hand) by extensions ['cmake', 'python']
[1.271s] Level 1:colcon.colcon_core.package_identification:_identify(src/mujoco_menagerie/leap_hand) by extension 'cmake'
[1.271s] Level 1:colcon.colcon_core.package_identification:_identify(src/mujoco_menagerie/leap_hand) by extension 'python'
[1.271s] Level 1:colcon.colcon_core.package_identification:_identify(src/mujoco_menagerie/leap_hand) by extensions ['python_setup_py']
[1.271s] Level 1:colcon.colcon_core.package_identification:_identify(src/mujoco_menagerie/leap_hand) by extension 'python_setup_py'
[1.272s] Level 1:colcon.colcon_core.package_identification:_identify(src/mujoco_menagerie/leap_hand/assets) by extensions ['ignore', 'ignore_ament_install']
[1.272s] Level 1:colcon.colcon_core.package_identification:_identify(src/mujoco_menagerie/leap_hand/assets) by extension 'ignore'
[1.272s] Level 1:colcon.colcon_core.package_identification:_identify(src/mujoco_menagerie/leap_hand/assets) by extension 'ignore_ament_install'
[1.272s] Level 1:colcon.colcon_core.package_identification:_identify(src/mujoco_menagerie/leap_hand/assets) by extensions ['colcon_pkg']
[1.272s] Level 1:colcon.colcon_core.package_identification:_identify(src/mujoco_menagerie/leap_hand/assets) by extension 'colcon_pkg'
[1.272s] Level 1:colcon.colcon_core.package_identification:_identify(src/mujoco_menagerie/leap_hand/assets) by extensions ['colcon_meta']
[1.272s] Level 1:colcon.colcon_core.package_identification:_identify(src/mujoco_menagerie/leap_hand/assets) by extension 'colcon_meta'
[1.272s] Level 1:colcon.colcon_core.package_identification:_identify(src/mujoco_menagerie/leap_hand/assets) by extensions ['ros']
[1.272s] Level 1:colcon.colcon_core.package_identification:_identify(src/mujoco_menagerie/leap_hand/assets) by extension 'ros'
[1.273s] Level 1:colcon.colcon_core.package_identification:_identify(src/mujoco_menagerie/leap_hand/assets) by extensions ['cmake', 'python']
[1.273s] Level 1:colcon.colcon_core.package_identification:_identify(src/mujoco_menagerie/leap_hand/assets) by extension 'cmake'
[1.273s] Level 1:colcon.colcon_core.package_identification:_identify(src/mujoco_menagerie/leap_hand/assets) by extension 'python'
[1.273s] Level 1:colcon.colcon_core.package_identification:_identify(src/mujoco_menagerie/leap_hand/assets) by extensions ['python_setup_py']
[1.273s] Level 1:colcon.colcon_core.package_identification:_identify(src/mujoco_menagerie/leap_hand/assets) by extension 'python_setup_py'
[1.273s] Level 1:colcon.colcon_core.package_identification:_identify(src/mujoco_menagerie/low_cost_robot_arm) by extensions ['ignore', 'ignore_ament_install']
[1.273s] Level 1:colcon.colcon_core.package_identification:_identify(src/mujoco_menagerie/low_cost_robot_arm) by extension 'ignore'
[1.273s] Level 1:colcon.colcon_core.package_identification:_identify(src/mujoco_menagerie/low_cost_robot_arm) by extension 'ignore_ament_install'
[1.274s] Level 1:colcon.colcon_core.package_identification:_identify(src/mujoco_menagerie/low_cost_robot_arm) by extensions ['colcon_pkg']
[1.274s] Level 1:colcon.colcon_core.package_identification:_identify(src/mujoco_menagerie/low_cost_robot_arm) by extension 'colcon_pkg'
[1.274s] Level 1:colcon.colcon_core.package_identification:_identify(src/mujoco_menagerie/low_cost_robot_arm) by extensions ['colcon_meta']
[1.274s] Level 1:colcon.colcon_core.package_identification:_identify(src/mujoco_menagerie/low_cost_robot_arm) by extension 'colcon_meta'
[1.274s] Level 1:colcon.colcon_core.package_identification:_identify(src/mujoco_menagerie/low_cost_robot_arm) by extensions ['ros']
[1.274s] Level 1:colcon.colcon_core.package_identification:_identify(src/mujoco_menagerie/low_cost_robot_arm) by extension 'ros'
[1.274s] Level 1:colcon.colcon_core.package_identification:_identify(src/mujoco_menagerie/low_cost_robot_arm) by extensions ['cmake', 'python']
[1.274s] Level 1:colcon.colcon_core.package_identification:_identify(src/mujoco_menagerie/low_cost_robot_arm) by extension 'cmake'
[1.274s] Level 1:colcon.colcon_core.package_identification:_identify(src/mujoco_menagerie/low_cost_robot_arm) by extension 'python'
[1.274s] Level 1:colcon.colcon_core.package_identification:_identify(src/mujoco_menagerie/low_cost_robot_arm) by extensions ['python_setup_py']
[1.274s] Level 1:colcon.colcon_core.package_identification:_identify(src/mujoco_menagerie/low_cost_robot_arm) by extension 'python_setup_py'
[1.275s] Level 1:colcon.colcon_core.package_identification:_identify(src/mujoco_menagerie/low_cost_robot_arm/assets) by extensions ['ignore', 'ignore_ament_install']
[1.275s] Level 1:colcon.colcon_core.package_identification:_identify(src/mujoco_menagerie/low_cost_robot_arm/assets) by extension 'ignore'
[1.275s] Level 1:colcon.colcon_core.package_identification:_identify(src/mujoco_menagerie/low_cost_robot_arm/assets) by extension 'ignore_ament_install'
[1.275s] Level 1:colcon.colcon_core.package_identification:_identify(src/mujoco_menagerie/low_cost_robot_arm/assets) by extensions ['colcon_pkg']
[1.275s] Level 1:colcon.colcon_core.package_identification:_identify(src/mujoco_menagerie/low_cost_robot_arm/assets) by extension 'colcon_pkg'
[1.275s] Level 1:colcon.colcon_core.package_identification:_identify(src/mujoco_menagerie/low_cost_robot_arm/assets) by extensions ['colcon_meta']
[1.275s] Level 1:colcon.colcon_core.package_identification:_identify(src/mujoco_menagerie/low_cost_robot_arm/assets) by extension 'colcon_meta'
[1.275s] Level 1:colcon.colcon_core.package_identification:_identify(src/mujoco_menagerie/low_cost_robot_arm/assets) by extensions ['ros']
[1.276s] Level 1:colcon.colcon_core.package_identification:_identify(src/mujoco_menagerie/low_cost_robot_arm/assets) by extension 'ros'
[1.276s] Level 1:colcon.colcon_core.package_identification:_identify(src/mujoco_menagerie/low_cost_robot_arm/assets) by extensions ['cmake', 'python']
[1.276s] Level 1:colcon.colcon_core.package_identification:_identify(src/mujoco_menagerie/low_cost_robot_arm/assets) by extension 'cmake'
[1.276s] Level 1:colcon.colcon_core.package_identification:_identify(src/mujoco_menagerie/low_cost_robot_arm/assets) by extension 'python'
[1.276s] Level 1:colcon.colcon_core.package_identification:_identify(src/mujoco_menagerie/low_cost_robot_arm/assets) by extensions ['python_setup_py']
[1.276s] Level 1:colcon.colcon_core.package_identification:_identify(src/mujoco_menagerie/low_cost_robot_arm/assets) by extension 'python_setup_py'
[1.276s] Level 1:colcon.colcon_core.package_identification:_identify(src/mujoco_menagerie/pal_talos) by extensions ['ignore', 'ignore_ament_install']
[1.276s] Level 1:colcon.colcon_core.package_identification:_identify(src/mujoco_menagerie/pal_talos) by extension 'ignore'
[1.277s] Level 1:colcon.colcon_core.package_identification:_identify(src/mujoco_menagerie/pal_talos) by extension 'ignore_ament_install'
[1.277s] Level 1:colcon.colcon_core.package_identification:_identify(src/mujoco_menagerie/pal_talos) by extensions ['colcon_pkg']
[1.277s] Level 1:colcon.colcon_core.package_identification:_identify(src/mujoco_menagerie/pal_talos) by extension 'colcon_pkg'
[1.277s] Level 1:colcon.colcon_core.package_identification:_identify(src/mujoco_menagerie/pal_talos) by extensions ['colcon_meta']
[1.277s] Level 1:colcon.colcon_core.package_identification:_identify(src/mujoco_menagerie/pal_talos) by extension 'colcon_meta'
[1.277s] Level 1:colcon.colcon_core.package_identification:_identify(src/mujoco_menagerie/pal_talos) by extensions ['ros']
[1.277s] Level 1:colcon.colcon_core.package_identification:_identify(src/mujoco_menagerie/pal_talos) by extension 'ros'
[1.277s] Level 1:colcon.colcon_core.package_identification:_identify(src/mujoco_menagerie/pal_talos) by extensions ['cmake', 'python']
[1.277s] Level 1:colcon.colcon_core.package_identification:_identify(src/mujoco_menagerie/pal_talos) by extension 'cmake'
[1.277s] Level 1:colcon.colcon_core.package_identification:_identify(src/mujoco_menagerie/pal_talos) by extension 'python'
[1.277s] Level 1:colcon.colcon_core.package_identification:_identify(src/mujoco_menagerie/pal_talos) by extensions ['python_setup_py']
[1.278s] Level 1:colcon.colcon_core.package_identification:_identify(src/mujoco_menagerie/pal_talos) by extension 'python_setup_py'
[1.278s] Level 1:colcon.colcon_core.package_identification:_identify(src/mujoco_menagerie/pal_talos/assets) by extensions ['ignore', 'ignore_ament_install']
[1.278s] Level 1:colcon.colcon_core.package_identification:_identify(src/mujoco_menagerie/pal_talos/assets) by extension 'ignore'
[1.278s] Level 1:colcon.colcon_core.package_identification:_identify(src/mujoco_menagerie/pal_talos/assets) by extension 'ignore_ament_install'
[1.278s] Level 1:colcon.colcon_core.package_identification:_identify(src/mujoco_menagerie/pal_talos/assets) by extensions ['colcon_pkg']
[1.278s] Level 1:colcon.colcon_core.package_identification:_identify(src/mujoco_menagerie/pal_talos/assets) by extension 'colcon_pkg'
[1.278s] Level 1:colcon.colcon_core.package_identification:_identify(src/mujoco_menagerie/pal_talos/assets) by extensions ['colcon_meta']
[1.278s] Level 1:colcon.colcon_core.package_identification:_identify(src/mujoco_menagerie/pal_talos/assets) by extension 'colcon_meta'
[1.278s] Level 1:colcon.colcon_core.package_identification:_identify(src/mujoco_menagerie/pal_talos/assets) by extensions ['ros']
[1.279s] Level 1:colcon.colcon_core.package_identification:_identify(src/mujoco_menagerie/pal_talos/assets) by extension 'ros'
[1.279s] Level 1:colcon.colcon_core.package_identification:_identify(src/mujoco_menagerie/pal_talos/assets) by extensions ['cmake', 'python']
[1.279s] Level 1:colcon.colcon_core.package_identification:_identify(src/mujoco_menagerie/pal_talos/assets) by extension 'cmake'
[1.279s] Level 1:colcon.colcon_core.package_identification:_identify(src/mujoco_menagerie/pal_talos/assets) by extension 'python'
[1.279s] Level 1:colcon.colcon_core.package_identification:_identify(src/mujoco_menagerie/pal_talos/assets) by extensions ['python_setup_py']
[1.279s] Level 1:colcon.colcon_core.package_identification:_identify(src/mujoco_menagerie/pal_talos/assets) by extension 'python_setup_py'
[1.279s] Level 1:colcon.colcon_core.package_identification:_identify(src/mujoco_menagerie/pal_talos/assets/arm) by extensions ['ignore', 'ignore_ament_install']
[1.280s] Level 1:colcon.colcon_core.package_identification:_identify(src/mujoco_menagerie/pal_talos/assets/arm) by extension 'ignore'
[1.280s] Level 1:colcon.colcon_core.package_identification:_identify(src/mujoco_menagerie/pal_talos/assets/arm) by extension 'ignore_ament_install'
[1.280s] Level 1:colcon.colcon_core.package_identification:_identify(src/mujoco_menagerie/pal_talos/assets/arm) by extensions ['colcon_pkg']
[1.280s] Level 1:colcon.colcon_core.package_identification:_identify(src/mujoco_menagerie/pal_talos/assets/arm) by extension 'colcon_pkg'
[1.280s] Level 1:colcon.colcon_core.package_identification:_identify(src/mujoco_menagerie/pal_talos/assets/arm) by extensions ['colcon_meta']
[1.280s] Level 1:colcon.colcon_core.package_identification:_identify(src/mujoco_menagerie/pal_talos/assets/arm) by extension 'colcon_meta'
[1.280s] Level 1:colcon.colcon_core.package_identification:_identify(src/mujoco_menagerie/pal_talos/assets/arm) by extensions ['ros']
[1.280s] Level 1:colcon.colcon_core.package_identification:_identify(src/mujoco_menagerie/pal_talos/assets/arm) by extension 'ros'
[1.280s] Level 1:colcon.colcon_core.package_identification:_identify(src/mujoco_menagerie/pal_talos/assets/arm) by extensions ['cmake', 'python']
[1.280s] Level 1:colcon.colcon_core.package_identification:_identify(src/mujoco_menagerie/pal_talos/assets/arm) by extension 'cmake'
[1.281s] Level 1:colcon.colcon_core.package_identification:_identify(src/mujoco_menagerie/pal_talos/assets/arm) by extension 'python'
[1.281s] Level 1:colcon.colcon_core.package_identification:_identify(src/mujoco_menagerie/pal_talos/assets/arm) by extensions ['python_setup_py']
[1.281s] Level 1:colcon.colcon_core.package_identification:_identify(src/mujoco_menagerie/pal_talos/assets/arm) by extension 'python_setup_py'
[1.281s] Level 1:colcon.colcon_core.package_identification:_identify(src/mujoco_menagerie/pal_talos/assets/gripper) by extensions ['ignore', 'ignore_ament_install']
[1.281s] Level 1:colcon.colcon_core.package_identification:_identify(src/mujoco_menagerie/pal_talos/assets/gripper) by extension 'ignore'
[1.281s] Level 1:colcon.colcon_core.package_identification:_identify(src/mujoco_menagerie/pal_talos/assets/gripper) by extension 'ignore_ament_install'
[1.281s] Level 1:colcon.colcon_core.package_identification:_identify(src/mujoco_menagerie/pal_talos/assets/gripper) by extensions ['colcon_pkg']
[1.281s] Level 1:colcon.colcon_core.package_identification:_identify(src/mujoco_menagerie/pal_talos/assets/gripper) by extension 'colcon_pkg'
[1.281s] Level 1:colcon.colcon_core.package_identification:_identify(src/mujoco_menagerie/pal_talos/assets/gripper) by extensions ['colcon_meta']
[1.282s] Level 1:colcon.colcon_core.package_identification:_identify(src/mujoco_menagerie/pal_talos/assets/gripper) by extension 'colcon_meta'
[1.282s] Level 1:colcon.colcon_core.package_identification:_identify(src/mujoco_menagerie/pal_talos/assets/gripper) by extensions ['ros']
[1.282s] Level 1:colcon.colcon_core.package_identification:_identify(src/mujoco_menagerie/pal_talos/assets/gripper) by extension 'ros'
[1.282s] Level 1:colcon.colcon_core.package_identification:_identify(src/mujoco_menagerie/pal_talos/assets/gripper) by extensions ['cmake', 'python']
[1.282s] Level 1:colcon.colcon_core.package_identification:_identify(src/mujoco_menagerie/pal_talos/assets/gripper) by extension 'cmake'
[1.282s] Level 1:colcon.colcon_core.package_identification:_identify(src/mujoco_menagerie/pal_talos/assets/gripper) by extension 'python'
[1.282s] Level 1:colcon.colcon_core.package_identification:_identify(src/mujoco_menagerie/pal_talos/assets/gripper) by extensions ['python_setup_py']
[1.282s] Level 1:colcon.colcon_core.package_identification:_identify(src/mujoco_menagerie/pal_talos/assets/gripper) by extension 'python_setup_py'
[1.282s] Level 1:colcon.colcon_core.package_identification:_identify(src/mujoco_menagerie/pal_talos/assets/head) by extensions ['ignore', 'ignore_ament_install']
[1.283s] Level 1:colcon.colcon_core.package_identification:_identify(src/mujoco_menagerie/pal_talos/assets/head) by extension 'ignore'
[1.283s] Level 1:colcon.colcon_core.package_identification:_identify(src/mujoco_menagerie/pal_talos/assets/head) by extension 'ignore_ament_install'
[1.283s] Level 1:colcon.colcon_core.package_identification:_identify(src/mujoco_menagerie/pal_talos/assets/head) by extensions ['colcon_pkg']
[1.283s] Level 1:colcon.colcon_core.package_identification:_identify(src/mujoco_menagerie/pal_talos/assets/head) by extension 'colcon_pkg'
[1.283s] Level 1:colcon.colcon_core.package_identification:_identify(src/mujoco_menagerie/pal_talos/assets/head) by extensions ['colcon_meta']
[1.283s] Level 1:colcon.colcon_core.package_identification:_identify(src/mujoco_menagerie/pal_talos/assets/head) by extension 'colcon_meta'
[1.283s] Level 1:colcon.colcon_core.package_identification:_identify(src/mujoco_menagerie/pal_talos/assets/head) by extensions ['ros']
[1.283s] Level 1:colcon.colcon_core.package_identification:_identify(src/mujoco_menagerie/pal_talos/assets/head) by extension 'ros'
[1.283s] Level 1:colcon.colcon_core.package_identification:_identify(src/mujoco_menagerie/pal_talos/assets/head) by extensions ['cmake', 'python']
[1.284s] Level 1:colcon.colcon_core.package_identification:_identify(src/mujoco_menagerie/pal_talos/assets/head) by extension 'cmake'
[1.284s] Level 1:colcon.colcon_core.package_identification:_identify(src/mujoco_menagerie/pal_talos/assets/head) by extension 'python'
[1.284s] Level 1:colcon.colcon_core.package_identification:_identify(src/mujoco_menagerie/pal_talos/assets/head) by extensions ['python_setup_py']
[1.284s] Level 1:colcon.colcon_core.package_identification:_identify(src/mujoco_menagerie/pal_talos/assets/head) by extension 'python_setup_py'
[1.284s] Level 1:colcon.colcon_core.package_identification:_identify(src/mujoco_menagerie/pal_talos/assets/sensors) by extensions ['ignore', 'ignore_ament_install']
[1.284s] Level 1:colcon.colcon_core.package_identification:_identify(src/mujoco_menagerie/pal_talos/assets/sensors) by extension 'ignore'
[1.284s] Level 1:colcon.colcon_core.package_identification:_identify(src/mujoco_menagerie/pal_talos/assets/sensors) by extension 'ignore_ament_install'
[1.284s] Level 1:colcon.colcon_core.package_identification:_identify(src/mujoco_menagerie/pal_talos/assets/sensors) by extensions ['colcon_pkg']
[1.284s] Level 1:colcon.colcon_core.package_identification:_identify(src/mujoco_menagerie/pal_talos/assets/sensors) by extension 'colcon_pkg'
[1.285s] Level 1:colcon.colcon_core.package_identification:_identify(src/mujoco_menagerie/pal_talos/assets/sensors) by extensions ['colcon_meta']
[1.285s] Level 1:colcon.colcon_core.package_identification:_identify(src/mujoco_menagerie/pal_talos/assets/sensors) by extension 'colcon_meta'
[1.285s] Level 1:colcon.colcon_core.package_identification:_identify(src/mujoco_menagerie/pal_talos/assets/sensors) by extensions ['ros']
[1.285s] Level 1:colcon.colcon_core.package_identification:_identify(src/mujoco_menagerie/pal_talos/assets/sensors) by extension 'ros'
[1.285s] Level 1:colcon.colcon_core.package_identification:_identify(src/mujoco_menagerie/pal_talos/assets/sensors) by extensions ['cmake', 'python']
[1.285s] Level 1:colcon.colcon_core.package_identification:_identify(src/mujoco_menagerie/pal_talos/assets/sensors) by extension 'cmake'
[1.285s] Level 1:colcon.colcon_core.package_identification:_identify(src/mujoco_menagerie/pal_talos/assets/sensors) by extension 'python'
[1.285s] Level 1:colcon.colcon_core.package_identification:_identify(src/mujoco_menagerie/pal_talos/assets/sensors) by extensions ['python_setup_py']
[1.285s] Level 1:colcon.colcon_core.package_identification:_identify(src/mujoco_menagerie/pal_talos/assets/sensors) by extension 'python_setup_py'
[1.285s] Level 1:colcon.colcon_core.package_identification:_identify(src/mujoco_menagerie/pal_talos/assets/sensors/orbbec) by extensions ['ignore', 'ignore_ament_install']
[1.286s] Level 1:colcon.colcon_core.package_identification:_identify(src/mujoco_menagerie/pal_talos/assets/sensors/orbbec) by extension 'ignore'
[1.286s] Level 1:colcon.colcon_core.package_identification:_identify(src/mujoco_menagerie/pal_talos/assets/sensors/orbbec) by extension 'ignore_ament_install'
[1.286s] Level 1:colcon.colcon_core.package_identification:_identify(src/mujoco_menagerie/pal_talos/assets/sensors/orbbec) by extensions ['colcon_pkg']
[1.286s] Level 1:colcon.colcon_core.package_identification:_identify(src/mujoco_menagerie/pal_talos/assets/sensors/orbbec) by extension 'colcon_pkg'
[1.286s] Level 1:colcon.colcon_core.package_identification:_identify(src/mujoco_menagerie/pal_talos/assets/sensors/orbbec) by extensions ['colcon_meta']
[1.286s] Level 1:colcon.colcon_core.package_identification:_identify(src/mujoco_menagerie/pal_talos/assets/sensors/orbbec) by extension 'colcon_meta'
[1.286s] Level 1:colcon.colcon_core.package_identification:_identify(src/mujoco_menagerie/pal_talos/assets/sensors/orbbec) by extensions ['ros']
[1.286s] Level 1:colcon.colcon_core.package_identification:_identify(src/mujoco_menagerie/pal_talos/assets/sensors/orbbec) by extension 'ros'
[1.286s] Level 1:colcon.colcon_core.package_identification:_identify(src/mujoco_menagerie/pal_talos/assets/sensors/orbbec) by extensions ['cmake', 'python']
[1.287s] Level 1:colcon.colcon_core.package_identification:_identify(src/mujoco_menagerie/pal_talos/assets/sensors/orbbec) by extension 'cmake'
[1.287s] Level 1:colcon.colcon_core.package_identification:_identify(src/mujoco_menagerie/pal_talos/assets/sensors/orbbec) by extension 'python'
[1.287s] Level 1:colcon.colcon_core.package_identification:_identify(src/mujoco_menagerie/pal_talos/assets/sensors/orbbec) by extensions ['python_setup_py']
[1.287s] Level 1:colcon.colcon_core.package_identification:_identify(src/mujoco_menagerie/pal_talos/assets/sensors/orbbec) by extension 'python_setup_py'
[1.287s] Level 1:colcon.colcon_core.package_identification:_identify(src/mujoco_menagerie/pal_talos/assets/torso) by extensions ['ignore', 'ignore_ament_install']
[1.287s] Level 1:colcon.colcon_core.package_identification:_identify(src/mujoco_menagerie/pal_talos/assets/torso) by extension 'ignore'
[1.287s] Level 1:colcon.colcon_core.package_identification:_identify(src/mujoco_menagerie/pal_talos/assets/torso) by extension 'ignore_ament_install'
[1.287s] Level 1:colcon.colcon_core.package_identification:_identify(src/mujoco_menagerie/pal_talos/assets/torso) by extensions ['colcon_pkg']
[1.287s] Level 1:colcon.colcon_core.package_identification:_identify(src/mujoco_menagerie/pal_talos/assets/torso) by extension 'colcon_pkg'
[1.288s] Level 1:colcon.colcon_core.package_identification:_identify(src/mujoco_menagerie/pal_talos/assets/torso) by extensions ['colcon_meta']
[1.288s] Level 1:colcon.colcon_core.package_identification:_identify(src/mujoco_menagerie/pal_talos/assets/torso) by extension 'colcon_meta'
[1.288s] Level 1:colcon.colcon_core.package_identification:_identify(src/mujoco_menagerie/pal_talos/assets/torso) by extensions ['ros']
[1.288s] Level 1:colcon.colcon_core.package_identification:_identify(src/mujoco_menagerie/pal_talos/assets/torso) by extension 'ros'
[1.288s] Level 1:colcon.colcon_core.package_identification:_identify(src/mujoco_menagerie/pal_talos/assets/torso) by extensions ['cmake', 'python']
[1.288s] Level 1:colcon.colcon_core.package_identification:_identify(src/mujoco_menagerie/pal_talos/assets/torso) by extension 'cmake'
[1.288s] Level 1:colcon.colcon_core.package_identification:_identify(src/mujoco_menagerie/pal_talos/assets/torso) by extension 'python'
[1.288s] Level 1:colcon.colcon_core.package_identification:_identify(src/mujoco_menagerie/pal_talos/assets/torso) by extensions ['python_setup_py']
[1.288s] Level 1:colcon.colcon_core.package_identification:_identify(src/mujoco_menagerie/pal_talos/assets/torso) by extension 'python_setup_py'
[1.289s] Level 1:colcon.colcon_core.package_identification:_identify(src/mujoco_menagerie/pal_talos/assets/v2) by extensions ['ignore', 'ignore_ament_install']
[1.289s] Level 1:colcon.colcon_core.package_identification:_identify(src/mujoco_menagerie/pal_talos/assets/v2) by extension 'ignore'
[1.289s] Level 1:colcon.colcon_core.package_identification:_identify(src/mujoco_menagerie/pal_talos/assets/v2) by extension 'ignore_ament_install'
[1.289s] Level 1:colcon.colcon_core.package_identification:_identify(src/mujoco_menagerie/pal_talos/assets/v2) by extensions ['colcon_pkg']
[1.289s] Level 1:colcon.colcon_core.package_identification:_identify(src/mujoco_menagerie/pal_talos/assets/v2) by extension 'colcon_pkg'
[1.289s] Level 1:colcon.colcon_core.package_identification:_identify(src/mujoco_menagerie/pal_talos/assets/v2) by extensions ['colcon_meta']
[1.289s] Level 1:colcon.colcon_core.package_identification:_identify(src/mujoco_menagerie/pal_talos/assets/v2) by extension 'colcon_meta'
[1.289s] Level 1:colcon.colcon_core.package_identification:_identify(src/mujoco_menagerie/pal_talos/assets/v2) by extensions ['ros']
[1.289s] Level 1:colcon.colcon_core.package_identification:_identify(src/mujoco_menagerie/pal_talos/assets/v2) by extension 'ros'
[1.290s] Level 1:colcon.colcon_core.package_identification:_identify(src/mujoco_menagerie/pal_talos/assets/v2) by extensions ['cmake', 'python']
[1.290s] Level 1:colcon.colcon_core.package_identification:_identify(src/mujoco_menagerie/pal_talos/assets/v2) by extension 'cmake'
[1.290s] Level 1:colcon.colcon_core.package_identification:_identify(src/mujoco_menagerie/pal_talos/assets/v2) by extension 'python'
[1.290s] Level 1:colcon.colcon_core.package_identification:_identify(src/mujoco_menagerie/pal_talos/assets/v2) by extensions ['python_setup_py']
[1.290s] Level 1:colcon.colcon_core.package_identification:_identify(src/mujoco_menagerie/pal_talos/assets/v2) by extension 'python_setup_py'
[1.290s] Level 1:colcon.colcon_core.package_identification:_identify(src/mujoco_menagerie/pal_tiago) by extensions ['ignore', 'ignore_ament_install']
[1.290s] Level 1:colcon.colcon_core.package_identification:_identify(src/mujoco_menagerie/pal_tiago) by extension 'ignore'
[1.290s] Level 1:colcon.colcon_core.package_identification:_identify(src/mujoco_menagerie/pal_tiago) by extension 'ignore_ament_install'
[1.290s] Level 1:colcon.colcon_core.package_identification:_identify(src/mujoco_menagerie/pal_tiago) by extensions ['colcon_pkg']
[1.290s] Level 1:colcon.colcon_core.package_identification:_identify(src/mujoco_menagerie/pal_tiago) by extension 'colcon_pkg'
[1.291s] Level 1:colcon.colcon_core.package_identification:_identify(src/mujoco_menagerie/pal_tiago) by extensions ['colcon_meta']
[1.291s] Level 1:colcon.colcon_core.package_identification:_identify(src/mujoco_menagerie/pal_tiago) by extension 'colcon_meta'
[1.291s] Level 1:colcon.colcon_core.package_identification:_identify(src/mujoco_menagerie/pal_tiago) by extensions ['ros']
[1.291s] Level 1:colcon.colcon_core.package_identification:_identify(src/mujoco_menagerie/pal_tiago) by extension 'ros'
[1.291s] Level 1:colcon.colcon_core.package_identification:_identify(src/mujoco_menagerie/pal_tiago) by extensions ['cmake', 'python']
[1.291s] Level 1:colcon.colcon_core.package_identification:_identify(src/mujoco_menagerie/pal_tiago) by extension 'cmake'
[1.291s] Level 1:colcon.colcon_core.package_identification:_identify(src/mujoco_menagerie/pal_tiago) by extension 'python'
[1.291s] Level 1:colcon.colcon_core.package_identification:_identify(src/mujoco_menagerie/pal_tiago) by extensions ['python_setup_py']
[1.291s] Level 1:colcon.colcon_core.package_identification:_identify(src/mujoco_menagerie/pal_tiago) by extension 'python_setup_py'
[1.291s] Level 1:colcon.colcon_core.package_identification:_identify(src/mujoco_menagerie/pal_tiago/assets) by extensions ['ignore', 'ignore_ament_install']
[1.292s] Level 1:colcon.colcon_core.package_identification:_identify(src/mujoco_menagerie/pal_tiago/assets) by extension 'ignore'
[1.292s] Level 1:colcon.colcon_core.package_identification:_identify(src/mujoco_menagerie/pal_tiago/assets) by extension 'ignore_ament_install'
[1.292s] Level 1:colcon.colcon_core.package_identification:_identify(src/mujoco_menagerie/pal_tiago/assets) by extensions ['colcon_pkg']
[1.292s] Level 1:colcon.colcon_core.package_identification:_identify(src/mujoco_menagerie/pal_tiago/assets) by extension 'colcon_pkg'
[1.292s] Level 1:colcon.colcon_core.package_identification:_identify(src/mujoco_menagerie/pal_tiago/assets) by extensions ['colcon_meta']
[1.292s] Level 1:colcon.colcon_core.package_identification:_identify(src/mujoco_menagerie/pal_tiago/assets) by extension 'colcon_meta'
[1.292s] Level 1:colcon.colcon_core.package_identification:_identify(src/mujoco_menagerie/pal_tiago/assets) by extensions ['ros']
[1.292s] Level 1:colcon.colcon_core.package_identification:_identify(src/mujoco_menagerie/pal_tiago/assets) by extension 'ros'
[1.292s] Level 1:colcon.colcon_core.package_identification:_identify(src/mujoco_menagerie/pal_tiago/assets) by extensions ['cmake', 'python']
[1.292s] Level 1:colcon.colcon_core.package_identification:_identify(src/mujoco_menagerie/pal_tiago/assets) by extension 'cmake'
[1.292s] Level 1:colcon.colcon_core.package_identification:_identify(src/mujoco_menagerie/pal_tiago/assets) by extension 'python'
[1.293s] Level 1:colcon.colcon_core.package_identification:_identify(src/mujoco_menagerie/pal_tiago/assets) by extensions ['python_setup_py']
[1.293s] Level 1:colcon.colcon_core.package_identification:_identify(src/mujoco_menagerie/pal_tiago/assets) by extension 'python_setup_py'
[1.293s] Level 1:colcon.colcon_core.package_identification:_identify(src/mujoco_menagerie/pal_tiago/assets/arm) by extensions ['ignore', 'ignore_ament_install']
[1.293s] Level 1:colcon.colcon_core.package_identification:_identify(src/mujoco_menagerie/pal_tiago/assets/arm) by extension 'ignore'
[1.293s] Level 1:colcon.colcon_core.package_identification:_identify(src/mujoco_menagerie/pal_tiago/assets/arm) by extension 'ignore_ament_install'
[1.293s] Level 1:colcon.colcon_core.package_identification:_identify(src/mujoco_menagerie/pal_tiago/assets/arm) by extensions ['colcon_pkg']
[1.293s] Level 1:colcon.colcon_core.package_identification:_identify(src/mujoco_menagerie/pal_tiago/assets/arm) by extension 'colcon_pkg'
[1.293s] Level 1:colcon.colcon_core.package_identification:_identify(src/mujoco_menagerie/pal_tiago/assets/arm) by extensions ['colcon_meta']
[1.293s] Level 1:colcon.colcon_core.package_identification:_identify(src/mujoco_menagerie/pal_tiago/assets/arm) by extension 'colcon_meta'
[1.294s] Level 1:colcon.colcon_core.package_identification:_identify(src/mujoco_menagerie/pal_tiago/assets/arm) by extensions ['ros']
[1.294s] Level 1:colcon.colcon_core.package_identification:_identify(src/mujoco_menagerie/pal_tiago/assets/arm) by extension 'ros'
[1.294s] Level 1:colcon.colcon_core.package_identification:_identify(src/mujoco_menagerie/pal_tiago/assets/arm) by extensions ['cmake', 'python']
[1.294s] Level 1:colcon.colcon_core.package_identification:_identify(src/mujoco_menagerie/pal_tiago/assets/arm) by extension 'cmake'
[1.294s] Level 1:colcon.colcon_core.package_identification:_identify(src/mujoco_menagerie/pal_tiago/assets/arm) by extension 'python'
[1.294s] Level 1:colcon.colcon_core.package_identification:_identify(src/mujoco_menagerie/pal_tiago/assets/arm) by extensions ['python_setup_py']
[1.294s] Level 1:colcon.colcon_core.package_identification:_identify(src/mujoco_menagerie/pal_tiago/assets/arm) by extension 'python_setup_py'
[1.294s] Level 1:colcon.colcon_core.package_identification:_identify(src/mujoco_menagerie/pal_tiago/assets/base) by extensions ['ignore', 'ignore_ament_install']
[1.294s] Level 1:colcon.colcon_core.package_identification:_identify(src/mujoco_menagerie/pal_tiago/assets/base) by extension 'ignore'
[1.295s] Level 1:colcon.colcon_core.package_identification:_identify(src/mujoco_menagerie/pal_tiago/assets/base) by extension 'ignore_ament_install'
[1.295s] Level 1:colcon.colcon_core.package_identification:_identify(src/mujoco_menagerie/pal_tiago/assets/base) by extensions ['colcon_pkg']
[1.295s] Level 1:colcon.colcon_core.package_identification:_identify(src/mujoco_menagerie/pal_tiago/assets/base) by extension 'colcon_pkg'
[1.295s] Level 1:colcon.colcon_core.package_identification:_identify(src/mujoco_menagerie/pal_tiago/assets/base) by extensions ['colcon_meta']
[1.295s] Level 1:colcon.colcon_core.package_identification:_identify(src/mujoco_menagerie/pal_tiago/assets/base) by extension 'colcon_meta'
[1.295s] Level 1:colcon.colcon_core.package_identification:_identify(src/mujoco_menagerie/pal_tiago/assets/base) by extensions ['ros']
[1.295s] Level 1:colcon.colcon_core.package_identification:_identify(src/mujoco_menagerie/pal_tiago/assets/base) by extension 'ros'
[1.295s] Level 1:colcon.colcon_core.package_identification:_identify(src/mujoco_menagerie/pal_tiago/assets/base) by extensions ['cmake', 'python']
[1.295s] Level 1:colcon.colcon_core.package_identification:_identify(src/mujoco_menagerie/pal_tiago/assets/base) by extension 'cmake'
[1.295s] Level 1:colcon.colcon_core.package_identification:_identify(src/mujoco_menagerie/pal_tiago/assets/base) by extension 'python'
[1.295s] Level 1:colcon.colcon_core.package_identification:_identify(src/mujoco_menagerie/pal_tiago/assets/base) by extensions ['python_setup_py']
[1.296s] Level 1:colcon.colcon_core.package_identification:_identify(src/mujoco_menagerie/pal_tiago/assets/base) by extension 'python_setup_py'
[1.296s] Level 1:colcon.colcon_core.package_identification:_identify(src/mujoco_menagerie/pal_tiago/assets/gripper) by extensions ['ignore', 'ignore_ament_install']
[1.296s] Level 1:colcon.colcon_core.package_identification:_identify(src/mujoco_menagerie/pal_tiago/assets/gripper) by extension 'ignore'
[1.296s] Level 1:colcon.colcon_core.package_identification:_identify(src/mujoco_menagerie/pal_tiago/assets/gripper) by extension 'ignore_ament_install'
[1.296s] Level 1:colcon.colcon_core.package_identification:_identify(src/mujoco_menagerie/pal_tiago/assets/gripper) by extensions ['colcon_pkg']
[1.296s] Level 1:colcon.colcon_core.package_identification:_identify(src/mujoco_menagerie/pal_tiago/assets/gripper) by extension 'colcon_pkg'
[1.296s] Level 1:colcon.colcon_core.package_identification:_identify(src/mujoco_menagerie/pal_tiago/assets/gripper) by extensions ['colcon_meta']
[1.296s] Level 1:colcon.colcon_core.package_identification:_identify(src/mujoco_menagerie/pal_tiago/assets/gripper) by extension 'colcon_meta'
[1.296s] Level 1:colcon.colcon_core.package_identification:_identify(src/mujoco_menagerie/pal_tiago/assets/gripper) by extensions ['ros']
[1.297s] Level 1:colcon.colcon_core.package_identification:_identify(src/mujoco_menagerie/pal_tiago/assets/gripper) by extension 'ros'
[1.297s] Level 1:colcon.colcon_core.package_identification:_identify(src/mujoco_menagerie/pal_tiago/assets/gripper) by extensions ['cmake', 'python']
[1.297s] Level 1:colcon.colcon_core.package_identification:_identify(src/mujoco_menagerie/pal_tiago/assets/gripper) by extension 'cmake'
[1.297s] Level 1:colcon.colcon_core.package_identification:_identify(src/mujoco_menagerie/pal_tiago/assets/gripper) by extension 'python'
[1.297s] Level 1:colcon.colcon_core.package_identification:_identify(src/mujoco_menagerie/pal_tiago/assets/gripper) by extensions ['python_setup_py']
[1.297s] Level 1:colcon.colcon_core.package_identification:_identify(src/mujoco_menagerie/pal_tiago/assets/gripper) by extension 'python_setup_py'
[1.297s] Level 1:colcon.colcon_core.package_identification:_identify(src/mujoco_menagerie/pal_tiago/assets/head) by extensions ['ignore', 'ignore_ament_install']
[1.297s] Level 1:colcon.colcon_core.package_identification:_identify(src/mujoco_menagerie/pal_tiago/assets/head) by extension 'ignore'
[1.297s] Level 1:colcon.colcon_core.package_identification:_identify(src/mujoco_menagerie/pal_tiago/assets/head) by extension 'ignore_ament_install'
[1.298s] Level 1:colcon.colcon_core.package_identification:_identify(src/mujoco_menagerie/pal_tiago/assets/head) by extensions ['colcon_pkg']
[1.298s] Level 1:colcon.colcon_core.package_identification:_identify(src/mujoco_menagerie/pal_tiago/assets/head) by extension 'colcon_pkg'
[1.298s] Level 1:colcon.colcon_core.package_identification:_identify(src/mujoco_menagerie/pal_tiago/assets/head) by extensions ['colcon_meta']
[1.298s] Level 1:colcon.colcon_core.package_identification:_identify(src/mujoco_menagerie/pal_tiago/assets/head) by extension 'colcon_meta'
[1.298s] Level 1:colcon.colcon_core.package_identification:_identify(src/mujoco_menagerie/pal_tiago/assets/head) by extensions ['ros']
[1.298s] Level 1:colcon.colcon_core.package_identification:_identify(src/mujoco_menagerie/pal_tiago/assets/head) by extension 'ros'
[1.298s] Level 1:colcon.colcon_core.package_identification:_identify(src/mujoco_menagerie/pal_tiago/assets/head) by extensions ['cmake', 'python']
[1.298s] Level 1:colcon.colcon_core.package_identification:_identify(src/mujoco_menagerie/pal_tiago/assets/head) by extension 'cmake'
[1.298s] Level 1:colcon.colcon_core.package_identification:_identify(src/mujoco_menagerie/pal_tiago/assets/head) by extension 'python'
[1.298s] Level 1:colcon.colcon_core.package_identification:_identify(src/mujoco_menagerie/pal_tiago/assets/head) by extensions ['python_setup_py']
[1.298s] Level 1:colcon.colcon_core.package_identification:_identify(src/mujoco_menagerie/pal_tiago/assets/head) by extension 'python_setup_py'
[1.299s] Level 1:colcon.colcon_core.package_identification:_identify(src/mujoco_menagerie/pal_tiago/assets/objects) by extensions ['ignore', 'ignore_ament_install']
[1.299s] Level 1:colcon.colcon_core.package_identification:_identify(src/mujoco_menagerie/pal_tiago/assets/objects) by extension 'ignore'
[1.299s] Level 1:colcon.colcon_core.package_identification:_identify(src/mujoco_menagerie/pal_tiago/assets/objects) by extension 'ignore_ament_install'
[1.299s] Level 1:colcon.colcon_core.package_identification:_identify(src/mujoco_menagerie/pal_tiago/assets/objects) by extensions ['colcon_pkg']
[1.299s] Level 1:colcon.colcon_core.package_identification:_identify(src/mujoco_menagerie/pal_tiago/assets/objects) by extension 'colcon_pkg'
[1.299s] Level 1:colcon.colcon_core.package_identification:_identify(src/mujoco_menagerie/pal_tiago/assets/objects) by extensions ['colcon_meta']
[1.299s] Level 1:colcon.colcon_core.package_identification:_identify(src/mujoco_menagerie/pal_tiago/assets/objects) by extension 'colcon_meta'
[1.299s] Level 1:colcon.colcon_core.package_identification:_identify(src/mujoco_menagerie/pal_tiago/assets/objects) by extensions ['ros']
[1.299s] Level 1:colcon.colcon_core.package_identification:_identify(src/mujoco_menagerie/pal_tiago/assets/objects) by extension 'ros'
[1.300s] Level 1:colcon.colcon_core.package_identification:_identify(src/mujoco_menagerie/pal_tiago/assets/objects) by extensions ['cmake', 'python']
[1.300s] Level 1:colcon.colcon_core.package_identification:_identify(src/mujoco_menagerie/pal_tiago/assets/objects) by extension 'cmake'
[1.300s] Level 1:colcon.colcon_core.package_identification:_identify(src/mujoco_menagerie/pal_tiago/assets/objects) by extension 'python'
[1.300s] Level 1:colcon.colcon_core.package_identification:_identify(src/mujoco_menagerie/pal_tiago/assets/objects) by extensions ['python_setup_py']
[1.300s] Level 1:colcon.colcon_core.package_identification:_identify(src/mujoco_menagerie/pal_tiago/assets/objects) by extension 'python_setup_py'
[1.300s] Level 1:colcon.colcon_core.package_identification:_identify(src/mujoco_menagerie/pal_tiago/assets/sensors) by extensions ['ignore', 'ignore_ament_install']
[1.300s] Level 1:colcon.colcon_core.package_identification:_identify(src/mujoco_menagerie/pal_tiago/assets/sensors) by extension 'ignore'
[1.300s] Level 1:colcon.colcon_core.package_identification:_identify(src/mujoco_menagerie/pal_tiago/assets/sensors) by extension 'ignore_ament_install'
[1.300s] Level 1:colcon.colcon_core.package_identification:_identify(src/mujoco_menagerie/pal_tiago/assets/sensors) by extensions ['colcon_pkg']
[1.301s] Level 1:colcon.colcon_core.package_identification:_identify(src/mujoco_menagerie/pal_tiago/assets/sensors) by extension 'colcon_pkg'
[1.301s] Level 1:colcon.colcon_core.package_identification:_identify(src/mujoco_menagerie/pal_tiago/assets/sensors) by extensions ['colcon_meta']
[1.301s] Level 1:colcon.colcon_core.package_identification:_identify(src/mujoco_menagerie/pal_tiago/assets/sensors) by extension 'colcon_meta'
[1.301s] Level 1:colcon.colcon_core.package_identification:_identify(src/mujoco_menagerie/pal_tiago/assets/sensors) by extensions ['ros']
[1.301s] Level 1:colcon.colcon_core.package_identification:_identify(src/mujoco_menagerie/pal_tiago/assets/sensors) by extension 'ros'
[1.301s] Level 1:colcon.colcon_core.package_identification:_identify(src/mujoco_menagerie/pal_tiago/assets/sensors) by extensions ['cmake', 'python']
[1.301s] Level 1:colcon.colcon_core.package_identification:_identify(src/mujoco_menagerie/pal_tiago/assets/sensors) by extension 'cmake'
[1.301s] Level 1:colcon.colcon_core.package_identification:_identify(src/mujoco_menagerie/pal_tiago/assets/sensors) by extension 'python'
[1.301s] Level 1:colcon.colcon_core.package_identification:_identify(src/mujoco_menagerie/pal_tiago/assets/sensors) by extensions ['python_setup_py']
[1.301s] Level 1:colcon.colcon_core.package_identification:_identify(src/mujoco_menagerie/pal_tiago/assets/sensors) by extension 'python_setup_py'
[1.301s] Level 1:colcon.colcon_core.package_identification:_identify(src/mujoco_menagerie/pal_tiago/assets/torso) by extensions ['ignore', 'ignore_ament_install']
[1.302s] Level 1:colcon.colcon_core.package_identification:_identify(src/mujoco_menagerie/pal_tiago/assets/torso) by extension 'ignore'
[1.302s] Level 1:colcon.colcon_core.package_identification:_identify(src/mujoco_menagerie/pal_tiago/assets/torso) by extension 'ignore_ament_install'
[1.302s] Level 1:colcon.colcon_core.package_identification:_identify(src/mujoco_menagerie/pal_tiago/assets/torso) by extensions ['colcon_pkg']
[1.302s] Level 1:colcon.colcon_core.package_identification:_identify(src/mujoco_menagerie/pal_tiago/assets/torso) by extension 'colcon_pkg'
[1.302s] Level 1:colcon.colcon_core.package_identification:_identify(src/mujoco_menagerie/pal_tiago/assets/torso) by extensions ['colcon_meta']
[1.302s] Level 1:colcon.colcon_core.package_identification:_identify(src/mujoco_menagerie/pal_tiago/assets/torso) by extension 'colcon_meta'
[1.302s] Level 1:colcon.colcon_core.package_identification:_identify(src/mujoco_menagerie/pal_tiago/assets/torso) by extensions ['ros']
[1.302s] Level 1:colcon.colcon_core.package_identification:_identify(src/mujoco_menagerie/pal_tiago/assets/torso) by extension 'ros'
[1.302s] Level 1:colcon.colcon_core.package_identification:_identify(src/mujoco_menagerie/pal_tiago/assets/torso) by extensions ['cmake', 'python']
[1.302s] Level 1:colcon.colcon_core.package_identification:_identify(src/mujoco_menagerie/pal_tiago/assets/torso) by extension 'cmake'
[1.302s] Level 1:colcon.colcon_core.package_identification:_identify(src/mujoco_menagerie/pal_tiago/assets/torso) by extension 'python'
[1.302s] Level 1:colcon.colcon_core.package_identification:_identify(src/mujoco_menagerie/pal_tiago/assets/torso) by extensions ['python_setup_py']
[1.302s] Level 1:colcon.colcon_core.package_identification:_identify(src/mujoco_menagerie/pal_tiago/assets/torso) by extension 'python_setup_py'
[1.303s] Level 1:colcon.colcon_core.package_identification:_identify(src/mujoco_menagerie/pal_tiago/assets/wheels) by extensions ['ignore', 'ignore_ament_install']
[1.303s] Level 1:colcon.colcon_core.package_identification:_identify(src/mujoco_menagerie/pal_tiago/assets/wheels) by extension 'ignore'
[1.303s] Level 1:colcon.colcon_core.package_identification:_identify(src/mujoco_menagerie/pal_tiago/assets/wheels) by extension 'ignore_ament_install'
[1.303s] Level 1:colcon.colcon_core.package_identification:_identify(src/mujoco_menagerie/pal_tiago/assets/wheels) by extensions ['colcon_pkg']
[1.303s] Level 1:colcon.colcon_core.package_identification:_identify(src/mujoco_menagerie/pal_tiago/assets/wheels) by extension 'colcon_pkg'
[1.303s] Level 1:colcon.colcon_core.package_identification:_identify(src/mujoco_menagerie/pal_tiago/assets/wheels) by extensions ['colcon_meta']
[1.303s] Level 1:colcon.colcon_core.package_identification:_identify(src/mujoco_menagerie/pal_tiago/assets/wheels) by extension 'colcon_meta'
[1.303s] Level 1:colcon.colcon_core.package_identification:_identify(src/mujoco_menagerie/pal_tiago/assets/wheels) by extensions ['ros']
[1.303s] Level 1:colcon.colcon_core.package_identification:_identify(src/mujoco_menagerie/pal_tiago/assets/wheels) by extension 'ros'
[1.303s] Level 1:colcon.colcon_core.package_identification:_identify(src/mujoco_menagerie/pal_tiago/assets/wheels) by extensions ['cmake', 'python']
[1.303s] Level 1:colcon.colcon_core.package_identification:_identify(src/mujoco_menagerie/pal_tiago/assets/wheels) by extension 'cmake'
[1.304s] Level 1:colcon.colcon_core.package_identification:_identify(src/mujoco_menagerie/pal_tiago/assets/wheels) by extension 'python'
[1.304s] Level 1:colcon.colcon_core.package_identification:_identify(src/mujoco_menagerie/pal_tiago/assets/wheels) by extensions ['python_setup_py']
[1.304s] Level 1:colcon.colcon_core.package_identification:_identify(src/mujoco_menagerie/pal_tiago/assets/wheels) by extension 'python_setup_py'
[1.304s] Level 1:colcon.colcon_core.package_identification:_identify(src/mujoco_menagerie/pal_tiago_dual) by extensions ['ignore', 'ignore_ament_install']
[1.304s] Level 1:colcon.colcon_core.package_identification:_identify(src/mujoco_menagerie/pal_tiago_dual) by extension 'ignore'
[1.304s] Level 1:colcon.colcon_core.package_identification:_identify(src/mujoco_menagerie/pal_tiago_dual) by extension 'ignore_ament_install'
[1.304s] Level 1:colcon.colcon_core.package_identification:_identify(src/mujoco_menagerie/pal_tiago_dual) by extensions ['colcon_pkg']
[1.304s] Level 1:colcon.colcon_core.package_identification:_identify(src/mujoco_menagerie/pal_tiago_dual) by extension 'colcon_pkg'
[1.304s] Level 1:colcon.colcon_core.package_identification:_identify(src/mujoco_menagerie/pal_tiago_dual) by extensions ['colcon_meta']
[1.304s] Level 1:colcon.colcon_core.package_identification:_identify(src/mujoco_menagerie/pal_tiago_dual) by extension 'colcon_meta'
[1.304s] Level 1:colcon.colcon_core.package_identification:_identify(src/mujoco_menagerie/pal_tiago_dual) by extensions ['ros']
[1.305s] Level 1:colcon.colcon_core.package_identification:_identify(src/mujoco_menagerie/pal_tiago_dual) by extension 'ros'
[1.305s] Level 1:colcon.colcon_core.package_identification:_identify(src/mujoco_menagerie/pal_tiago_dual) by extensions ['cmake', 'python']
[1.305s] Level 1:colcon.colcon_core.package_identification:_identify(src/mujoco_menagerie/pal_tiago_dual) by extension 'cmake'
[1.305s] Level 1:colcon.colcon_core.package_identification:_identify(src/mujoco_menagerie/pal_tiago_dual) by extension 'python'
[1.305s] Level 1:colcon.colcon_core.package_identification:_identify(src/mujoco_menagerie/pal_tiago_dual) by extensions ['python_setup_py']
[1.305s] Level 1:colcon.colcon_core.package_identification:_identify(src/mujoco_menagerie/pal_tiago_dual) by extension 'python_setup_py'
[1.305s] Level 1:colcon.colcon_core.package_identification:_identify(src/mujoco_menagerie/pal_tiago_dual/assets) by extensions ['ignore', 'ignore_ament_install']
[1.305s] Level 1:colcon.colcon_core.package_identification:_identify(src/mujoco_menagerie/pal_tiago_dual/assets) by extension 'ignore'
[1.305s] Level 1:colcon.colcon_core.package_identification:_identify(src/mujoco_menagerie/pal_tiago_dual/assets) by extension 'ignore_ament_install'
[1.305s] Level 1:colcon.colcon_core.package_identification:_identify(src/mujoco_menagerie/pal_tiago_dual/assets) by extensions ['colcon_pkg']
[1.305s] Level 1:colcon.colcon_core.package_identification:_identify(src/mujoco_menagerie/pal_tiago_dual/assets) by extension 'colcon_pkg'
[1.306s] Level 1:colcon.colcon_core.package_identification:_identify(src/mujoco_menagerie/pal_tiago_dual/assets) by extensions ['colcon_meta']
[1.306s] Level 1:colcon.colcon_core.package_identification:_identify(src/mujoco_menagerie/pal_tiago_dual/assets) by extension 'colcon_meta'
[1.306s] Level 1:colcon.colcon_core.package_identification:_identify(src/mujoco_menagerie/pal_tiago_dual/assets) by extensions ['ros']
[1.306s] Level 1:colcon.colcon_core.package_identification:_identify(src/mujoco_menagerie/pal_tiago_dual/assets) by extension 'ros'
[1.306s] Level 1:colcon.colcon_core.package_identification:_identify(src/mujoco_menagerie/pal_tiago_dual/assets) by extensions ['cmake', 'python']
[1.306s] Level 1:colcon.colcon_core.package_identification:_identify(src/mujoco_menagerie/pal_tiago_dual/assets) by extension 'cmake'
[1.306s] Level 1:colcon.colcon_core.package_identification:_identify(src/mujoco_menagerie/pal_tiago_dual/assets) by extension 'python'
[1.306s] Level 1:colcon.colcon_core.package_identification:_identify(src/mujoco_menagerie/pal_tiago_dual/assets) by extensions ['python_setup_py']
[1.306s] Level 1:colcon.colcon_core.package_identification:_identify(src/mujoco_menagerie/pal_tiago_dual/assets) by extension 'python_setup_py'
[1.306s] Level 1:colcon.colcon_core.package_identification:_identify(src/mujoco_menagerie/pal_tiago_dual/assets/arm) by extensions ['ignore', 'ignore_ament_install']
[1.307s] Level 1:colcon.colcon_core.package_identification:_identify(src/mujoco_menagerie/pal_tiago_dual/assets/arm) by extension 'ignore'
[1.307s] Level 1:colcon.colcon_core.package_identification:_identify(src/mujoco_menagerie/pal_tiago_dual/assets/arm) by extension 'ignore_ament_install'
[1.307s] Level 1:colcon.colcon_core.package_identification:_identify(src/mujoco_menagerie/pal_tiago_dual/assets/arm) by extensions ['colcon_pkg']
[1.307s] Level 1:colcon.colcon_core.package_identification:_identify(src/mujoco_menagerie/pal_tiago_dual/assets/arm) by extension 'colcon_pkg'
[1.307s] Level 1:colcon.colcon_core.package_identification:_identify(src/mujoco_menagerie/pal_tiago_dual/assets/arm) by extensions ['colcon_meta']
[1.307s] Level 1:colcon.colcon_core.package_identification:_identify(src/mujoco_menagerie/pal_tiago_dual/assets/arm) by extension 'colcon_meta'
[1.307s] Level 1:colcon.colcon_core.package_identification:_identify(src/mujoco_menagerie/pal_tiago_dual/assets/arm) by extensions ['ros']
[1.307s] Level 1:colcon.colcon_core.package_identification:_identify(src/mujoco_menagerie/pal_tiago_dual/assets/arm) by extension 'ros'
[1.307s] Level 1:colcon.colcon_core.package_identification:_identify(src/mujoco_menagerie/pal_tiago_dual/assets/arm) by extensions ['cmake', 'python']
[1.307s] Level 1:colcon.colcon_core.package_identification:_identify(src/mujoco_menagerie/pal_tiago_dual/assets/arm) by extension 'cmake'
[1.307s] Level 1:colcon.colcon_core.package_identification:_identify(src/mujoco_menagerie/pal_tiago_dual/assets/arm) by extension 'python'
[1.307s] Level 1:colcon.colcon_core.package_identification:_identify(src/mujoco_menagerie/pal_tiago_dual/assets/arm) by extensions ['python_setup_py']
[1.307s] Level 1:colcon.colcon_core.package_identification:_identify(src/mujoco_menagerie/pal_tiago_dual/assets/arm) by extension 'python_setup_py'
[1.308s] Level 1:colcon.colcon_core.package_identification:_identify(src/mujoco_menagerie/pal_tiago_dual/assets/base) by extensions ['ignore', 'ignore_ament_install']
[1.308s] Level 1:colcon.colcon_core.package_identification:_identify(src/mujoco_menagerie/pal_tiago_dual/assets/base) by extension 'ignore'
[1.308s] Level 1:colcon.colcon_core.package_identification:_identify(src/mujoco_menagerie/pal_tiago_dual/assets/base) by extension 'ignore_ament_install'
[1.308s] Level 1:colcon.colcon_core.package_identification:_identify(src/mujoco_menagerie/pal_tiago_dual/assets/base) by extensions ['colcon_pkg']
[1.308s] Level 1:colcon.colcon_core.package_identification:_identify(src/mujoco_menagerie/pal_tiago_dual/assets/base) by extension 'colcon_pkg'
[1.308s] Level 1:colcon.colcon_core.package_identification:_identify(src/mujoco_menagerie/pal_tiago_dual/assets/base) by extensions ['colcon_meta']
[1.308s] Level 1:colcon.colcon_core.package_identification:_identify(src/mujoco_menagerie/pal_tiago_dual/assets/base) by extension 'colcon_meta'
[1.308s] Level 1:colcon.colcon_core.package_identification:_identify(src/mujoco_menagerie/pal_tiago_dual/assets/base) by extensions ['ros']
[1.308s] Level 1:colcon.colcon_core.package_identification:_identify(src/mujoco_menagerie/pal_tiago_dual/assets/base) by extension 'ros'
[1.309s] Level 1:colcon.colcon_core.package_identification:_identify(src/mujoco_menagerie/pal_tiago_dual/assets/base) by extensions ['cmake', 'python']
[1.309s] Level 1:colcon.colcon_core.package_identification:_identify(src/mujoco_menagerie/pal_tiago_dual/assets/base) by extension 'cmake'
[1.309s] Level 1:colcon.colcon_core.package_identification:_identify(src/mujoco_menagerie/pal_tiago_dual/assets/base) by extension 'python'
[1.309s] Level 1:colcon.colcon_core.package_identification:_identify(src/mujoco_menagerie/pal_tiago_dual/assets/base) by extensions ['python_setup_py']
[1.309s] Level 1:colcon.colcon_core.package_identification:_identify(src/mujoco_menagerie/pal_tiago_dual/assets/base) by extension 'python_setup_py'
[1.309s] Level 1:colcon.colcon_core.package_identification:_identify(src/mujoco_menagerie/pal_tiago_dual/assets/dock) by extensions ['ignore', 'ignore_ament_install']
[1.309s] Level 1:colcon.colcon_core.package_identification:_identify(src/mujoco_menagerie/pal_tiago_dual/assets/dock) by extension 'ignore'
[1.309s] Level 1:colcon.colcon_core.package_identification:_identify(src/mujoco_menagerie/pal_tiago_dual/assets/dock) by extension 'ignore_ament_install'
[1.309s] Level 1:colcon.colcon_core.package_identification:_identify(src/mujoco_menagerie/pal_tiago_dual/assets/dock) by extensions ['colcon_pkg']
[1.309s] Level 1:colcon.colcon_core.package_identification:_identify(src/mujoco_menagerie/pal_tiago_dual/assets/dock) by extension 'colcon_pkg'
[1.310s] Level 1:colcon.colcon_core.package_identification:_identify(src/mujoco_menagerie/pal_tiago_dual/assets/dock) by extensions ['colcon_meta']
[1.310s] Level 1:colcon.colcon_core.package_identification:_identify(src/mujoco_menagerie/pal_tiago_dual/assets/dock) by extension 'colcon_meta'
[1.310s] Level 1:colcon.colcon_core.package_identification:_identify(src/mujoco_menagerie/pal_tiago_dual/assets/dock) by extensions ['ros']
[1.310s] Level 1:colcon.colcon_core.package_identification:_identify(src/mujoco_menagerie/pal_tiago_dual/assets/dock) by extension 'ros'
[1.310s] Level 1:colcon.colcon_core.package_identification:_identify(src/mujoco_menagerie/pal_tiago_dual/assets/dock) by extensions ['cmake', 'python']
[1.310s] Level 1:colcon.colcon_core.package_identification:_identify(src/mujoco_menagerie/pal_tiago_dual/assets/dock) by extension 'cmake'
[1.310s] Level 1:colcon.colcon_core.package_identification:_identify(src/mujoco_menagerie/pal_tiago_dual/assets/dock) by extension 'python'
[1.310s] Level 1:colcon.colcon_core.package_identification:_identify(src/mujoco_menagerie/pal_tiago_dual/assets/dock) by extensions ['python_setup_py']
[1.310s] Level 1:colcon.colcon_core.package_identification:_identify(src/mujoco_menagerie/pal_tiago_dual/assets/dock) by extension 'python_setup_py'
[1.310s] Level 1:colcon.colcon_core.package_identification:_identify(src/mujoco_menagerie/pal_tiago_dual/assets/gripper) by extensions ['ignore', 'ignore_ament_install']
[1.311s] Level 1:colcon.colcon_core.package_identification:_identify(src/mujoco_menagerie/pal_tiago_dual/assets/gripper) by extension 'ignore'
[1.311s] Level 1:colcon.colcon_core.package_identification:_identify(src/mujoco_menagerie/pal_tiago_dual/assets/gripper) by extension 'ignore_ament_install'
[1.311s] Level 1:colcon.colcon_core.package_identification:_identify(src/mujoco_menagerie/pal_tiago_dual/assets/gripper) by extensions ['colcon_pkg']
[1.311s] Level 1:colcon.colcon_core.package_identification:_identify(src/mujoco_menagerie/pal_tiago_dual/assets/gripper) by extension 'colcon_pkg'
[1.311s] Level 1:colcon.colcon_core.package_identification:_identify(src/mujoco_menagerie/pal_tiago_dual/assets/gripper) by extensions ['colcon_meta']
[1.311s] Level 1:colcon.colcon_core.package_identification:_identify(src/mujoco_menagerie/pal_tiago_dual/assets/gripper) by extension 'colcon_meta'
[1.311s] Level 1:colcon.colcon_core.package_identification:_identify(src/mujoco_menagerie/pal_tiago_dual/assets/gripper) by extensions ['ros']
[1.311s] Level 1:colcon.colcon_core.package_identification:_identify(src/mujoco_menagerie/pal_tiago_dual/assets/gripper) by extension 'ros'
[1.311s] Level 1:colcon.colcon_core.package_identification:_identify(src/mujoco_menagerie/pal_tiago_dual/assets/gripper) by extensions ['cmake', 'python']
[1.311s] Level 1:colcon.colcon_core.package_identification:_identify(src/mujoco_menagerie/pal_tiago_dual/assets/gripper) by extension 'cmake'
[1.312s] Level 1:colcon.colcon_core.package_identification:_identify(src/mujoco_menagerie/pal_tiago_dual/assets/gripper) by extension 'python'
[1.312s] Level 1:colcon.colcon_core.package_identification:_identify(src/mujoco_menagerie/pal_tiago_dual/assets/gripper) by extensions ['python_setup_py']
[1.312s] Level 1:colcon.colcon_core.package_identification:_identify(src/mujoco_menagerie/pal_tiago_dual/assets/gripper) by extension 'python_setup_py'
[1.312s] Level 1:colcon.colcon_core.package_identification:_identify(src/mujoco_menagerie/pal_tiago_dual/assets/head) by extensions ['ignore', 'ignore_ament_install']
[1.312s] Level 1:colcon.colcon_core.package_identification:_identify(src/mujoco_menagerie/pal_tiago_dual/assets/head) by extension 'ignore'
[1.312s] Level 1:colcon.colcon_core.package_identification:_identify(src/mujoco_menagerie/pal_tiago_dual/assets/head) by extension 'ignore_ament_install'
[1.312s] Level 1:colcon.colcon_core.package_identification:_identify(src/mujoco_menagerie/pal_tiago_dual/assets/head) by extensions ['colcon_pkg']
[1.312s] Level 1:colcon.colcon_core.package_identification:_identify(src/mujoco_menagerie/pal_tiago_dual/assets/head) by extension 'colcon_pkg'
[1.313s] Level 1:colcon.colcon_core.package_identification:_identify(src/mujoco_menagerie/pal_tiago_dual/assets/head) by extensions ['colcon_meta']
[1.313s] Level 1:colcon.colcon_core.package_identification:_identify(src/mujoco_menagerie/pal_tiago_dual/assets/head) by extension 'colcon_meta'
[1.313s] Level 1:colcon.colcon_core.package_identification:_identify(src/mujoco_menagerie/pal_tiago_dual/assets/head) by extensions ['ros']
[1.313s] Level 1:colcon.colcon_core.package_identification:_identify(src/mujoco_menagerie/pal_tiago_dual/assets/head) by extension 'ros'
[1.313s] Level 1:colcon.colcon_core.package_identification:_identify(src/mujoco_menagerie/pal_tiago_dual/assets/head) by extensions ['cmake', 'python']
[1.313s] Level 1:colcon.colcon_core.package_identification:_identify(src/mujoco_menagerie/pal_tiago_dual/assets/head) by extension 'cmake'
[1.313s] Level 1:colcon.colcon_core.package_identification:_identify(src/mujoco_menagerie/pal_tiago_dual/assets/head) by extension 'python'
[1.314s] Level 1:colcon.colcon_core.package_identification:_identify(src/mujoco_menagerie/pal_tiago_dual/assets/head) by extensions ['python_setup_py']
[1.314s] Level 1:colcon.colcon_core.package_identification:_identify(src/mujoco_menagerie/pal_tiago_dual/assets/head) by extension 'python_setup_py'
[1.314s] Level 1:colcon.colcon_core.package_identification:_identify(src/mujoco_menagerie/pal_tiago_dual/assets/objects) by extensions ['ignore', 'ignore_ament_install']
[1.314s] Level 1:colcon.colcon_core.package_identification:_identify(src/mujoco_menagerie/pal_tiago_dual/assets/objects) by extension 'ignore'
[1.314s] Level 1:colcon.colcon_core.package_identification:_identify(src/mujoco_menagerie/pal_tiago_dual/assets/objects) by extension 'ignore_ament_install'
[1.314s] Level 1:colcon.colcon_core.package_identification:_identify(src/mujoco_menagerie/pal_tiago_dual/assets/objects) by extensions ['colcon_pkg']
[1.314s] Level 1:colcon.colcon_core.package_identification:_identify(src/mujoco_menagerie/pal_tiago_dual/assets/objects) by extension 'colcon_pkg'
[1.314s] Level 1:colcon.colcon_core.package_identification:_identify(src/mujoco_menagerie/pal_tiago_dual/assets/objects) by extensions ['colcon_meta']
[1.314s] Level 1:colcon.colcon_core.package_identification:_identify(src/mujoco_menagerie/pal_tiago_dual/assets/objects) by extension 'colcon_meta'
[1.315s] Level 1:colcon.colcon_core.package_identification:_identify(src/mujoco_menagerie/pal_tiago_dual/assets/objects) by extensions ['ros']
[1.315s] Level 1:colcon.colcon_core.package_identification:_identify(src/mujoco_menagerie/pal_tiago_dual/assets/objects) by extension 'ros'
[1.315s] Level 1:colcon.colcon_core.package_identification:_identify(src/mujoco_menagerie/pal_tiago_dual/assets/objects) by extensions ['cmake', 'python']
[1.315s] Level 1:colcon.colcon_core.package_identification:_identify(src/mujoco_menagerie/pal_tiago_dual/assets/objects) by extension 'cmake'
[1.315s] Level 1:colcon.colcon_core.package_identification:_identify(src/mujoco_menagerie/pal_tiago_dual/assets/objects) by extension 'python'
[1.315s] Level 1:colcon.colcon_core.package_identification:_identify(src/mujoco_menagerie/pal_tiago_dual/assets/objects) by extensions ['python_setup_py']
[1.315s] Level 1:colcon.colcon_core.package_identification:_identify(src/mujoco_menagerie/pal_tiago_dual/assets/objects) by extension 'python_setup_py'
[1.315s] Level 1:colcon.colcon_core.package_identification:_identify(src/mujoco_menagerie/pal_tiago_dual/assets/sensors) by extensions ['ignore', 'ignore_ament_install']
[1.315s] Level 1:colcon.colcon_core.package_identification:_identify(src/mujoco_menagerie/pal_tiago_dual/assets/sensors) by extension 'ignore'
[1.316s] Level 1:colcon.colcon_core.package_identification:_identify(src/mujoco_menagerie/pal_tiago_dual/assets/sensors) by extension 'ignore_ament_install'
[1.316s] Level 1:colcon.colcon_core.package_identification:_identify(src/mujoco_menagerie/pal_tiago_dual/assets/sensors) by extensions ['colcon_pkg']
[1.316s] Level 1:colcon.colcon_core.package_identification:_identify(src/mujoco_menagerie/pal_tiago_dual/assets/sensors) by extension 'colcon_pkg'
[1.316s] Level 1:colcon.colcon_core.package_identification:_identify(src/mujoco_menagerie/pal_tiago_dual/assets/sensors) by extensions ['colcon_meta']
[1.316s] Level 1:colcon.colcon_core.package_identification:_identify(src/mujoco_menagerie/pal_tiago_dual/assets/sensors) by extension 'colcon_meta'
[1.316s] Level 1:colcon.colcon_core.package_identification:_identify(src/mujoco_menagerie/pal_tiago_dual/assets/sensors) by extensions ['ros']
[1.316s] Level 1:colcon.colcon_core.package_identification:_identify(src/mujoco_menagerie/pal_tiago_dual/assets/sensors) by extension 'ros'
[1.316s] Level 1:colcon.colcon_core.package_identification:_identify(src/mujoco_menagerie/pal_tiago_dual/assets/sensors) by extensions ['cmake', 'python']
[1.316s] Level 1:colcon.colcon_core.package_identification:_identify(src/mujoco_menagerie/pal_tiago_dual/assets/sensors) by extension 'cmake'
[1.317s] Level 1:colcon.colcon_core.package_identification:_identify(src/mujoco_menagerie/pal_tiago_dual/assets/sensors) by extension 'python'
[1.317s] Level 1:colcon.colcon_core.package_identification:_identify(src/mujoco_menagerie/pal_tiago_dual/assets/sensors) by extensions ['python_setup_py']
[1.317s] Level 1:colcon.colcon_core.package_identification:_identify(src/mujoco_menagerie/pal_tiago_dual/assets/sensors) by extension 'python_setup_py'
[1.317s] Level 1:colcon.colcon_core.package_identification:_identify(src/mujoco_menagerie/pal_tiago_dual/assets/torso) by extensions ['ignore', 'ignore_ament_install']
[1.317s] Level 1:colcon.colcon_core.package_identification:_identify(src/mujoco_menagerie/pal_tiago_dual/assets/torso) by extension 'ignore'
[1.317s] Level 1:colcon.colcon_core.package_identification:_identify(src/mujoco_menagerie/pal_tiago_dual/assets/torso) by extension 'ignore_ament_install'
[1.317s] Level 1:colcon.colcon_core.package_identification:_identify(src/mujoco_menagerie/pal_tiago_dual/assets/torso) by extensions ['colcon_pkg']
[1.317s] Level 1:colcon.colcon_core.package_identification:_identify(src/mujoco_menagerie/pal_tiago_dual/assets/torso) by extension 'colcon_pkg'
[1.317s] Level 1:colcon.colcon_core.package_identification:_identify(src/mujoco_menagerie/pal_tiago_dual/assets/torso) by extensions ['colcon_meta']
[1.318s] Level 1:colcon.colcon_core.package_identification:_identify(src/mujoco_menagerie/pal_tiago_dual/assets/torso) by extension 'colcon_meta'
[1.318s] Level 1:colcon.colcon_core.package_identification:_identify(src/mujoco_menagerie/pal_tiago_dual/assets/torso) by extensions ['ros']
[1.318s] Level 1:colcon.colcon_core.package_identification:_identify(src/mujoco_menagerie/pal_tiago_dual/assets/torso) by extension 'ros'
[1.318s] Level 1:colcon.colcon_core.package_identification:_identify(src/mujoco_menagerie/pal_tiago_dual/assets/torso) by extensions ['cmake', 'python']
[1.318s] Level 1:colcon.colcon_core.package_identification:_identify(src/mujoco_menagerie/pal_tiago_dual/assets/torso) by extension 'cmake'
[1.318s] Level 1:colcon.colcon_core.package_identification:_identify(src/mujoco_menagerie/pal_tiago_dual/assets/torso) by extension 'python'
[1.318s] Level 1:colcon.colcon_core.package_identification:_identify(src/mujoco_menagerie/pal_tiago_dual/assets/torso) by extensions ['python_setup_py']
[1.318s] Level 1:colcon.colcon_core.package_identification:_identify(src/mujoco_menagerie/pal_tiago_dual/assets/torso) by extension 'python_setup_py'
[1.318s] Level 1:colcon.colcon_core.package_identification:_identify(src/mujoco_menagerie/pal_tiago_dual/assets/wheels) by extensions ['ignore', 'ignore_ament_install']
[1.319s] Level 1:colcon.colcon_core.package_identification:_identify(src/mujoco_menagerie/pal_tiago_dual/assets/wheels) by extension 'ignore'
[1.319s] Level 1:colcon.colcon_core.package_identification:_identify(src/mujoco_menagerie/pal_tiago_dual/assets/wheels) by extension 'ignore_ament_install'
[1.319s] Level 1:colcon.colcon_core.package_identification:_identify(src/mujoco_menagerie/pal_tiago_dual/assets/wheels) by extensions ['colcon_pkg']
[1.319s] Level 1:colcon.colcon_core.package_identification:_identify(src/mujoco_menagerie/pal_tiago_dual/assets/wheels) by extension 'colcon_pkg'
[1.319s] Level 1:colcon.colcon_core.package_identification:_identify(src/mujoco_menagerie/pal_tiago_dual/assets/wheels) by extensions ['colcon_meta']
[1.319s] Level 1:colcon.colcon_core.package_identification:_identify(src/mujoco_menagerie/pal_tiago_dual/assets/wheels) by extension 'colcon_meta'
[1.319s] Level 1:colcon.colcon_core.package_identification:_identify(src/mujoco_menagerie/pal_tiago_dual/assets/wheels) by extensions ['ros']
[1.319s] Level 1:colcon.colcon_core.package_identification:_identify(src/mujoco_menagerie/pal_tiago_dual/assets/wheels) by extension 'ros'
[1.319s] Level 1:colcon.colcon_core.package_identification:_identify(src/mujoco_menagerie/pal_tiago_dual/assets/wheels) by extensions ['cmake', 'python']
[1.320s] Level 1:colcon.colcon_core.package_identification:_identify(src/mujoco_menagerie/pal_tiago_dual/assets/wheels) by extension 'cmake'
[1.320s] Level 1:colcon.colcon_core.package_identification:_identify(src/mujoco_menagerie/pal_tiago_dual/assets/wheels) by extension 'python'
[1.320s] Level 1:colcon.colcon_core.package_identification:_identify(src/mujoco_menagerie/pal_tiago_dual/assets/wheels) by extensions ['python_setup_py']
[1.320s] Level 1:colcon.colcon_core.package_identification:_identify(src/mujoco_menagerie/pal_tiago_dual/assets/wheels) by extension 'python_setup_py'
[1.320s] Level 1:colcon.colcon_core.package_identification:_identify(src/mujoco_menagerie/pndbotics_adam_lite) by extensions ['ignore', 'ignore_ament_install']
[1.320s] Level 1:colcon.colcon_core.package_identification:_identify(src/mujoco_menagerie/pndbotics_adam_lite) by extension 'ignore'
[1.320s] Level 1:colcon.colcon_core.package_identification:_identify(src/mujoco_menagerie/pndbotics_adam_lite) by extension 'ignore_ament_install'
[1.320s] Level 1:colcon.colcon_core.package_identification:_identify(src/mujoco_menagerie/pndbotics_adam_lite) by extensions ['colcon_pkg']
[1.320s] Level 1:colcon.colcon_core.package_identification:_identify(src/mujoco_menagerie/pndbotics_adam_lite) by extension 'colcon_pkg'
[1.321s] Level 1:colcon.colcon_core.package_identification:_identify(src/mujoco_menagerie/pndbotics_adam_lite) by extensions ['colcon_meta']
[1.321s] Level 1:colcon.colcon_core.package_identification:_identify(src/mujoco_menagerie/pndbotics_adam_lite) by extension 'colcon_meta'
[1.321s] Level 1:colcon.colcon_core.package_identification:_identify(src/mujoco_menagerie/pndbotics_adam_lite) by extensions ['ros']
[1.321s] Level 1:colcon.colcon_core.package_identification:_identify(src/mujoco_menagerie/pndbotics_adam_lite) by extension 'ros'
[1.321s] Level 1:colcon.colcon_core.package_identification:_identify(src/mujoco_menagerie/pndbotics_adam_lite) by extensions ['cmake', 'python']
[1.321s] Level 1:colcon.colcon_core.package_identification:_identify(src/mujoco_menagerie/pndbotics_adam_lite) by extension 'cmake'
[1.321s] Level 1:colcon.colcon_core.package_identification:_identify(src/mujoco_menagerie/pndbotics_adam_lite) by extension 'python'
[1.321s] Level 1:colcon.colcon_core.package_identification:_identify(src/mujoco_menagerie/pndbotics_adam_lite) by extensions ['python_setup_py']
[1.321s] Level 1:colcon.colcon_core.package_identification:_identify(src/mujoco_menagerie/pndbotics_adam_lite) by extension 'python_setup_py'
[1.322s] Level 1:colcon.colcon_core.package_identification:_identify(src/mujoco_menagerie/pndbotics_adam_lite/assets) by extensions ['ignore', 'ignore_ament_install']
[1.322s] Level 1:colcon.colcon_core.package_identification:_identify(src/mujoco_menagerie/pndbotics_adam_lite/assets) by extension 'ignore'
[1.322s] Level 1:colcon.colcon_core.package_identification:_identify(src/mujoco_menagerie/pndbotics_adam_lite/assets) by extension 'ignore_ament_install'
[1.322s] Level 1:colcon.colcon_core.package_identification:_identify(src/mujoco_menagerie/pndbotics_adam_lite/assets) by extensions ['colcon_pkg']
[1.322s] Level 1:colcon.colcon_core.package_identification:_identify(src/mujoco_menagerie/pndbotics_adam_lite/assets) by extension 'colcon_pkg'
[1.322s] Level 1:colcon.colcon_core.package_identification:_identify(src/mujoco_menagerie/pndbotics_adam_lite/assets) by extensions ['colcon_meta']
[1.322s] Level 1:colcon.colcon_core.package_identification:_identify(src/mujoco_menagerie/pndbotics_adam_lite/assets) by extension 'colcon_meta'
[1.322s] Level 1:colcon.colcon_core.package_identification:_identify(src/mujoco_menagerie/pndbotics_adam_lite/assets) by extensions ['ros']
[1.322s] Level 1:colcon.colcon_core.package_identification:_identify(src/mujoco_menagerie/pndbotics_adam_lite/assets) by extension 'ros'
[1.323s] Level 1:colcon.colcon_core.package_identification:_identify(src/mujoco_menagerie/pndbotics_adam_lite/assets) by extensions ['cmake', 'python']
[1.323s] Level 1:colcon.colcon_core.package_identification:_identify(src/mujoco_menagerie/pndbotics_adam_lite/assets) by extension 'cmake'
[1.323s] Level 1:colcon.colcon_core.package_identification:_identify(src/mujoco_menagerie/pndbotics_adam_lite/assets) by extension 'python'
[1.323s] Level 1:colcon.colcon_core.package_identification:_identify(src/mujoco_menagerie/pndbotics_adam_lite/assets) by extensions ['python_setup_py']
[1.323s] Level 1:colcon.colcon_core.package_identification:_identify(src/mujoco_menagerie/pndbotics_adam_lite/assets) by extension 'python_setup_py'
[1.323s] Level 1:colcon.colcon_core.package_identification:_identify(src/mujoco_menagerie/realsense_d435i) by extensions ['ignore', 'ignore_ament_install']
[1.323s] Level 1:colcon.colcon_core.package_identification:_identify(src/mujoco_menagerie/realsense_d435i) by extension 'ignore'
[1.323s] Level 1:colcon.colcon_core.package_identification:_identify(src/mujoco_menagerie/realsense_d435i) by extension 'ignore_ament_install'
[1.323s] Level 1:colcon.colcon_core.package_identification:_identify(src/mujoco_menagerie/realsense_d435i) by extensions ['colcon_pkg']
[1.324s] Level 1:colcon.colcon_core.package_identification:_identify(src/mujoco_menagerie/realsense_d435i) by extension 'colcon_pkg'
[1.324s] Level 1:colcon.colcon_core.package_identification:_identify(src/mujoco_menagerie/realsense_d435i) by extensions ['colcon_meta']
[1.324s] Level 1:colcon.colcon_core.package_identification:_identify(src/mujoco_menagerie/realsense_d435i) by extension 'colcon_meta'
[1.324s] Level 1:colcon.colcon_core.package_identification:_identify(src/mujoco_menagerie/realsense_d435i) by extensions ['ros']
[1.324s] Level 1:colcon.colcon_core.package_identification:_identify(src/mujoco_menagerie/realsense_d435i) by extension 'ros'
[1.324s] Level 1:colcon.colcon_core.package_identification:_identify(src/mujoco_menagerie/realsense_d435i) by extensions ['cmake', 'python']
[1.324s] Level 1:colcon.colcon_core.package_identification:_identify(src/mujoco_menagerie/realsense_d435i) by extension 'cmake'
[1.324s] Level 1:colcon.colcon_core.package_identification:_identify(src/mujoco_menagerie/realsense_d435i) by extension 'python'
[1.324s] Level 1:colcon.colcon_core.package_identification:_identify(src/mujoco_menagerie/realsense_d435i) by extensions ['python_setup_py']
[1.324s] Level 1:colcon.colcon_core.package_identification:_identify(src/mujoco_menagerie/realsense_d435i) by extension 'python_setup_py'
[1.325s] Level 1:colcon.colcon_core.package_identification:_identify(src/mujoco_menagerie/realsense_d435i/assets) by extensions ['ignore', 'ignore_ament_install']
[1.325s] Level 1:colcon.colcon_core.package_identification:_identify(src/mujoco_menagerie/realsense_d435i/assets) by extension 'ignore'
[1.325s] Level 1:colcon.colcon_core.package_identification:_identify(src/mujoco_menagerie/realsense_d435i/assets) by extension 'ignore_ament_install'
[1.325s] Level 1:colcon.colcon_core.package_identification:_identify(src/mujoco_menagerie/realsense_d435i/assets) by extensions ['colcon_pkg']
[1.325s] Level 1:colcon.colcon_core.package_identification:_identify(src/mujoco_menagerie/realsense_d435i/assets) by extension 'colcon_pkg'
[1.325s] Level 1:colcon.colcon_core.package_identification:_identify(src/mujoco_menagerie/realsense_d435i/assets) by extensions ['colcon_meta']
[1.325s] Level 1:colcon.colcon_core.package_identification:_identify(src/mujoco_menagerie/realsense_d435i/assets) by extension 'colcon_meta'
[1.325s] Level 1:colcon.colcon_core.package_identification:_identify(src/mujoco_menagerie/realsense_d435i/assets) by extensions ['ros']
[1.325s] Level 1:colcon.colcon_core.package_identification:_identify(src/mujoco_menagerie/realsense_d435i/assets) by extension 'ros'
[1.326s] Level 1:colcon.colcon_core.package_identification:_identify(src/mujoco_menagerie/realsense_d435i/assets) by extensions ['cmake', 'python']
[1.326s] Level 1:colcon.colcon_core.package_identification:_identify(src/mujoco_menagerie/realsense_d435i/assets) by extension 'cmake'
[1.326s] Level 1:colcon.colcon_core.package_identification:_identify(src/mujoco_menagerie/realsense_d435i/assets) by extension 'python'
[1.326s] Level 1:colcon.colcon_core.package_identification:_identify(src/mujoco_menagerie/realsense_d435i/assets) by extensions ['python_setup_py']
[1.326s] Level 1:colcon.colcon_core.package_identification:_identify(src/mujoco_menagerie/realsense_d435i/assets) by extension 'python_setup_py'
[1.326s] Level 1:colcon.colcon_core.package_identification:_identify(src/mujoco_menagerie/rethink_robotics_sawyer) by extensions ['ignore', 'ignore_ament_install']
[1.326s] Level 1:colcon.colcon_core.package_identification:_identify(src/mujoco_menagerie/rethink_robotics_sawyer) by extension 'ignore'
[1.326s] Level 1:colcon.colcon_core.package_identification:_identify(src/mujoco_menagerie/rethink_robotics_sawyer) by extension 'ignore_ament_install'
[1.326s] Level 1:colcon.colcon_core.package_identification:_identify(src/mujoco_menagerie/rethink_robotics_sawyer) by extensions ['colcon_pkg']
[1.327s] Level 1:colcon.colcon_core.package_identification:_identify(src/mujoco_menagerie/rethink_robotics_sawyer) by extension 'colcon_pkg'
[1.327s] Level 1:colcon.colcon_core.package_identification:_identify(src/mujoco_menagerie/rethink_robotics_sawyer) by extensions ['colcon_meta']
[1.327s] Level 1:colcon.colcon_core.package_identification:_identify(src/mujoco_menagerie/rethink_robotics_sawyer) by extension 'colcon_meta'
[1.327s] Level 1:colcon.colcon_core.package_identification:_identify(src/mujoco_menagerie/rethink_robotics_sawyer) by extensions ['ros']
[1.327s] Level 1:colcon.colcon_core.package_identification:_identify(src/mujoco_menagerie/rethink_robotics_sawyer) by extension 'ros'
[1.327s] Level 1:colcon.colcon_core.package_identification:_identify(src/mujoco_menagerie/rethink_robotics_sawyer) by extensions ['cmake', 'python']
[1.327s] Level 1:colcon.colcon_core.package_identification:_identify(src/mujoco_menagerie/rethink_robotics_sawyer) by extension 'cmake'
[1.327s] Level 1:colcon.colcon_core.package_identification:_identify(src/mujoco_menagerie/rethink_robotics_sawyer) by extension 'python'
[1.327s] Level 1:colcon.colcon_core.package_identification:_identify(src/mujoco_menagerie/rethink_robotics_sawyer) by extensions ['python_setup_py']
[1.327s] Level 1:colcon.colcon_core.package_identification:_identify(src/mujoco_menagerie/rethink_robotics_sawyer) by extension 'python_setup_py'
[1.328s] Level 1:colcon.colcon_core.package_identification:_identify(src/mujoco_menagerie/rethink_robotics_sawyer/assets) by extensions ['ignore', 'ignore_ament_install']
[1.328s] Level 1:colcon.colcon_core.package_identification:_identify(src/mujoco_menagerie/rethink_robotics_sawyer/assets) by extension 'ignore'
[1.328s] Level 1:colcon.colcon_core.package_identification:_identify(src/mujoco_menagerie/rethink_robotics_sawyer/assets) by extension 'ignore_ament_install'
[1.328s] Level 1:colcon.colcon_core.package_identification:_identify(src/mujoco_menagerie/rethink_robotics_sawyer/assets) by extensions ['colcon_pkg']
[1.328s] Level 1:colcon.colcon_core.package_identification:_identify(src/mujoco_menagerie/rethink_robotics_sawyer/assets) by extension 'colcon_pkg'
[1.328s] Level 1:colcon.colcon_core.package_identification:_identify(src/mujoco_menagerie/rethink_robotics_sawyer/assets) by extensions ['colcon_meta']
[1.328s] Level 1:colcon.colcon_core.package_identification:_identify(src/mujoco_menagerie/rethink_robotics_sawyer/assets) by extension 'colcon_meta'
[1.328s] Level 1:colcon.colcon_core.package_identification:_identify(src/mujoco_menagerie/rethink_robotics_sawyer/assets) by extensions ['ros']
[1.328s] Level 1:colcon.colcon_core.package_identification:_identify(src/mujoco_menagerie/rethink_robotics_sawyer/assets) by extension 'ros'
[1.329s] Level 1:colcon.colcon_core.package_identification:_identify(src/mujoco_menagerie/rethink_robotics_sawyer/assets) by extensions ['cmake', 'python']
[1.329s] Level 1:colcon.colcon_core.package_identification:_identify(src/mujoco_menagerie/rethink_robotics_sawyer/assets) by extension 'cmake'
[1.329s] Level 1:colcon.colcon_core.package_identification:_identify(src/mujoco_menagerie/rethink_robotics_sawyer/assets) by extension 'python'
[1.329s] Level 1:colcon.colcon_core.package_identification:_identify(src/mujoco_menagerie/rethink_robotics_sawyer/assets) by extensions ['python_setup_py']
[1.329s] Level 1:colcon.colcon_core.package_identification:_identify(src/mujoco_menagerie/rethink_robotics_sawyer/assets) by extension 'python_setup_py'
[1.329s] Level 1:colcon.colcon_core.package_identification:_identify(src/mujoco_menagerie/robot_soccer_kit) by extensions ['ignore', 'ignore_ament_install']
[1.329s] Level 1:colcon.colcon_core.package_identification:_identify(src/mujoco_menagerie/robot_soccer_kit) by extension 'ignore'
[1.329s] Level 1:colcon.colcon_core.package_identification:_identify(src/mujoco_menagerie/robot_soccer_kit) by extension 'ignore_ament_install'
[1.330s] Level 1:colcon.colcon_core.package_identification:_identify(src/mujoco_menagerie/robot_soccer_kit) by extensions ['colcon_pkg']
[1.330s] Level 1:colcon.colcon_core.package_identification:_identify(src/mujoco_menagerie/robot_soccer_kit) by extension 'colcon_pkg'
[1.330s] Level 1:colcon.colcon_core.package_identification:_identify(src/mujoco_menagerie/robot_soccer_kit) by extensions ['colcon_meta']
[1.330s] Level 1:colcon.colcon_core.package_identification:_identify(src/mujoco_menagerie/robot_soccer_kit) by extension 'colcon_meta'
[1.330s] Level 1:colcon.colcon_core.package_identification:_identify(src/mujoco_menagerie/robot_soccer_kit) by extensions ['ros']
[1.330s] Level 1:colcon.colcon_core.package_identification:_identify(src/mujoco_menagerie/robot_soccer_kit) by extension 'ros'
[1.330s] Level 1:colcon.colcon_core.package_identification:_identify(src/mujoco_menagerie/robot_soccer_kit) by extensions ['cmake', 'python']
[1.330s] Level 1:colcon.colcon_core.package_identification:_identify(src/mujoco_menagerie/robot_soccer_kit) by extension 'cmake'
[1.330s] Level 1:colcon.colcon_core.package_identification:_identify(src/mujoco_menagerie/robot_soccer_kit) by extension 'python'
[1.330s] Level 1:colcon.colcon_core.package_identification:_identify(src/mujoco_menagerie/robot_soccer_kit) by extensions ['python_setup_py']
[1.330s] Level 1:colcon.colcon_core.package_identification:_identify(src/mujoco_menagerie/robot_soccer_kit) by extension 'python_setup_py'
[1.331s] Level 1:colcon.colcon_core.package_identification:_identify(src/mujoco_menagerie/robot_soccer_kit/assets) by extensions ['ignore', 'ignore_ament_install']
[1.331s] Level 1:colcon.colcon_core.package_identification:_identify(src/mujoco_menagerie/robot_soccer_kit/assets) by extension 'ignore'
[1.331s] Level 1:colcon.colcon_core.package_identification:_identify(src/mujoco_menagerie/robot_soccer_kit/assets) by extension 'ignore_ament_install'
[1.331s] Level 1:colcon.colcon_core.package_identification:_identify(src/mujoco_menagerie/robot_soccer_kit/assets) by extensions ['colcon_pkg']
[1.331s] Level 1:colcon.colcon_core.package_identification:_identify(src/mujoco_menagerie/robot_soccer_kit/assets) by extension 'colcon_pkg'
[1.331s] Level 1:colcon.colcon_core.package_identification:_identify(src/mujoco_menagerie/robot_soccer_kit/assets) by extensions ['colcon_meta']
[1.331s] Level 1:colcon.colcon_core.package_identification:_identify(src/mujoco_menagerie/robot_soccer_kit/assets) by extension 'colcon_meta'
[1.331s] Level 1:colcon.colcon_core.package_identification:_identify(src/mujoco_menagerie/robot_soccer_kit/assets) by extensions ['ros']
[1.331s] Level 1:colcon.colcon_core.package_identification:_identify(src/mujoco_menagerie/robot_soccer_kit/assets) by extension 'ros'
[1.332s] Level 1:colcon.colcon_core.package_identification:_identify(src/mujoco_menagerie/robot_soccer_kit/assets) by extensions ['cmake', 'python']
[1.332s] Level 1:colcon.colcon_core.package_identification:_identify(src/mujoco_menagerie/robot_soccer_kit/assets) by extension 'cmake'
[1.332s] Level 1:colcon.colcon_core.package_identification:_identify(src/mujoco_menagerie/robot_soccer_kit/assets) by extension 'python'
[1.332s] Level 1:colcon.colcon_core.package_identification:_identify(src/mujoco_menagerie/robot_soccer_kit/assets) by extensions ['python_setup_py']
[1.332s] Level 1:colcon.colcon_core.package_identification:_identify(src/mujoco_menagerie/robot_soccer_kit/assets) by extension 'python_setup_py'
[1.332s] Level 1:colcon.colcon_core.package_identification:_identify(src/mujoco_menagerie/robotiq_2f85) by extensions ['ignore', 'ignore_ament_install']
[1.332s] Level 1:colcon.colcon_core.package_identification:_identify(src/mujoco_menagerie/robotiq_2f85) by extension 'ignore'
[1.332s] Level 1:colcon.colcon_core.package_identification:_identify(src/mujoco_menagerie/robotiq_2f85) by extension 'ignore_ament_install'
[1.332s] Level 1:colcon.colcon_core.package_identification:_identify(src/mujoco_menagerie/robotiq_2f85) by extensions ['colcon_pkg']
[1.333s] Level 1:colcon.colcon_core.package_identification:_identify(src/mujoco_menagerie/robotiq_2f85) by extension 'colcon_pkg'
[1.333s] Level 1:colcon.colcon_core.package_identification:_identify(src/mujoco_menagerie/robotiq_2f85) by extensions ['colcon_meta']
[1.333s] Level 1:colcon.colcon_core.package_identification:_identify(src/mujoco_menagerie/robotiq_2f85) by extension 'colcon_meta'
[1.333s] Level 1:colcon.colcon_core.package_identification:_identify(src/mujoco_menagerie/robotiq_2f85) by extensions ['ros']
[1.333s] Level 1:colcon.colcon_core.package_identification:_identify(src/mujoco_menagerie/robotiq_2f85) by extension 'ros'
[1.333s] Level 1:colcon.colcon_core.package_identification:_identify(src/mujoco_menagerie/robotiq_2f85) by extensions ['cmake', 'python']
[1.333s] Level 1:colcon.colcon_core.package_identification:_identify(src/mujoco_menagerie/robotiq_2f85) by extension 'cmake'
[1.333s] Level 1:colcon.colcon_core.package_identification:_identify(src/mujoco_menagerie/robotiq_2f85) by extension 'python'
[1.333s] Level 1:colcon.colcon_core.package_identification:_identify(src/mujoco_menagerie/robotiq_2f85) by extensions ['python_setup_py']
[1.333s] Level 1:colcon.colcon_core.package_identification:_identify(src/mujoco_menagerie/robotiq_2f85) by extension 'python_setup_py'
[1.333s] Level 1:colcon.colcon_core.package_identification:_identify(src/mujoco_menagerie/robotiq_2f85/assets) by extensions ['ignore', 'ignore_ament_install']
[1.334s] Level 1:colcon.colcon_core.package_identification:_identify(src/mujoco_menagerie/robotiq_2f85/assets) by extension 'ignore'
[1.334s] Level 1:colcon.colcon_core.package_identification:_identify(src/mujoco_menagerie/robotiq_2f85/assets) by extension 'ignore_ament_install'
[1.334s] Level 1:colcon.colcon_core.package_identification:_identify(src/mujoco_menagerie/robotiq_2f85/assets) by extensions ['colcon_pkg']
[1.334s] Level 1:colcon.colcon_core.package_identification:_identify(src/mujoco_menagerie/robotiq_2f85/assets) by extension 'colcon_pkg'
[1.334s] Level 1:colcon.colcon_core.package_identification:_identify(src/mujoco_menagerie/robotiq_2f85/assets) by extensions ['colcon_meta']
[1.334s] Level 1:colcon.colcon_core.package_identification:_identify(src/mujoco_menagerie/robotiq_2f85/assets) by extension 'colcon_meta'
[1.334s] Level 1:colcon.colcon_core.package_identification:_identify(src/mujoco_menagerie/robotiq_2f85/assets) by extensions ['ros']
[1.334s] Level 1:colcon.colcon_core.package_identification:_identify(src/mujoco_menagerie/robotiq_2f85/assets) by extension 'ros'
[1.334s] Level 1:colcon.colcon_core.package_identification:_identify(src/mujoco_menagerie/robotiq_2f85/assets) by extensions ['cmake', 'python']
[1.334s] Level 1:colcon.colcon_core.package_identification:_identify(src/mujoco_menagerie/robotiq_2f85/assets) by extension 'cmake'
[1.334s] Level 1:colcon.colcon_core.package_identification:_identify(src/mujoco_menagerie/robotiq_2f85/assets) by extension 'python'
[1.334s] Level 1:colcon.colcon_core.package_identification:_identify(src/mujoco_menagerie/robotiq_2f85/assets) by extensions ['python_setup_py']
[1.334s] Level 1:colcon.colcon_core.package_identification:_identify(src/mujoco_menagerie/robotiq_2f85/assets) by extension 'python_setup_py'
[1.334s] Level 1:colcon.colcon_core.package_identification:_identify(src/mujoco_menagerie/robotiq_2f85_v4) by extensions ['ignore', 'ignore_ament_install']
[1.334s] Level 1:colcon.colcon_core.package_identification:_identify(src/mujoco_menagerie/robotiq_2f85_v4) by extension 'ignore'
[1.335s] Level 1:colcon.colcon_core.package_identification:_identify(src/mujoco_menagerie/robotiq_2f85_v4) by extension 'ignore_ament_install'
[1.335s] Level 1:colcon.colcon_core.package_identification:_identify(src/mujoco_menagerie/robotiq_2f85_v4) by extensions ['colcon_pkg']
[1.335s] Level 1:colcon.colcon_core.package_identification:_identify(src/mujoco_menagerie/robotiq_2f85_v4) by extension 'colcon_pkg'
[1.335s] Level 1:colcon.colcon_core.package_identification:_identify(src/mujoco_menagerie/robotiq_2f85_v4) by extensions ['colcon_meta']
[1.335s] Level 1:colcon.colcon_core.package_identification:_identify(src/mujoco_menagerie/robotiq_2f85_v4) by extension 'colcon_meta'
[1.335s] Level 1:colcon.colcon_core.package_identification:_identify(src/mujoco_menagerie/robotiq_2f85_v4) by extensions ['ros']
[1.335s] Level 1:colcon.colcon_core.package_identification:_identify(src/mujoco_menagerie/robotiq_2f85_v4) by extension 'ros'
[1.335s] Level 1:colcon.colcon_core.package_identification:_identify(src/mujoco_menagerie/robotiq_2f85_v4) by extensions ['cmake', 'python']
[1.335s] Level 1:colcon.colcon_core.package_identification:_identify(src/mujoco_menagerie/robotiq_2f85_v4) by extension 'cmake'
[1.335s] Level 1:colcon.colcon_core.package_identification:_identify(src/mujoco_menagerie/robotiq_2f85_v4) by extension 'python'
[1.335s] Level 1:colcon.colcon_core.package_identification:_identify(src/mujoco_menagerie/robotiq_2f85_v4) by extensions ['python_setup_py']
[1.335s] Level 1:colcon.colcon_core.package_identification:_identify(src/mujoco_menagerie/robotiq_2f85_v4) by extension 'python_setup_py'
[1.335s] Level 1:colcon.colcon_core.package_identification:_identify(src/mujoco_menagerie/robotiq_2f85_v4/assets) by extensions ['ignore', 'ignore_ament_install']
[1.335s] Level 1:colcon.colcon_core.package_identification:_identify(src/mujoco_menagerie/robotiq_2f85_v4/assets) by extension 'ignore'
[1.335s] Level 1:colcon.colcon_core.package_identification:_identify(src/mujoco_menagerie/robotiq_2f85_v4/assets) by extension 'ignore_ament_install'
[1.335s] Level 1:colcon.colcon_core.package_identification:_identify(src/mujoco_menagerie/robotiq_2f85_v4/assets) by extensions ['colcon_pkg']
[1.335s] Level 1:colcon.colcon_core.package_identification:_identify(src/mujoco_menagerie/robotiq_2f85_v4/assets) by extension 'colcon_pkg'
[1.335s] Level 1:colcon.colcon_core.package_identification:_identify(src/mujoco_menagerie/robotiq_2f85_v4/assets) by extensions ['colcon_meta']
[1.336s] Level 1:colcon.colcon_core.package_identification:_identify(src/mujoco_menagerie/robotiq_2f85_v4/assets) by extension 'colcon_meta'
[1.336s] Level 1:colcon.colcon_core.package_identification:_identify(src/mujoco_menagerie/robotiq_2f85_v4/assets) by extensions ['ros']
[1.336s] Level 1:colcon.colcon_core.package_identification:_identify(src/mujoco_menagerie/robotiq_2f85_v4/assets) by extension 'ros'
[1.336s] Level 1:colcon.colcon_core.package_identification:_identify(src/mujoco_menagerie/robotiq_2f85_v4/assets) by extensions ['cmake', 'python']
[1.336s] Level 1:colcon.colcon_core.package_identification:_identify(src/mujoco_menagerie/robotiq_2f85_v4/assets) by extension 'cmake'
[1.336s] Level 1:colcon.colcon_core.package_identification:_identify(src/mujoco_menagerie/robotiq_2f85_v4/assets) by extension 'python'
[1.336s] Level 1:colcon.colcon_core.package_identification:_identify(src/mujoco_menagerie/robotiq_2f85_v4/assets) by extensions ['python_setup_py']
[1.336s] Level 1:colcon.colcon_core.package_identification:_identify(src/mujoco_menagerie/robotiq_2f85_v4/assets) by extension 'python_setup_py'
[1.336s] Level 1:colcon.colcon_core.package_identification:_identify(src/mujoco_menagerie/robotis_op3) by extensions ['ignore', 'ignore_ament_install']
[1.336s] Level 1:colcon.colcon_core.package_identification:_identify(src/mujoco_menagerie/robotis_op3) by extension 'ignore'
[1.336s] Level 1:colcon.colcon_core.package_identification:_identify(src/mujoco_menagerie/robotis_op3) by extension 'ignore_ament_install'
[1.336s] Level 1:colcon.colcon_core.package_identification:_identify(src/mujoco_menagerie/robotis_op3) by extensions ['colcon_pkg']
[1.336s] Level 1:colcon.colcon_core.package_identification:_identify(src/mujoco_menagerie/robotis_op3) by extension 'colcon_pkg'
[1.336s] Level 1:colcon.colcon_core.package_identification:_identify(src/mujoco_menagerie/robotis_op3) by extensions ['colcon_meta']
[1.336s] Level 1:colcon.colcon_core.package_identification:_identify(src/mujoco_menagerie/robotis_op3) by extension 'colcon_meta'
[1.336s] Level 1:colcon.colcon_core.package_identification:_identify(src/mujoco_menagerie/robotis_op3) by extensions ['ros']
[1.336s] Level 1:colcon.colcon_core.package_identification:_identify(src/mujoco_menagerie/robotis_op3) by extension 'ros'
[1.337s] Level 1:colcon.colcon_core.package_identification:_identify(src/mujoco_menagerie/robotis_op3) by extensions ['cmake', 'python']
[1.337s] Level 1:colcon.colcon_core.package_identification:_identify(src/mujoco_menagerie/robotis_op3) by extension 'cmake'
[1.337s] Level 1:colcon.colcon_core.package_identification:_identify(src/mujoco_menagerie/robotis_op3) by extension 'python'
[1.337s] Level 1:colcon.colcon_core.package_identification:_identify(src/mujoco_menagerie/robotis_op3) by extensions ['python_setup_py']
[1.337s] Level 1:colcon.colcon_core.package_identification:_identify(src/mujoco_menagerie/robotis_op3) by extension 'python_setup_py'
[1.337s] Level 1:colcon.colcon_core.package_identification:_identify(src/mujoco_menagerie/robotis_op3/assets) by extensions ['ignore', 'ignore_ament_install']
[1.337s] Level 1:colcon.colcon_core.package_identification:_identify(src/mujoco_menagerie/robotis_op3/assets) by extension 'ignore'
[1.337s] Level 1:colcon.colcon_core.package_identification:_identify(src/mujoco_menagerie/robotis_op3/assets) by extension 'ignore_ament_install'
[1.337s] Level 1:colcon.colcon_core.package_identification:_identify(src/mujoco_menagerie/robotis_op3/assets) by extensions ['colcon_pkg']
[1.337s] Level 1:colcon.colcon_core.package_identification:_identify(src/mujoco_menagerie/robotis_op3/assets) by extension 'colcon_pkg'
[1.337s] Level 1:colcon.colcon_core.package_identification:_identify(src/mujoco_menagerie/robotis_op3/assets) by extensions ['colcon_meta']
[1.337s] Level 1:colcon.colcon_core.package_identification:_identify(src/mujoco_menagerie/robotis_op3/assets) by extension 'colcon_meta'
[1.337s] Level 1:colcon.colcon_core.package_identification:_identify(src/mujoco_menagerie/robotis_op3/assets) by extensions ['ros']
[1.337s] Level 1:colcon.colcon_core.package_identification:_identify(src/mujoco_menagerie/robotis_op3/assets) by extension 'ros'
[1.338s] Level 1:colcon.colcon_core.package_identification:_identify(src/mujoco_menagerie/robotis_op3/assets) by extensions ['cmake', 'python']
[1.338s] Level 1:colcon.colcon_core.package_identification:_identify(src/mujoco_menagerie/robotis_op3/assets) by extension 'cmake'
[1.338s] Level 1:colcon.colcon_core.package_identification:_identify(src/mujoco_menagerie/robotis_op3/assets) by extension 'python'
[1.338s] Level 1:colcon.colcon_core.package_identification:_identify(src/mujoco_menagerie/robotis_op3/assets) by extensions ['python_setup_py']
[1.338s] Level 1:colcon.colcon_core.package_identification:_identify(src/mujoco_menagerie/robotis_op3/assets) by extension 'python_setup_py'
[1.338s] Level 1:colcon.colcon_core.package_identification:_identify(src/mujoco_menagerie/robotis_op3/assets/simplified_convex) by extensions ['ignore', 'ignore_ament_install']
[1.338s] Level 1:colcon.colcon_core.package_identification:_identify(src/mujoco_menagerie/robotis_op3/assets/simplified_convex) by extension 'ignore'
[1.338s] Level 1:colcon.colcon_core.package_identification:_identify(src/mujoco_menagerie/robotis_op3/assets/simplified_convex) by extension 'ignore_ament_install'
[1.338s] Level 1:colcon.colcon_core.package_identification:_identify(src/mujoco_menagerie/robotis_op3/assets/simplified_convex) by extensions ['colcon_pkg']
[1.338s] Level 1:colcon.colcon_core.package_identification:_identify(src/mujoco_menagerie/robotis_op3/assets/simplified_convex) by extension 'colcon_pkg'
[1.338s] Level 1:colcon.colcon_core.package_identification:_identify(src/mujoco_menagerie/robotis_op3/assets/simplified_convex) by extensions ['colcon_meta']
[1.338s] Level 1:colcon.colcon_core.package_identification:_identify(src/mujoco_menagerie/robotis_op3/assets/simplified_convex) by extension 'colcon_meta'
[1.338s] Level 1:colcon.colcon_core.package_identification:_identify(src/mujoco_menagerie/robotis_op3/assets/simplified_convex) by extensions ['ros']
[1.338s] Level 1:colcon.colcon_core.package_identification:_identify(src/mujoco_menagerie/robotis_op3/assets/simplified_convex) by extension 'ros'
[1.338s] Level 1:colcon.colcon_core.package_identification:_identify(src/mujoco_menagerie/robotis_op3/assets/simplified_convex) by extensions ['cmake', 'python']
[1.339s] Level 1:colcon.colcon_core.package_identification:_identify(src/mujoco_menagerie/robotis_op3/assets/simplified_convex) by extension 'cmake'
[1.339s] Level 1:colcon.colcon_core.package_identification:_identify(src/mujoco_menagerie/robotis_op3/assets/simplified_convex) by extension 'python'
[1.339s] Level 1:colcon.colcon_core.package_identification:_identify(src/mujoco_menagerie/robotis_op3/assets/simplified_convex) by extensions ['python_setup_py']
[1.339s] Level 1:colcon.colcon_core.package_identification:_identify(src/mujoco_menagerie/robotis_op3/assets/simplified_convex) by extension 'python_setup_py'
[1.339s] Level 1:colcon.colcon_core.package_identification:_identify(src/mujoco_menagerie/shadow_dexee) by extensions ['ignore', 'ignore_ament_install']
[1.339s] Level 1:colcon.colcon_core.package_identification:_identify(src/mujoco_menagerie/shadow_dexee) by extension 'ignore'
[1.340s] Level 1:colcon.colcon_core.package_identification:_identify(src/mujoco_menagerie/shadow_dexee) by extension 'ignore_ament_install'
[1.340s] Level 1:colcon.colcon_core.package_identification:_identify(src/mujoco_menagerie/shadow_dexee) by extensions ['colcon_pkg']
[1.340s] Level 1:colcon.colcon_core.package_identification:_identify(src/mujoco_menagerie/shadow_dexee) by extension 'colcon_pkg'
[1.340s] Level 1:colcon.colcon_core.package_identification:_identify(src/mujoco_menagerie/shadow_dexee) by extensions ['colcon_meta']
[1.340s] Level 1:colcon.colcon_core.package_identification:_identify(src/mujoco_menagerie/shadow_dexee) by extension 'colcon_meta'
[1.340s] Level 1:colcon.colcon_core.package_identification:_identify(src/mujoco_menagerie/shadow_dexee) by extensions ['ros']
[1.340s] Level 1:colcon.colcon_core.package_identification:_identify(src/mujoco_menagerie/shadow_dexee) by extension 'ros'
[1.340s] Level 1:colcon.colcon_core.package_identification:_identify(src/mujoco_menagerie/shadow_dexee) by extensions ['cmake', 'python']
[1.340s] Level 1:colcon.colcon_core.package_identification:_identify(src/mujoco_menagerie/shadow_dexee) by extension 'cmake'
[1.340s] Level 1:colcon.colcon_core.package_identification:_identify(src/mujoco_menagerie/shadow_dexee) by extension 'python'
[1.340s] Level 1:colcon.colcon_core.package_identification:_identify(src/mujoco_menagerie/shadow_dexee) by extensions ['python_setup_py']
[1.340s] Level 1:colcon.colcon_core.package_identification:_identify(src/mujoco_menagerie/shadow_dexee) by extension 'python_setup_py'
[1.341s] Level 1:colcon.colcon_core.package_identification:_identify(src/mujoco_menagerie/shadow_dexee/assets) by extensions ['ignore', 'ignore_ament_install']
[1.341s] Level 1:colcon.colcon_core.package_identification:_identify(src/mujoco_menagerie/shadow_dexee/assets) by extension 'ignore'
[1.341s] Level 1:colcon.colcon_core.package_identification:_identify(src/mujoco_menagerie/shadow_dexee/assets) by extension 'ignore_ament_install'
[1.341s] Level 1:colcon.colcon_core.package_identification:_identify(src/mujoco_menagerie/shadow_dexee/assets) by extensions ['colcon_pkg']
[1.341s] Level 1:colcon.colcon_core.package_identification:_identify(src/mujoco_menagerie/shadow_dexee/assets) by extension 'colcon_pkg'
[1.341s] Level 1:colcon.colcon_core.package_identification:_identify(src/mujoco_menagerie/shadow_dexee/assets) by extensions ['colcon_meta']
[1.341s] Level 1:colcon.colcon_core.package_identification:_identify(src/mujoco_menagerie/shadow_dexee/assets) by extension 'colcon_meta'
[1.341s] Level 1:colcon.colcon_core.package_identification:_identify(src/mujoco_menagerie/shadow_dexee/assets) by extensions ['ros']
[1.341s] Level 1:colcon.colcon_core.package_identification:_identify(src/mujoco_menagerie/shadow_dexee/assets) by extension 'ros'
[1.341s] Level 1:colcon.colcon_core.package_identification:_identify(src/mujoco_menagerie/shadow_dexee/assets) by extensions ['cmake', 'python']
[1.341s] Level 1:colcon.colcon_core.package_identification:_identify(src/mujoco_menagerie/shadow_dexee/assets) by extension 'cmake'
[1.341s] Level 1:colcon.colcon_core.package_identification:_identify(src/mujoco_menagerie/shadow_dexee/assets) by extension 'python'
[1.341s] Level 1:colcon.colcon_core.package_identification:_identify(src/mujoco_menagerie/shadow_dexee/assets) by extensions ['python_setup_py']
[1.341s] Level 1:colcon.colcon_core.package_identification:_identify(src/mujoco_menagerie/shadow_dexee/assets) by extension 'python_setup_py'
[1.342s] Level 1:colcon.colcon_core.package_identification:_identify(src/mujoco_menagerie/shadow_hand) by extensions ['ignore', 'ignore_ament_install']
[1.342s] Level 1:colcon.colcon_core.package_identification:_identify(src/mujoco_menagerie/shadow_hand) by extension 'ignore'
[1.342s] Level 1:colcon.colcon_core.package_identification:_identify(src/mujoco_menagerie/shadow_hand) by extension 'ignore_ament_install'
[1.342s] Level 1:colcon.colcon_core.package_identification:_identify(src/mujoco_menagerie/shadow_hand) by extensions ['colcon_pkg']
[1.342s] Level 1:colcon.colcon_core.package_identification:_identify(src/mujoco_menagerie/shadow_hand) by extension 'colcon_pkg'
[1.342s] Level 1:colcon.colcon_core.package_identification:_identify(src/mujoco_menagerie/shadow_hand) by extensions ['colcon_meta']
[1.342s] Level 1:colcon.colcon_core.package_identification:_identify(src/mujoco_menagerie/shadow_hand) by extension 'colcon_meta'
[1.342s] Level 1:colcon.colcon_core.package_identification:_identify(src/mujoco_menagerie/shadow_hand) by extensions ['ros']
[1.342s] Level 1:colcon.colcon_core.package_identification:_identify(src/mujoco_menagerie/shadow_hand) by extension 'ros'
[1.342s] Level 1:colcon.colcon_core.package_identification:_identify(src/mujoco_menagerie/shadow_hand) by extensions ['cmake', 'python']
[1.342s] Level 1:colcon.colcon_core.package_identification:_identify(src/mujoco_menagerie/shadow_hand) by extension 'cmake'
[1.342s] Level 1:colcon.colcon_core.package_identification:_identify(src/mujoco_menagerie/shadow_hand) by extension 'python'
[1.342s] Level 1:colcon.colcon_core.package_identification:_identify(src/mujoco_menagerie/shadow_hand) by extensions ['python_setup_py']
[1.342s] Level 1:colcon.colcon_core.package_identification:_identify(src/mujoco_menagerie/shadow_hand) by extension 'python_setup_py'
[1.343s] Level 1:colcon.colcon_core.package_identification:_identify(src/mujoco_menagerie/shadow_hand/assets) by extensions ['ignore', 'ignore_ament_install']
[1.343s] Level 1:colcon.colcon_core.package_identification:_identify(src/mujoco_menagerie/shadow_hand/assets) by extension 'ignore'
[1.343s] Level 1:colcon.colcon_core.package_identification:_identify(src/mujoco_menagerie/shadow_hand/assets) by extension 'ignore_ament_install'
[1.343s] Level 1:colcon.colcon_core.package_identification:_identify(src/mujoco_menagerie/shadow_hand/assets) by extensions ['colcon_pkg']
[1.343s] Level 1:colcon.colcon_core.package_identification:_identify(src/mujoco_menagerie/shadow_hand/assets) by extension 'colcon_pkg'
[1.343s] Level 1:colcon.colcon_core.package_identification:_identify(src/mujoco_menagerie/shadow_hand/assets) by extensions ['colcon_meta']
[1.343s] Level 1:colcon.colcon_core.package_identification:_identify(src/mujoco_menagerie/shadow_hand/assets) by extension 'colcon_meta'
[1.343s] Level 1:colcon.colcon_core.package_identification:_identify(src/mujoco_menagerie/shadow_hand/assets) by extensions ['ros']
[1.343s] Level 1:colcon.colcon_core.package_identification:_identify(src/mujoco_menagerie/shadow_hand/assets) by extension 'ros'
[1.343s] Level 1:colcon.colcon_core.package_identification:_identify(src/mujoco_menagerie/shadow_hand/assets) by extensions ['cmake', 'python']
[1.343s] Level 1:colcon.colcon_core.package_identification:_identify(src/mujoco_menagerie/shadow_hand/assets) by extension 'cmake'
[1.343s] Level 1:colcon.colcon_core.package_identification:_identify(src/mujoco_menagerie/shadow_hand/assets) by extension 'python'
[1.343s] Level 1:colcon.colcon_core.package_identification:_identify(src/mujoco_menagerie/shadow_hand/assets) by extensions ['python_setup_py']
[1.343s] Level 1:colcon.colcon_core.package_identification:_identify(src/mujoco_menagerie/shadow_hand/assets) by extension 'python_setup_py'
[1.343s] Level 1:colcon.colcon_core.package_identification:_identify(src/mujoco_menagerie/skydio_x2) by extensions ['ignore', 'ignore_ament_install']
[1.344s] Level 1:colcon.colcon_core.package_identification:_identify(src/mujoco_menagerie/skydio_x2) by extension 'ignore'
[1.344s] Level 1:colcon.colcon_core.package_identification:_identify(src/mujoco_menagerie/skydio_x2) by extension 'ignore_ament_install'
[1.344s] Level 1:colcon.colcon_core.package_identification:_identify(src/mujoco_menagerie/skydio_x2) by extensions ['colcon_pkg']
[1.344s] Level 1:colcon.colcon_core.package_identification:_identify(src/mujoco_menagerie/skydio_x2) by extension 'colcon_pkg'
[1.344s] Level 1:colcon.colcon_core.package_identification:_identify(src/mujoco_menagerie/skydio_x2) by extensions ['colcon_meta']
[1.344s] Level 1:colcon.colcon_core.package_identification:_identify(src/mujoco_menagerie/skydio_x2) by extension 'colcon_meta'
[1.344s] Level 1:colcon.colcon_core.package_identification:_identify(src/mujoco_menagerie/skydio_x2) by extensions ['ros']
[1.344s] Level 1:colcon.colcon_core.package_identification:_identify(src/mujoco_menagerie/skydio_x2) by extension 'ros'
[1.344s] Level 1:colcon.colcon_core.package_identification:_identify(src/mujoco_menagerie/skydio_x2) by extensions ['cmake', 'python']
[1.344s] Level 1:colcon.colcon_core.package_identification:_identify(src/mujoco_menagerie/skydio_x2) by extension 'cmake'
[1.344s] Level 1:colcon.colcon_core.package_identification:_identify(src/mujoco_menagerie/skydio_x2) by extension 'python'
[1.344s] Level 1:colcon.colcon_core.package_identification:_identify(src/mujoco_menagerie/skydio_x2) by extensions ['python_setup_py']
[1.344s] Level 1:colcon.colcon_core.package_identification:_identify(src/mujoco_menagerie/skydio_x2) by extension 'python_setup_py'
[1.344s] Level 1:colcon.colcon_core.package_identification:_identify(src/mujoco_menagerie/skydio_x2/assets) by extensions ['ignore', 'ignore_ament_install']
[1.345s] Level 1:colcon.colcon_core.package_identification:_identify(src/mujoco_menagerie/skydio_x2/assets) by extension 'ignore'
[1.345s] Level 1:colcon.colcon_core.package_identification:_identify(src/mujoco_menagerie/skydio_x2/assets) by extension 'ignore_ament_install'
[1.345s] Level 1:colcon.colcon_core.package_identification:_identify(src/mujoco_menagerie/skydio_x2/assets) by extensions ['colcon_pkg']
[1.345s] Level 1:colcon.colcon_core.package_identification:_identify(src/mujoco_menagerie/skydio_x2/assets) by extension 'colcon_pkg'
[1.345s] Level 1:colcon.colcon_core.package_identification:_identify(src/mujoco_menagerie/skydio_x2/assets) by extensions ['colcon_meta']
[1.345s] Level 1:colcon.colcon_core.package_identification:_identify(src/mujoco_menagerie/skydio_x2/assets) by extension 'colcon_meta'
[1.345s] Level 1:colcon.colcon_core.package_identification:_identify(src/mujoco_menagerie/skydio_x2/assets) by extensions ['ros']
[1.345s] Level 1:colcon.colcon_core.package_identification:_identify(src/mujoco_menagerie/skydio_x2/assets) by extension 'ros'
[1.345s] Level 1:colcon.colcon_core.package_identification:_identify(src/mujoco_menagerie/skydio_x2/assets) by extensions ['cmake', 'python']
[1.345s] Level 1:colcon.colcon_core.package_identification:_identify(src/mujoco_menagerie/skydio_x2/assets) by extension 'cmake'
[1.345s] Level 1:colcon.colcon_core.package_identification:_identify(src/mujoco_menagerie/skydio_x2/assets) by extension 'python'
[1.345s] Level 1:colcon.colcon_core.package_identification:_identify(src/mujoco_menagerie/skydio_x2/assets) by extensions ['python_setup_py']
[1.345s] Level 1:colcon.colcon_core.package_identification:_identify(src/mujoco_menagerie/skydio_x2/assets) by extension 'python_setup_py'
[1.345s] Level 1:colcon.colcon_core.package_identification:_identify(src/mujoco_menagerie/stanford_tidybot) by extensions ['ignore', 'ignore_ament_install']
[1.345s] Level 1:colcon.colcon_core.package_identification:_identify(src/mujoco_menagerie/stanford_tidybot) by extension 'ignore'
[1.345s] Level 1:colcon.colcon_core.package_identification:_identify(src/mujoco_menagerie/stanford_tidybot) by extension 'ignore_ament_install'
[1.345s] Level 1:colcon.colcon_core.package_identification:_identify(src/mujoco_menagerie/stanford_tidybot) by extensions ['colcon_pkg']
[1.345s] Level 1:colcon.colcon_core.package_identification:_identify(src/mujoco_menagerie/stanford_tidybot) by extension 'colcon_pkg'
[1.346s] Level 1:colcon.colcon_core.package_identification:_identify(src/mujoco_menagerie/stanford_tidybot) by extensions ['colcon_meta']
[1.346s] Level 1:colcon.colcon_core.package_identification:_identify(src/mujoco_menagerie/stanford_tidybot) by extension 'colcon_meta'
[1.346s] Level 1:colcon.colcon_core.package_identification:_identify(src/mujoco_menagerie/stanford_tidybot) by extensions ['ros']
[1.346s] Level 1:colcon.colcon_core.package_identification:_identify(src/mujoco_menagerie/stanford_tidybot) by extension 'ros'
[1.346s] Level 1:colcon.colcon_core.package_identification:_identify(src/mujoco_menagerie/stanford_tidybot) by extensions ['cmake', 'python']
[1.346s] Level 1:colcon.colcon_core.package_identification:_identify(src/mujoco_menagerie/stanford_tidybot) by extension 'cmake'
[1.346s] Level 1:colcon.colcon_core.package_identification:_identify(src/mujoco_menagerie/stanford_tidybot) by extension 'python'
[1.346s] Level 1:colcon.colcon_core.package_identification:_identify(src/mujoco_menagerie/stanford_tidybot) by extensions ['python_setup_py']
[1.346s] Level 1:colcon.colcon_core.package_identification:_identify(src/mujoco_menagerie/stanford_tidybot) by extension 'python_setup_py'
[1.346s] Level 1:colcon.colcon_core.package_identification:_identify(src/mujoco_menagerie/stanford_tidybot/assets) by extensions ['ignore', 'ignore_ament_install']
[1.346s] Level 1:colcon.colcon_core.package_identification:_identify(src/mujoco_menagerie/stanford_tidybot/assets) by extension 'ignore'
[1.346s] Level 1:colcon.colcon_core.package_identification:_identify(src/mujoco_menagerie/stanford_tidybot/assets) by extension 'ignore_ament_install'
[1.346s] Level 1:colcon.colcon_core.package_identification:_identify(src/mujoco_menagerie/stanford_tidybot/assets) by extensions ['colcon_pkg']
[1.346s] Level 1:colcon.colcon_core.package_identification:_identify(src/mujoco_menagerie/stanford_tidybot/assets) by extension 'colcon_pkg'
[1.346s] Level 1:colcon.colcon_core.package_identification:_identify(src/mujoco_menagerie/stanford_tidybot/assets) by extensions ['colcon_meta']
[1.346s] Level 1:colcon.colcon_core.package_identification:_identify(src/mujoco_menagerie/stanford_tidybot/assets) by extension 'colcon_meta'
[1.346s] Level 1:colcon.colcon_core.package_identification:_identify(src/mujoco_menagerie/stanford_tidybot/assets) by extensions ['ros']
[1.346s] Level 1:colcon.colcon_core.package_identification:_identify(src/mujoco_menagerie/stanford_tidybot/assets) by extension 'ros'
[1.347s] Level 1:colcon.colcon_core.package_identification:_identify(src/mujoco_menagerie/stanford_tidybot/assets) by extensions ['cmake', 'python']
[1.347s] Level 1:colcon.colcon_core.package_identification:_identify(src/mujoco_menagerie/stanford_tidybot/assets) by extension 'cmake'
[1.347s] Level 1:colcon.colcon_core.package_identification:_identify(src/mujoco_menagerie/stanford_tidybot/assets) by extension 'python'
[1.347s] Level 1:colcon.colcon_core.package_identification:_identify(src/mujoco_menagerie/stanford_tidybot/assets) by extensions ['python_setup_py']
[1.347s] Level 1:colcon.colcon_core.package_identification:_identify(src/mujoco_menagerie/stanford_tidybot/assets) by extension 'python_setup_py'
[1.347s] Level 1:colcon.colcon_core.package_identification:_identify(src/mujoco_menagerie/stanford_tidybot/assets/2f85) by extensions ['ignore', 'ignore_ament_install']
[1.347s] Level 1:colcon.colcon_core.package_identification:_identify(src/mujoco_menagerie/stanford_tidybot/assets/2f85) by extension 'ignore'
[1.347s] Level 1:colcon.colcon_core.package_identification:_identify(src/mujoco_menagerie/stanford_tidybot/assets/2f85) by extension 'ignore_ament_install'
[1.347s] Level 1:colcon.colcon_core.package_identification:_identify(src/mujoco_menagerie/stanford_tidybot/assets/2f85) by extensions ['colcon_pkg']
[1.347s] Level 1:colcon.colcon_core.package_identification:_identify(src/mujoco_menagerie/stanford_tidybot/assets/2f85) by extension 'colcon_pkg'
[1.347s] Level 1:colcon.colcon_core.package_identification:_identify(src/mujoco_menagerie/stanford_tidybot/assets/2f85) by extensions ['colcon_meta']
[1.347s] Level 1:colcon.colcon_core.package_identification:_identify(src/mujoco_menagerie/stanford_tidybot/assets/2f85) by extension 'colcon_meta'
[1.347s] Level 1:colcon.colcon_core.package_identification:_identify(src/mujoco_menagerie/stanford_tidybot/assets/2f85) by extensions ['ros']
[1.347s] Level 1:colcon.colcon_core.package_identification:_identify(src/mujoco_menagerie/stanford_tidybot/assets/2f85) by extension 'ros'
[1.347s] Level 1:colcon.colcon_core.package_identification:_identify(src/mujoco_menagerie/stanford_tidybot/assets/2f85) by extensions ['cmake', 'python']
[1.347s] Level 1:colcon.colcon_core.package_identification:_identify(src/mujoco_menagerie/stanford_tidybot/assets/2f85) by extension 'cmake'
[1.347s] Level 1:colcon.colcon_core.package_identification:_identify(src/mujoco_menagerie/stanford_tidybot/assets/2f85) by extension 'python'
[1.347s] Level 1:colcon.colcon_core.package_identification:_identify(src/mujoco_menagerie/stanford_tidybot/assets/2f85) by extensions ['python_setup_py']
[1.348s] Level 1:colcon.colcon_core.package_identification:_identify(src/mujoco_menagerie/stanford_tidybot/assets/2f85) by extension 'python_setup_py'
[1.348s] Level 1:colcon.colcon_core.package_identification:_identify(src/mujoco_menagerie/stanford_tidybot/assets/base) by extensions ['ignore', 'ignore_ament_install']
[1.348s] Level 1:colcon.colcon_core.package_identification:_identify(src/mujoco_menagerie/stanford_tidybot/assets/base) by extension 'ignore'
[1.348s] Level 1:colcon.colcon_core.package_identification:_identify(src/mujoco_menagerie/stanford_tidybot/assets/base) by extension 'ignore_ament_install'
[1.348s] Level 1:colcon.colcon_core.package_identification:_identify(src/mujoco_menagerie/stanford_tidybot/assets/base) by extensions ['colcon_pkg']
[1.348s] Level 1:colcon.colcon_core.package_identification:_identify(src/mujoco_menagerie/stanford_tidybot/assets/base) by extension 'colcon_pkg'
[1.348s] Level 1:colcon.colcon_core.package_identification:_identify(src/mujoco_menagerie/stanford_tidybot/assets/base) by extensions ['colcon_meta']
[1.348s] Level 1:colcon.colcon_core.package_identification:_identify(src/mujoco_menagerie/stanford_tidybot/assets/base) by extension 'colcon_meta'
[1.348s] Level 1:colcon.colcon_core.package_identification:_identify(src/mujoco_menagerie/stanford_tidybot/assets/base) by extensions ['ros']
[1.348s] Level 1:colcon.colcon_core.package_identification:_identify(src/mujoco_menagerie/stanford_tidybot/assets/base) by extension 'ros'
[1.348s] Level 1:colcon.colcon_core.package_identification:_identify(src/mujoco_menagerie/stanford_tidybot/assets/base) by extensions ['cmake', 'python']
[1.348s] Level 1:colcon.colcon_core.package_identification:_identify(src/mujoco_menagerie/stanford_tidybot/assets/base) by extension 'cmake'
[1.348s] Level 1:colcon.colcon_core.package_identification:_identify(src/mujoco_menagerie/stanford_tidybot/assets/base) by extension 'python'
[1.348s] Level 1:colcon.colcon_core.package_identification:_identify(src/mujoco_menagerie/stanford_tidybot/assets/base) by extensions ['python_setup_py']
[1.348s] Level 1:colcon.colcon_core.package_identification:_identify(src/mujoco_menagerie/stanford_tidybot/assets/base) by extension 'python_setup_py'
[1.348s] Level 1:colcon.colcon_core.package_identification:_identify(src/mujoco_menagerie/stanford_tidybot/assets/gen3) by extensions ['ignore', 'ignore_ament_install']
[1.349s] Level 1:colcon.colcon_core.package_identification:_identify(src/mujoco_menagerie/stanford_tidybot/assets/gen3) by extension 'ignore'
[1.349s] Level 1:colcon.colcon_core.package_identification:_identify(src/mujoco_menagerie/stanford_tidybot/assets/gen3) by extension 'ignore_ament_install'
[1.349s] Level 1:colcon.colcon_core.package_identification:_identify(src/mujoco_menagerie/stanford_tidybot/assets/gen3) by extensions ['colcon_pkg']
[1.349s] Level 1:colcon.colcon_core.package_identification:_identify(src/mujoco_menagerie/stanford_tidybot/assets/gen3) by extension 'colcon_pkg'
[1.349s] Level 1:colcon.colcon_core.package_identification:_identify(src/mujoco_menagerie/stanford_tidybot/assets/gen3) by extensions ['colcon_meta']
[1.349s] Level 1:colcon.colcon_core.package_identification:_identify(src/mujoco_menagerie/stanford_tidybot/assets/gen3) by extension 'colcon_meta'
[1.349s] Level 1:colcon.colcon_core.package_identification:_identify(src/mujoco_menagerie/stanford_tidybot/assets/gen3) by extensions ['ros']
[1.349s] Level 1:colcon.colcon_core.package_identification:_identify(src/mujoco_menagerie/stanford_tidybot/assets/gen3) by extension 'ros'
[1.349s] Level 1:colcon.colcon_core.package_identification:_identify(src/mujoco_menagerie/stanford_tidybot/assets/gen3) by extensions ['cmake', 'python']
[1.349s] Level 1:colcon.colcon_core.package_identification:_identify(src/mujoco_menagerie/stanford_tidybot/assets/gen3) by extension 'cmake'
[1.349s] Level 1:colcon.colcon_core.package_identification:_identify(src/mujoco_menagerie/stanford_tidybot/assets/gen3) by extension 'python'
[1.349s] Level 1:colcon.colcon_core.package_identification:_identify(src/mujoco_menagerie/stanford_tidybot/assets/gen3) by extensions ['python_setup_py']
[1.349s] Level 1:colcon.colcon_core.package_identification:_identify(src/mujoco_menagerie/stanford_tidybot/assets/gen3) by extension 'python_setup_py'
[1.349s] Level 1:colcon.colcon_core.package_identification:_identify(src/mujoco_menagerie/test) by extensions ['ignore', 'ignore_ament_install']
[1.349s] Level 1:colcon.colcon_core.package_identification:_identify(src/mujoco_menagerie/test) by extension 'ignore'
[1.349s] Level 1:colcon.colcon_core.package_identification:_identify(src/mujoco_menagerie/test) by extension 'ignore_ament_install'
[1.350s] Level 1:colcon.colcon_core.package_identification:_identify(src/mujoco_menagerie/test) by extensions ['colcon_pkg']
[1.350s] Level 1:colcon.colcon_core.package_identification:_identify(src/mujoco_menagerie/test) by extension 'colcon_pkg'
[1.350s] Level 1:colcon.colcon_core.package_identification:_identify(src/mujoco_menagerie/test) by extensions ['colcon_meta']
[1.350s] Level 1:colcon.colcon_core.package_identification:_identify(src/mujoco_menagerie/test) by extension 'colcon_meta'
[1.350s] Level 1:colcon.colcon_core.package_identification:_identify(src/mujoco_menagerie/test) by extensions ['ros']
[1.350s] Level 1:colcon.colcon_core.package_identification:_identify(src/mujoco_menagerie/test) by extension 'ros'
[1.350s] Level 1:colcon.colcon_core.package_identification:_identify(src/mujoco_menagerie/test) by extensions ['cmake', 'python']
[1.350s] Level 1:colcon.colcon_core.package_identification:_identify(src/mujoco_menagerie/test) by extension 'cmake'
[1.350s] Level 1:colcon.colcon_core.package_identification:_identify(src/mujoco_menagerie/test) by extension 'python'
[1.350s] Level 1:colcon.colcon_core.package_identification:_identify(src/mujoco_menagerie/test) by extensions ['python_setup_py']
[1.350s] Level 1:colcon.colcon_core.package_identification:_identify(src/mujoco_menagerie/test) by extension 'python_setup_py'
[1.350s] Level 1:colcon.colcon_core.package_identification:_identify(src/mujoco_menagerie/trossen_vx300s) by extensions ['ignore', 'ignore_ament_install']
[1.350s] Level 1:colcon.colcon_core.package_identification:_identify(src/mujoco_menagerie/trossen_vx300s) by extension 'ignore'
[1.350s] Level 1:colcon.colcon_core.package_identification:_identify(src/mujoco_menagerie/trossen_vx300s) by extension 'ignore_ament_install'
[1.350s] Level 1:colcon.colcon_core.package_identification:_identify(src/mujoco_menagerie/trossen_vx300s) by extensions ['colcon_pkg']
[1.350s] Level 1:colcon.colcon_core.package_identification:_identify(src/mujoco_menagerie/trossen_vx300s) by extension 'colcon_pkg'
[1.350s] Level 1:colcon.colcon_core.package_identification:_identify(src/mujoco_menagerie/trossen_vx300s) by extensions ['colcon_meta']
[1.350s] Level 1:colcon.colcon_core.package_identification:_identify(src/mujoco_menagerie/trossen_vx300s) by extension 'colcon_meta'
[1.351s] Level 1:colcon.colcon_core.package_identification:_identify(src/mujoco_menagerie/trossen_vx300s) by extensions ['ros']
[1.351s] Level 1:colcon.colcon_core.package_identification:_identify(src/mujoco_menagerie/trossen_vx300s) by extension 'ros'
[1.351s] Level 1:colcon.colcon_core.package_identification:_identify(src/mujoco_menagerie/trossen_vx300s) by extensions ['cmake', 'python']
[1.351s] Level 1:colcon.colcon_core.package_identification:_identify(src/mujoco_menagerie/trossen_vx300s) by extension 'cmake'
[1.351s] Level 1:colcon.colcon_core.package_identification:_identify(src/mujoco_menagerie/trossen_vx300s) by extension 'python'
[1.351s] Level 1:colcon.colcon_core.package_identification:_identify(src/mujoco_menagerie/trossen_vx300s) by extensions ['python_setup_py']
[1.351s] Level 1:colcon.colcon_core.package_identification:_identify(src/mujoco_menagerie/trossen_vx300s) by extension 'python_setup_py'
[1.351s] Level 1:colcon.colcon_core.package_identification:_identify(src/mujoco_menagerie/trossen_vx300s/assets) by extensions ['ignore', 'ignore_ament_install']
[1.351s] Level 1:colcon.colcon_core.package_identification:_identify(src/mujoco_menagerie/trossen_vx300s/assets) by extension 'ignore'
[1.351s] Level 1:colcon.colcon_core.package_identification:_identify(src/mujoco_menagerie/trossen_vx300s/assets) by extension 'ignore_ament_install'
[1.351s] Level 1:colcon.colcon_core.package_identification:_identify(src/mujoco_menagerie/trossen_vx300s/assets) by extensions ['colcon_pkg']
[1.351s] Level 1:colcon.colcon_core.package_identification:_identify(src/mujoco_menagerie/trossen_vx300s/assets) by extension 'colcon_pkg'
[1.351s] Level 1:colcon.colcon_core.package_identification:_identify(src/mujoco_menagerie/trossen_vx300s/assets) by extensions ['colcon_meta']
[1.351s] Level 1:colcon.colcon_core.package_identification:_identify(src/mujoco_menagerie/trossen_vx300s/assets) by extension 'colcon_meta'
[1.351s] Level 1:colcon.colcon_core.package_identification:_identify(src/mujoco_menagerie/trossen_vx300s/assets) by extensions ['ros']
[1.351s] Level 1:colcon.colcon_core.package_identification:_identify(src/mujoco_menagerie/trossen_vx300s/assets) by extension 'ros'
[1.351s] Level 1:colcon.colcon_core.package_identification:_identify(src/mujoco_menagerie/trossen_vx300s/assets) by extensions ['cmake', 'python']
[1.352s] Level 1:colcon.colcon_core.package_identification:_identify(src/mujoco_menagerie/trossen_vx300s/assets) by extension 'cmake'
[1.352s] Level 1:colcon.colcon_core.package_identification:_identify(src/mujoco_menagerie/trossen_vx300s/assets) by extension 'python'
[1.352s] Level 1:colcon.colcon_core.package_identification:_identify(src/mujoco_menagerie/trossen_vx300s/assets) by extensions ['python_setup_py']
[1.352s] Level 1:colcon.colcon_core.package_identification:_identify(src/mujoco_menagerie/trossen_vx300s/assets) by extension 'python_setup_py'
[1.352s] Level 1:colcon.colcon_core.package_identification:_identify(src/mujoco_menagerie/trossen_wx250s) by extensions ['ignore', 'ignore_ament_install']
[1.352s] Level 1:colcon.colcon_core.package_identification:_identify(src/mujoco_menagerie/trossen_wx250s) by extension 'ignore'
[1.352s] Level 1:colcon.colcon_core.package_identification:_identify(src/mujoco_menagerie/trossen_wx250s) by extension 'ignore_ament_install'
[1.352s] Level 1:colcon.colcon_core.package_identification:_identify(src/mujoco_menagerie/trossen_wx250s) by extensions ['colcon_pkg']
[1.352s] Level 1:colcon.colcon_core.package_identification:_identify(src/mujoco_menagerie/trossen_wx250s) by extension 'colcon_pkg'
[1.352s] Level 1:colcon.colcon_core.package_identification:_identify(src/mujoco_menagerie/trossen_wx250s) by extensions ['colcon_meta']
[1.352s] Level 1:colcon.colcon_core.package_identification:_identify(src/mujoco_menagerie/trossen_wx250s) by extension 'colcon_meta'
[1.352s] Level 1:colcon.colcon_core.package_identification:_identify(src/mujoco_menagerie/trossen_wx250s) by extensions ['ros']
[1.352s] Level 1:colcon.colcon_core.package_identification:_identify(src/mujoco_menagerie/trossen_wx250s) by extension 'ros'
[1.352s] Level 1:colcon.colcon_core.package_identification:_identify(src/mujoco_menagerie/trossen_wx250s) by extensions ['cmake', 'python']
[1.352s] Level 1:colcon.colcon_core.package_identification:_identify(src/mujoco_menagerie/trossen_wx250s) by extension 'cmake'
[1.352s] Level 1:colcon.colcon_core.package_identification:_identify(src/mujoco_menagerie/trossen_wx250s) by extension 'python'
[1.352s] Level 1:colcon.colcon_core.package_identification:_identify(src/mujoco_menagerie/trossen_wx250s) by extensions ['python_setup_py']
[1.352s] Level 1:colcon.colcon_core.package_identification:_identify(src/mujoco_menagerie/trossen_wx250s) by extension 'python_setup_py'
[1.353s] Level 1:colcon.colcon_core.package_identification:_identify(src/mujoco_menagerie/trossen_wx250s/assets) by extensions ['ignore', 'ignore_ament_install']
[1.353s] Level 1:colcon.colcon_core.package_identification:_identify(src/mujoco_menagerie/trossen_wx250s/assets) by extension 'ignore'
[1.353s] Level 1:colcon.colcon_core.package_identification:_identify(src/mujoco_menagerie/trossen_wx250s/assets) by extension 'ignore_ament_install'
[1.353s] Level 1:colcon.colcon_core.package_identification:_identify(src/mujoco_menagerie/trossen_wx250s/assets) by extensions ['colcon_pkg']
[1.353s] Level 1:colcon.colcon_core.package_identification:_identify(src/mujoco_menagerie/trossen_wx250s/assets) by extension 'colcon_pkg'
[1.353s] Level 1:colcon.colcon_core.package_identification:_identify(src/mujoco_menagerie/trossen_wx250s/assets) by extensions ['colcon_meta']
[1.353s] Level 1:colcon.colcon_core.package_identification:_identify(src/mujoco_menagerie/trossen_wx250s/assets) by extension 'colcon_meta'
[1.353s] Level 1:colcon.colcon_core.package_identification:_identify(src/mujoco_menagerie/trossen_wx250s/assets) by extensions ['ros']
[1.353s] Level 1:colcon.colcon_core.package_identification:_identify(src/mujoco_menagerie/trossen_wx250s/assets) by extension 'ros'
[1.353s] Level 1:colcon.colcon_core.package_identification:_identify(src/mujoco_menagerie/trossen_wx250s/assets) by extensions ['cmake', 'python']
[1.353s] Level 1:colcon.colcon_core.package_identification:_identify(src/mujoco_menagerie/trossen_wx250s/assets) by extension 'cmake'
[1.353s] Level 1:colcon.colcon_core.package_identification:_identify(src/mujoco_menagerie/trossen_wx250s/assets) by extension 'python'
[1.353s] Level 1:colcon.colcon_core.package_identification:_identify(src/mujoco_menagerie/trossen_wx250s/assets) by extensions ['python_setup_py']
[1.353s] Level 1:colcon.colcon_core.package_identification:_identify(src/mujoco_menagerie/trossen_wx250s/assets) by extension 'python_setup_py'
[1.353s] Level 1:colcon.colcon_core.package_identification:_identify(src/mujoco_menagerie/trs_so_arm100) by extensions ['ignore', 'ignore_ament_install']
[1.353s] Level 1:colcon.colcon_core.package_identification:_identify(src/mujoco_menagerie/trs_so_arm100) by extension 'ignore'
[1.354s] Level 1:colcon.colcon_core.package_identification:_identify(src/mujoco_menagerie/trs_so_arm100) by extension 'ignore_ament_install'
[1.354s] Level 1:colcon.colcon_core.package_identification:_identify(src/mujoco_menagerie/trs_so_arm100) by extensions ['colcon_pkg']
[1.354s] Level 1:colcon.colcon_core.package_identification:_identify(src/mujoco_menagerie/trs_so_arm100) by extension 'colcon_pkg'
[1.354s] Level 1:colcon.colcon_core.package_identification:_identify(src/mujoco_menagerie/trs_so_arm100) by extensions ['colcon_meta']
[1.354s] Level 1:colcon.colcon_core.package_identification:_identify(src/mujoco_menagerie/trs_so_arm100) by extension 'colcon_meta'
[1.354s] Level 1:colcon.colcon_core.package_identification:_identify(src/mujoco_menagerie/trs_so_arm100) by extensions ['ros']
[1.354s] Level 1:colcon.colcon_core.package_identification:_identify(src/mujoco_menagerie/trs_so_arm100) by extension 'ros'
[1.354s] Level 1:colcon.colcon_core.package_identification:_identify(src/mujoco_menagerie/trs_so_arm100) by extensions ['cmake', 'python']
[1.354s] Level 1:colcon.colcon_core.package_identification:_identify(src/mujoco_menagerie/trs_so_arm100) by extension 'cmake'
[1.354s] Level 1:colcon.colcon_core.package_identification:_identify(src/mujoco_menagerie/trs_so_arm100) by extension 'python'
[1.354s] Level 1:colcon.colcon_core.package_identification:_identify(src/mujoco_menagerie/trs_so_arm100) by extensions ['python_setup_py']
[1.354s] Level 1:colcon.colcon_core.package_identification:_identify(src/mujoco_menagerie/trs_so_arm100) by extension 'python_setup_py'
[1.354s] Level 1:colcon.colcon_core.package_identification:_identify(src/mujoco_menagerie/trs_so_arm100/assets) by extensions ['ignore', 'ignore_ament_install']
[1.354s] Level 1:colcon.colcon_core.package_identification:_identify(src/mujoco_menagerie/trs_so_arm100/assets) by extension 'ignore'
[1.354s] Level 1:colcon.colcon_core.package_identification:_identify(src/mujoco_menagerie/trs_so_arm100/assets) by extension 'ignore_ament_install'
[1.354s] Level 1:colcon.colcon_core.package_identification:_identify(src/mujoco_menagerie/trs_so_arm100/assets) by extensions ['colcon_pkg']
[1.354s] Level 1:colcon.colcon_core.package_identification:_identify(src/mujoco_menagerie/trs_so_arm100/assets) by extension 'colcon_pkg'
[1.355s] Level 1:colcon.colcon_core.package_identification:_identify(src/mujoco_menagerie/trs_so_arm100/assets) by extensions ['colcon_meta']
[1.355s] Level 1:colcon.colcon_core.package_identification:_identify(src/mujoco_menagerie/trs_so_arm100/assets) by extension 'colcon_meta'
[1.355s] Level 1:colcon.colcon_core.package_identification:_identify(src/mujoco_menagerie/trs_so_arm100/assets) by extensions ['ros']
[1.355s] Level 1:colcon.colcon_core.package_identification:_identify(src/mujoco_menagerie/trs_so_arm100/assets) by extension 'ros'
[1.355s] Level 1:colcon.colcon_core.package_identification:_identify(src/mujoco_menagerie/trs_so_arm100/assets) by extensions ['cmake', 'python']
[1.355s] Level 1:colcon.colcon_core.package_identification:_identify(src/mujoco_menagerie/trs_so_arm100/assets) by extension 'cmake'
[1.355s] Level 1:colcon.colcon_core.package_identification:_identify(src/mujoco_menagerie/trs_so_arm100/assets) by extension 'python'
[1.355s] Level 1:colcon.colcon_core.package_identification:_identify(src/mujoco_menagerie/trs_so_arm100/assets) by extensions ['python_setup_py']
[1.355s] Level 1:colcon.colcon_core.package_identification:_identify(src/mujoco_menagerie/trs_so_arm100/assets) by extension 'python_setup_py'
[1.355s] Level 1:colcon.colcon_core.package_identification:_identify(src/mujoco_menagerie/ufactory_lite6) by extensions ['ignore', 'ignore_ament_install']
[1.355s] Level 1:colcon.colcon_core.package_identification:_identify(src/mujoco_menagerie/ufactory_lite6) by extension 'ignore'
[1.355s] Level 1:colcon.colcon_core.package_identification:_identify(src/mujoco_menagerie/ufactory_lite6) by extension 'ignore_ament_install'
[1.355s] Level 1:colcon.colcon_core.package_identification:_identify(src/mujoco_menagerie/ufactory_lite6) by extensions ['colcon_pkg']
[1.355s] Level 1:colcon.colcon_core.package_identification:_identify(src/mujoco_menagerie/ufactory_lite6) by extension 'colcon_pkg'
[1.355s] Level 1:colcon.colcon_core.package_identification:_identify(src/mujoco_menagerie/ufactory_lite6) by extensions ['colcon_meta']
[1.356s] Level 1:colcon.colcon_core.package_identification:_identify(src/mujoco_menagerie/ufactory_lite6) by extension 'colcon_meta'
[1.356s] Level 1:colcon.colcon_core.package_identification:_identify(src/mujoco_menagerie/ufactory_lite6) by extensions ['ros']
[1.356s] Level 1:colcon.colcon_core.package_identification:_identify(src/mujoco_menagerie/ufactory_lite6) by extension 'ros'
[1.356s] Level 1:colcon.colcon_core.package_identification:_identify(src/mujoco_menagerie/ufactory_lite6) by extensions ['cmake', 'python']
[1.356s] Level 1:colcon.colcon_core.package_identification:_identify(src/mujoco_menagerie/ufactory_lite6) by extension 'cmake'
[1.356s] Level 1:colcon.colcon_core.package_identification:_identify(src/mujoco_menagerie/ufactory_lite6) by extension 'python'
[1.356s] Level 1:colcon.colcon_core.package_identification:_identify(src/mujoco_menagerie/ufactory_lite6) by extensions ['python_setup_py']
[1.356s] Level 1:colcon.colcon_core.package_identification:_identify(src/mujoco_menagerie/ufactory_lite6) by extension 'python_setup_py'
[1.356s] Level 1:colcon.colcon_core.package_identification:_identify(src/mujoco_menagerie/ufactory_lite6/assets) by extensions ['ignore', 'ignore_ament_install']
[1.356s] Level 1:colcon.colcon_core.package_identification:_identify(src/mujoco_menagerie/ufactory_lite6/assets) by extension 'ignore'
[1.356s] Level 1:colcon.colcon_core.package_identification:_identify(src/mujoco_menagerie/ufactory_lite6/assets) by extension 'ignore_ament_install'
[1.356s] Level 1:colcon.colcon_core.package_identification:_identify(src/mujoco_menagerie/ufactory_lite6/assets) by extensions ['colcon_pkg']
[1.356s] Level 1:colcon.colcon_core.package_identification:_identify(src/mujoco_menagerie/ufactory_lite6/assets) by extension 'colcon_pkg'
[1.356s] Level 1:colcon.colcon_core.package_identification:_identify(src/mujoco_menagerie/ufactory_lite6/assets) by extensions ['colcon_meta']
[1.356s] Level 1:colcon.colcon_core.package_identification:_identify(src/mujoco_menagerie/ufactory_lite6/assets) by extension 'colcon_meta'
[1.356s] Level 1:colcon.colcon_core.package_identification:_identify(src/mujoco_menagerie/ufactory_lite6/assets) by extensions ['ros']
[1.356s] Level 1:colcon.colcon_core.package_identification:_identify(src/mujoco_menagerie/ufactory_lite6/assets) by extension 'ros'
[1.357s] Level 1:colcon.colcon_core.package_identification:_identify(src/mujoco_menagerie/ufactory_lite6/assets) by extensions ['cmake', 'python']
[1.357s] Level 1:colcon.colcon_core.package_identification:_identify(src/mujoco_menagerie/ufactory_lite6/assets) by extension 'cmake'
[1.357s] Level 1:colcon.colcon_core.package_identification:_identify(src/mujoco_menagerie/ufactory_lite6/assets) by extension 'python'
[1.357s] Level 1:colcon.colcon_core.package_identification:_identify(src/mujoco_menagerie/ufactory_lite6/assets) by extensions ['python_setup_py']
[1.357s] Level 1:colcon.colcon_core.package_identification:_identify(src/mujoco_menagerie/ufactory_lite6/assets) by extension 'python_setup_py'
[1.357s] Level 1:colcon.colcon_core.package_identification:_identify(src/mujoco_menagerie/ufactory_lite6/assets/collision) by extensions ['ignore', 'ignore_ament_install']
[1.357s] Level 1:colcon.colcon_core.package_identification:_identify(src/mujoco_menagerie/ufactory_lite6/assets/collision) by extension 'ignore'
[1.357s] Level 1:colcon.colcon_core.package_identification:_identify(src/mujoco_menagerie/ufactory_lite6/assets/collision) by extension 'ignore_ament_install'
[1.357s] Level 1:colcon.colcon_core.package_identification:_identify(src/mujoco_menagerie/ufactory_lite6/assets/collision) by extensions ['colcon_pkg']
[1.357s] Level 1:colcon.colcon_core.package_identification:_identify(src/mujoco_menagerie/ufactory_lite6/assets/collision) by extension 'colcon_pkg'
[1.357s] Level 1:colcon.colcon_core.package_identification:_identify(src/mujoco_menagerie/ufactory_lite6/assets/collision) by extensions ['colcon_meta']
[1.357s] Level 1:colcon.colcon_core.package_identification:_identify(src/mujoco_menagerie/ufactory_lite6/assets/collision) by extension 'colcon_meta'
[1.357s] Level 1:colcon.colcon_core.package_identification:_identify(src/mujoco_menagerie/ufactory_lite6/assets/collision) by extensions ['ros']
[1.357s] Level 1:colcon.colcon_core.package_identification:_identify(src/mujoco_menagerie/ufactory_lite6/assets/collision) by extension 'ros'
[1.357s] Level 1:colcon.colcon_core.package_identification:_identify(src/mujoco_menagerie/ufactory_lite6/assets/collision) by extensions ['cmake', 'python']
[1.357s] Level 1:colcon.colcon_core.package_identification:_identify(src/mujoco_menagerie/ufactory_lite6/assets/collision) by extension 'cmake'
[1.357s] Level 1:colcon.colcon_core.package_identification:_identify(src/mujoco_menagerie/ufactory_lite6/assets/collision) by extension 'python'
[1.358s] Level 1:colcon.colcon_core.package_identification:_identify(src/mujoco_menagerie/ufactory_lite6/assets/collision) by extensions ['python_setup_py']
[1.358s] Level 1:colcon.colcon_core.package_identification:_identify(src/mujoco_menagerie/ufactory_lite6/assets/collision) by extension 'python_setup_py'
[1.358s] Level 1:colcon.colcon_core.package_identification:_identify(src/mujoco_menagerie/ufactory_lite6/assets/visual) by extensions ['ignore', 'ignore_ament_install']
[1.358s] Level 1:colcon.colcon_core.package_identification:_identify(src/mujoco_menagerie/ufactory_lite6/assets/visual) by extension 'ignore'
[1.358s] Level 1:colcon.colcon_core.package_identification:_identify(src/mujoco_menagerie/ufactory_lite6/assets/visual) by extension 'ignore_ament_install'
[1.358s] Level 1:colcon.colcon_core.package_identification:_identify(src/mujoco_menagerie/ufactory_lite6/assets/visual) by extensions ['colcon_pkg']
[1.358s] Level 1:colcon.colcon_core.package_identification:_identify(src/mujoco_menagerie/ufactory_lite6/assets/visual) by extension 'colcon_pkg'
[1.358s] Level 1:colcon.colcon_core.package_identification:_identify(src/mujoco_menagerie/ufactory_lite6/assets/visual) by extensions ['colcon_meta']
[1.358s] Level 1:colcon.colcon_core.package_identification:_identify(src/mujoco_menagerie/ufactory_lite6/assets/visual) by extension 'colcon_meta'
[1.358s] Level 1:colcon.colcon_core.package_identification:_identify(src/mujoco_menagerie/ufactory_lite6/assets/visual) by extensions ['ros']
[1.358s] Level 1:colcon.colcon_core.package_identification:_identify(src/mujoco_menagerie/ufactory_lite6/assets/visual) by extension 'ros'
[1.358s] Level 1:colcon.colcon_core.package_identification:_identify(src/mujoco_menagerie/ufactory_lite6/assets/visual) by extensions ['cmake', 'python']
[1.358s] Level 1:colcon.colcon_core.package_identification:_identify(src/mujoco_menagerie/ufactory_lite6/assets/visual) by extension 'cmake'
[1.358s] Level 1:colcon.colcon_core.package_identification:_identify(src/mujoco_menagerie/ufactory_lite6/assets/visual) by extension 'python'
[1.358s] Level 1:colcon.colcon_core.package_identification:_identify(src/mujoco_menagerie/ufactory_lite6/assets/visual) by extensions ['python_setup_py']
[1.358s] Level 1:colcon.colcon_core.package_identification:_identify(src/mujoco_menagerie/ufactory_lite6/assets/visual) by extension 'python_setup_py'
[1.359s] Level 1:colcon.colcon_core.package_identification:_identify(src/mujoco_menagerie/ufactory_xarm7) by extensions ['ignore', 'ignore_ament_install']
[1.359s] Level 1:colcon.colcon_core.package_identification:_identify(src/mujoco_menagerie/ufactory_xarm7) by extension 'ignore'
[1.359s] Level 1:colcon.colcon_core.package_identification:_identify(src/mujoco_menagerie/ufactory_xarm7) by extension 'ignore_ament_install'
[1.359s] Level 1:colcon.colcon_core.package_identification:_identify(src/mujoco_menagerie/ufactory_xarm7) by extensions ['colcon_pkg']
[1.359s] Level 1:colcon.colcon_core.package_identification:_identify(src/mujoco_menagerie/ufactory_xarm7) by extension 'colcon_pkg'
[1.359s] Level 1:colcon.colcon_core.package_identification:_identify(src/mujoco_menagerie/ufactory_xarm7) by extensions ['colcon_meta']
[1.359s] Level 1:colcon.colcon_core.package_identification:_identify(src/mujoco_menagerie/ufactory_xarm7) by extension 'colcon_meta'
[1.359s] Level 1:colcon.colcon_core.package_identification:_identify(src/mujoco_menagerie/ufactory_xarm7) by extensions ['ros']
[1.359s] Level 1:colcon.colcon_core.package_identification:_identify(src/mujoco_menagerie/ufactory_xarm7) by extension 'ros'
[1.359s] Level 1:colcon.colcon_core.package_identification:_identify(src/mujoco_menagerie/ufactory_xarm7) by extensions ['cmake', 'python']
[1.359s] Level 1:colcon.colcon_core.package_identification:_identify(src/mujoco_menagerie/ufactory_xarm7) by extension 'cmake'
[1.359s] Level 1:colcon.colcon_core.package_identification:_identify(src/mujoco_menagerie/ufactory_xarm7) by extension 'python'
[1.359s] Level 1:colcon.colcon_core.package_identification:_identify(src/mujoco_menagerie/ufactory_xarm7) by extensions ['python_setup_py']
[1.359s] Level 1:colcon.colcon_core.package_identification:_identify(src/mujoco_menagerie/ufactory_xarm7) by extension 'python_setup_py'
[1.359s] Level 1:colcon.colcon_core.package_identification:_identify(src/mujoco_menagerie/ufactory_xarm7/assets) by extensions ['ignore', 'ignore_ament_install']
[1.359s] Level 1:colcon.colcon_core.package_identification:_identify(src/mujoco_menagerie/ufactory_xarm7/assets) by extension 'ignore'
[1.359s] Level 1:colcon.colcon_core.package_identification:_identify(src/mujoco_menagerie/ufactory_xarm7/assets) by extension 'ignore_ament_install'
[1.360s] Level 1:colcon.colcon_core.package_identification:_identify(src/mujoco_menagerie/ufactory_xarm7/assets) by extensions ['colcon_pkg']
[1.360s] Level 1:colcon.colcon_core.package_identification:_identify(src/mujoco_menagerie/ufactory_xarm7/assets) by extension 'colcon_pkg'
[1.360s] Level 1:colcon.colcon_core.package_identification:_identify(src/mujoco_menagerie/ufactory_xarm7/assets) by extensions ['colcon_meta']
[1.360s] Level 1:colcon.colcon_core.package_identification:_identify(src/mujoco_menagerie/ufactory_xarm7/assets) by extension 'colcon_meta'
[1.360s] Level 1:colcon.colcon_core.package_identification:_identify(src/mujoco_menagerie/ufactory_xarm7/assets) by extensions ['ros']
[1.360s] Level 1:colcon.colcon_core.package_identification:_identify(src/mujoco_menagerie/ufactory_xarm7/assets) by extension 'ros'
[1.360s] Level 1:colcon.colcon_core.package_identification:_identify(src/mujoco_menagerie/ufactory_xarm7/assets) by extensions ['cmake', 'python']
[1.360s] Level 1:colcon.colcon_core.package_identification:_identify(src/mujoco_menagerie/ufactory_xarm7/assets) by extension 'cmake'
[1.360s] Level 1:colcon.colcon_core.package_identification:_identify(src/mujoco_menagerie/ufactory_xarm7/assets) by extension 'python'
[1.360s] Level 1:colcon.colcon_core.package_identification:_identify(src/mujoco_menagerie/ufactory_xarm7/assets) by extensions ['python_setup_py']
[1.360s] Level 1:colcon.colcon_core.package_identification:_identify(src/mujoco_menagerie/ufactory_xarm7/assets) by extension 'python_setup_py'
[1.360s] Level 1:colcon.colcon_core.package_identification:_identify(src/mujoco_menagerie/umi_gripper) by extensions ['ignore', 'ignore_ament_install']
[1.360s] Level 1:colcon.colcon_core.package_identification:_identify(src/mujoco_menagerie/umi_gripper) by extension 'ignore'
[1.360s] Level 1:colcon.colcon_core.package_identification:_identify(src/mujoco_menagerie/umi_gripper) by extension 'ignore_ament_install'
[1.360s] Level 1:colcon.colcon_core.package_identification:_identify(src/mujoco_menagerie/umi_gripper) by extensions ['colcon_pkg']
[1.360s] Level 1:colcon.colcon_core.package_identification:_identify(src/mujoco_menagerie/umi_gripper) by extension 'colcon_pkg'
[1.360s] Level 1:colcon.colcon_core.package_identification:_identify(src/mujoco_menagerie/umi_gripper) by extensions ['colcon_meta']
[1.360s] Level 1:colcon.colcon_core.package_identification:_identify(src/mujoco_menagerie/umi_gripper) by extension 'colcon_meta'
[1.361s] Level 1:colcon.colcon_core.package_identification:_identify(src/mujoco_menagerie/umi_gripper) by extensions ['ros']
[1.361s] Level 1:colcon.colcon_core.package_identification:_identify(src/mujoco_menagerie/umi_gripper) by extension 'ros'
[1.361s] Level 1:colcon.colcon_core.package_identification:_identify(src/mujoco_menagerie/umi_gripper) by extensions ['cmake', 'python']
[1.361s] Level 1:colcon.colcon_core.package_identification:_identify(src/mujoco_menagerie/umi_gripper) by extension 'cmake'
[1.361s] Level 1:colcon.colcon_core.package_identification:_identify(src/mujoco_menagerie/umi_gripper) by extension 'python'
[1.361s] Level 1:colcon.colcon_core.package_identification:_identify(src/mujoco_menagerie/umi_gripper) by extensions ['python_setup_py']
[1.361s] Level 1:colcon.colcon_core.package_identification:_identify(src/mujoco_menagerie/umi_gripper) by extension 'python_setup_py'
[1.361s] Level 1:colcon.colcon_core.package_identification:_identify(src/mujoco_menagerie/umi_gripper/assets) by extensions ['ignore', 'ignore_ament_install']
[1.361s] Level 1:colcon.colcon_core.package_identification:_identify(src/mujoco_menagerie/umi_gripper/assets) by extension 'ignore'
[1.361s] Level 1:colcon.colcon_core.package_identification:_identify(src/mujoco_menagerie/umi_gripper/assets) by extension 'ignore_ament_install'
[1.361s] Level 1:colcon.colcon_core.package_identification:_identify(src/mujoco_menagerie/umi_gripper/assets) by extensions ['colcon_pkg']
[1.361s] Level 1:colcon.colcon_core.package_identification:_identify(src/mujoco_menagerie/umi_gripper/assets) by extension 'colcon_pkg'
[1.361s] Level 1:colcon.colcon_core.package_identification:_identify(src/mujoco_menagerie/umi_gripper/assets) by extensions ['colcon_meta']
[1.361s] Level 1:colcon.colcon_core.package_identification:_identify(src/mujoco_menagerie/umi_gripper/assets) by extension 'colcon_meta'
[1.362s] Level 1:colcon.colcon_core.package_identification:_identify(src/mujoco_menagerie/umi_gripper/assets) by extensions ['ros']
[1.362s] Level 1:colcon.colcon_core.package_identification:_identify(src/mujoco_menagerie/umi_gripper/assets) by extension 'ros'
[1.362s] Level 1:colcon.colcon_core.package_identification:_identify(src/mujoco_menagerie/umi_gripper/assets) by extensions ['cmake', 'python']
[1.362s] Level 1:colcon.colcon_core.package_identification:_identify(src/mujoco_menagerie/umi_gripper/assets) by extension 'cmake'
[1.362s] Level 1:colcon.colcon_core.package_identification:_identify(src/mujoco_menagerie/umi_gripper/assets) by extension 'python'
[1.362s] Level 1:colcon.colcon_core.package_identification:_identify(src/mujoco_menagerie/umi_gripper/assets) by extensions ['python_setup_py']
[1.362s] Level 1:colcon.colcon_core.package_identification:_identify(src/mujoco_menagerie/umi_gripper/assets) by extension 'python_setup_py'
[1.362s] Level 1:colcon.colcon_core.package_identification:_identify(src/mujoco_menagerie/unitree_a1) by extensions ['ignore', 'ignore_ament_install']
[1.362s] Level 1:colcon.colcon_core.package_identification:_identify(src/mujoco_menagerie/unitree_a1) by extension 'ignore'
[1.362s] Level 1:colcon.colcon_core.package_identification:_identify(src/mujoco_menagerie/unitree_a1) by extension 'ignore_ament_install'
[1.362s] Level 1:colcon.colcon_core.package_identification:_identify(src/mujoco_menagerie/unitree_a1) by extensions ['colcon_pkg']
[1.362s] Level 1:colcon.colcon_core.package_identification:_identify(src/mujoco_menagerie/unitree_a1) by extension 'colcon_pkg'
[1.362s] Level 1:colcon.colcon_core.package_identification:_identify(src/mujoco_menagerie/unitree_a1) by extensions ['colcon_meta']
[1.362s] Level 1:colcon.colcon_core.package_identification:_identify(src/mujoco_menagerie/unitree_a1) by extension 'colcon_meta'
[1.362s] Level 1:colcon.colcon_core.package_identification:_identify(src/mujoco_menagerie/unitree_a1) by extensions ['ros']
[1.363s] Level 1:colcon.colcon_core.package_identification:_identify(src/mujoco_menagerie/unitree_a1) by extension 'ros'
[1.363s] Level 1:colcon.colcon_core.package_identification:_identify(src/mujoco_menagerie/unitree_a1) by extensions ['cmake', 'python']
[1.363s] Level 1:colcon.colcon_core.package_identification:_identify(src/mujoco_menagerie/unitree_a1) by extension 'cmake'
[1.363s] Level 1:colcon.colcon_core.package_identification:_identify(src/mujoco_menagerie/unitree_a1) by extension 'python'
[1.363s] Level 1:colcon.colcon_core.package_identification:_identify(src/mujoco_menagerie/unitree_a1) by extensions ['python_setup_py']
[1.363s] Level 1:colcon.colcon_core.package_identification:_identify(src/mujoco_menagerie/unitree_a1) by extension 'python_setup_py'
[1.363s] Level 1:colcon.colcon_core.package_identification:_identify(src/mujoco_menagerie/unitree_a1/assets) by extensions ['ignore', 'ignore_ament_install']
[1.363s] Level 1:colcon.colcon_core.package_identification:_identify(src/mujoco_menagerie/unitree_a1/assets) by extension 'ignore'
[1.363s] Level 1:colcon.colcon_core.package_identification:_identify(src/mujoco_menagerie/unitree_a1/assets) by extension 'ignore_ament_install'
[1.363s] Level 1:colcon.colcon_core.package_identification:_identify(src/mujoco_menagerie/unitree_a1/assets) by extensions ['colcon_pkg']
[1.363s] Level 1:colcon.colcon_core.package_identification:_identify(src/mujoco_menagerie/unitree_a1/assets) by extension 'colcon_pkg'
[1.363s] Level 1:colcon.colcon_core.package_identification:_identify(src/mujoco_menagerie/unitree_a1/assets) by extensions ['colcon_meta']
[1.363s] Level 1:colcon.colcon_core.package_identification:_identify(src/mujoco_menagerie/unitree_a1/assets) by extension 'colcon_meta'
[1.363s] Level 1:colcon.colcon_core.package_identification:_identify(src/mujoco_menagerie/unitree_a1/assets) by extensions ['ros']
[1.363s] Level 1:colcon.colcon_core.package_identification:_identify(src/mujoco_menagerie/unitree_a1/assets) by extension 'ros'
[1.363s] Level 1:colcon.colcon_core.package_identification:_identify(src/mujoco_menagerie/unitree_a1/assets) by extensions ['cmake', 'python']
[1.363s] Level 1:colcon.colcon_core.package_identification:_identify(src/mujoco_menagerie/unitree_a1/assets) by extension 'cmake'
[1.363s] Level 1:colcon.colcon_core.package_identification:_identify(src/mujoco_menagerie/unitree_a1/assets) by extension 'python'
[1.364s] Level 1:colcon.colcon_core.package_identification:_identify(src/mujoco_menagerie/unitree_a1/assets) by extensions ['python_setup_py']
[1.364s] Level 1:colcon.colcon_core.package_identification:_identify(src/mujoco_menagerie/unitree_a1/assets) by extension 'python_setup_py'
[1.364s] Level 1:colcon.colcon_core.package_identification:_identify(src/mujoco_menagerie/unitree_g1) by extensions ['ignore', 'ignore_ament_install']
[1.364s] Level 1:colcon.colcon_core.package_identification:_identify(src/mujoco_menagerie/unitree_g1) by extension 'ignore'
[1.364s] Level 1:colcon.colcon_core.package_identification:_identify(src/mujoco_menagerie/unitree_g1) by extension 'ignore_ament_install'
[1.364s] Level 1:colcon.colcon_core.package_identification:_identify(src/mujoco_menagerie/unitree_g1) by extensions ['colcon_pkg']
[1.364s] Level 1:colcon.colcon_core.package_identification:_identify(src/mujoco_menagerie/unitree_g1) by extension 'colcon_pkg'
[1.364s] Level 1:colcon.colcon_core.package_identification:_identify(src/mujoco_menagerie/unitree_g1) by extensions ['colcon_meta']
[1.364s] Level 1:colcon.colcon_core.package_identification:_identify(src/mujoco_menagerie/unitree_g1) by extension 'colcon_meta'
[1.364s] Level 1:colcon.colcon_core.package_identification:_identify(src/mujoco_menagerie/unitree_g1) by extensions ['ros']
[1.364s] Level 1:colcon.colcon_core.package_identification:_identify(src/mujoco_menagerie/unitree_g1) by extension 'ros'
[1.364s] Level 1:colcon.colcon_core.package_identification:_identify(src/mujoco_menagerie/unitree_g1) by extensions ['cmake', 'python']
[1.364s] Level 1:colcon.colcon_core.package_identification:_identify(src/mujoco_menagerie/unitree_g1) by extension 'cmake'
[1.364s] Level 1:colcon.colcon_core.package_identification:_identify(src/mujoco_menagerie/unitree_g1) by extension 'python'
[1.364s] Level 1:colcon.colcon_core.package_identification:_identify(src/mujoco_menagerie/unitree_g1) by extensions ['python_setup_py']
[1.364s] Level 1:colcon.colcon_core.package_identification:_identify(src/mujoco_menagerie/unitree_g1) by extension 'python_setup_py'
[1.365s] Level 1:colcon.colcon_core.package_identification:_identify(src/mujoco_menagerie/unitree_g1/assets) by extensions ['ignore', 'ignore_ament_install']
[1.365s] Level 1:colcon.colcon_core.package_identification:_identify(src/mujoco_menagerie/unitree_g1/assets) by extension 'ignore'
[1.365s] Level 1:colcon.colcon_core.package_identification:_identify(src/mujoco_menagerie/unitree_g1/assets) by extension 'ignore_ament_install'
[1.365s] Level 1:colcon.colcon_core.package_identification:_identify(src/mujoco_menagerie/unitree_g1/assets) by extensions ['colcon_pkg']
[1.365s] Level 1:colcon.colcon_core.package_identification:_identify(src/mujoco_menagerie/unitree_g1/assets) by extension 'colcon_pkg'
[1.365s] Level 1:colcon.colcon_core.package_identification:_identify(src/mujoco_menagerie/unitree_g1/assets) by extensions ['colcon_meta']
[1.365s] Level 1:colcon.colcon_core.package_identification:_identify(src/mujoco_menagerie/unitree_g1/assets) by extension 'colcon_meta'
[1.365s] Level 1:colcon.colcon_core.package_identification:_identify(src/mujoco_menagerie/unitree_g1/assets) by extensions ['ros']
[1.365s] Level 1:colcon.colcon_core.package_identification:_identify(src/mujoco_menagerie/unitree_g1/assets) by extension 'ros'
[1.365s] Level 1:colcon.colcon_core.package_identification:_identify(src/mujoco_menagerie/unitree_g1/assets) by extensions ['cmake', 'python']
[1.365s] Level 1:colcon.colcon_core.package_identification:_identify(src/mujoco_menagerie/unitree_g1/assets) by extension 'cmake'
[1.365s] Level 1:colcon.colcon_core.package_identification:_identify(src/mujoco_menagerie/unitree_g1/assets) by extension 'python'
[1.365s] Level 1:colcon.colcon_core.package_identification:_identify(src/mujoco_menagerie/unitree_g1/assets) by extensions ['python_setup_py']
[1.365s] Level 1:colcon.colcon_core.package_identification:_identify(src/mujoco_menagerie/unitree_g1/assets) by extension 'python_setup_py'
[1.366s] Level 1:colcon.colcon_core.package_identification:_identify(src/mujoco_menagerie/unitree_go1) by extensions ['ignore', 'ignore_ament_install']
[1.366s] Level 1:colcon.colcon_core.package_identification:_identify(src/mujoco_menagerie/unitree_go1) by extension 'ignore'
[1.366s] Level 1:colcon.colcon_core.package_identification:_identify(src/mujoco_menagerie/unitree_go1) by extension 'ignore_ament_install'
[1.366s] Level 1:colcon.colcon_core.package_identification:_identify(src/mujoco_menagerie/unitree_go1) by extensions ['colcon_pkg']
[1.366s] Level 1:colcon.colcon_core.package_identification:_identify(src/mujoco_menagerie/unitree_go1) by extension 'colcon_pkg'
[1.366s] Level 1:colcon.colcon_core.package_identification:_identify(src/mujoco_menagerie/unitree_go1) by extensions ['colcon_meta']
[1.366s] Level 1:colcon.colcon_core.package_identification:_identify(src/mujoco_menagerie/unitree_go1) by extension 'colcon_meta'
[1.366s] Level 1:colcon.colcon_core.package_identification:_identify(src/mujoco_menagerie/unitree_go1) by extensions ['ros']
[1.366s] Level 1:colcon.colcon_core.package_identification:_identify(src/mujoco_menagerie/unitree_go1) by extension 'ros'
[1.366s] Level 1:colcon.colcon_core.package_identification:_identify(src/mujoco_menagerie/unitree_go1) by extensions ['cmake', 'python']
[1.366s] Level 1:colcon.colcon_core.package_identification:_identify(src/mujoco_menagerie/unitree_go1) by extension 'cmake'
[1.366s] Level 1:colcon.colcon_core.package_identification:_identify(src/mujoco_menagerie/unitree_go1) by extension 'python'
[1.366s] Level 1:colcon.colcon_core.package_identification:_identify(src/mujoco_menagerie/unitree_go1) by extensions ['python_setup_py']
[1.366s] Level 1:colcon.colcon_core.package_identification:_identify(src/mujoco_menagerie/unitree_go1) by extension 'python_setup_py'
[1.366s] Level 1:colcon.colcon_core.package_identification:_identify(src/mujoco_menagerie/unitree_go1/assets) by extensions ['ignore', 'ignore_ament_install']
[1.367s] Level 1:colcon.colcon_core.package_identification:_identify(src/mujoco_menagerie/unitree_go1/assets) by extension 'ignore'
[1.367s] Level 1:colcon.colcon_core.package_identification:_identify(src/mujoco_menagerie/unitree_go1/assets) by extension 'ignore_ament_install'
[1.367s] Level 1:colcon.colcon_core.package_identification:_identify(src/mujoco_menagerie/unitree_go1/assets) by extensions ['colcon_pkg']
[1.367s] Level 1:colcon.colcon_core.package_identification:_identify(src/mujoco_menagerie/unitree_go1/assets) by extension 'colcon_pkg'
[1.367s] Level 1:colcon.colcon_core.package_identification:_identify(src/mujoco_menagerie/unitree_go1/assets) by extensions ['colcon_meta']
[1.367s] Level 1:colcon.colcon_core.package_identification:_identify(src/mujoco_menagerie/unitree_go1/assets) by extension 'colcon_meta'
[1.367s] Level 1:colcon.colcon_core.package_identification:_identify(src/mujoco_menagerie/unitree_go1/assets) by extensions ['ros']
[1.367s] Level 1:colcon.colcon_core.package_identification:_identify(src/mujoco_menagerie/unitree_go1/assets) by extension 'ros'
[1.367s] Level 1:colcon.colcon_core.package_identification:_identify(src/mujoco_menagerie/unitree_go1/assets) by extensions ['cmake', 'python']
[1.367s] Level 1:colcon.colcon_core.package_identification:_identify(src/mujoco_menagerie/unitree_go1/assets) by extension 'cmake'
[1.367s] Level 1:colcon.colcon_core.package_identification:_identify(src/mujoco_menagerie/unitree_go1/assets) by extension 'python'
[1.367s] Level 1:colcon.colcon_core.package_identification:_identify(src/mujoco_menagerie/unitree_go1/assets) by extensions ['python_setup_py']
[1.367s] Level 1:colcon.colcon_core.package_identification:_identify(src/mujoco_menagerie/unitree_go1/assets) by extension 'python_setup_py'
[1.367s] Level 1:colcon.colcon_core.package_identification:_identify(src/mujoco_menagerie/unitree_go2) by extensions ['ignore', 'ignore_ament_install']
[1.367s] Level 1:colcon.colcon_core.package_identification:_identify(src/mujoco_menagerie/unitree_go2) by extension 'ignore'
[1.367s] Level 1:colcon.colcon_core.package_identification:_identify(src/mujoco_menagerie/unitree_go2) by extension 'ignore_ament_install'
[1.367s] Level 1:colcon.colcon_core.package_identification:_identify(src/mujoco_menagerie/unitree_go2) by extensions ['colcon_pkg']
[1.368s] Level 1:colcon.colcon_core.package_identification:_identify(src/mujoco_menagerie/unitree_go2) by extension 'colcon_pkg'
[1.368s] Level 1:colcon.colcon_core.package_identification:_identify(src/mujoco_menagerie/unitree_go2) by extensions ['colcon_meta']
[1.368s] Level 1:colcon.colcon_core.package_identification:_identify(src/mujoco_menagerie/unitree_go2) by extension 'colcon_meta'
[1.368s] Level 1:colcon.colcon_core.package_identification:_identify(src/mujoco_menagerie/unitree_go2) by extensions ['ros']
[1.368s] Level 1:colcon.colcon_core.package_identification:_identify(src/mujoco_menagerie/unitree_go2) by extension 'ros'
[1.368s] Level 1:colcon.colcon_core.package_identification:_identify(src/mujoco_menagerie/unitree_go2) by extensions ['cmake', 'python']
[1.368s] Level 1:colcon.colcon_core.package_identification:_identify(src/mujoco_menagerie/unitree_go2) by extension 'cmake'
[1.368s] Level 1:colcon.colcon_core.package_identification:_identify(src/mujoco_menagerie/unitree_go2) by extension 'python'
[1.368s] Level 1:colcon.colcon_core.package_identification:_identify(src/mujoco_menagerie/unitree_go2) by extensions ['python_setup_py']
[1.368s] Level 1:colcon.colcon_core.package_identification:_identify(src/mujoco_menagerie/unitree_go2) by extension 'python_setup_py'
[1.368s] Level 1:colcon.colcon_core.package_identification:_identify(src/mujoco_menagerie/unitree_go2/assets) by extensions ['ignore', 'ignore_ament_install']
[1.368s] Level 1:colcon.colcon_core.package_identification:_identify(src/mujoco_menagerie/unitree_go2/assets) by extension 'ignore'
[1.368s] Level 1:colcon.colcon_core.package_identification:_identify(src/mujoco_menagerie/unitree_go2/assets) by extension 'ignore_ament_install'
[1.368s] Level 1:colcon.colcon_core.package_identification:_identify(src/mujoco_menagerie/unitree_go2/assets) by extensions ['colcon_pkg']
[1.368s] Level 1:colcon.colcon_core.package_identification:_identify(src/mujoco_menagerie/unitree_go2/assets) by extension 'colcon_pkg'
[1.368s] Level 1:colcon.colcon_core.package_identification:_identify(src/mujoco_menagerie/unitree_go2/assets) by extensions ['colcon_meta']
[1.368s] Level 1:colcon.colcon_core.package_identification:_identify(src/mujoco_menagerie/unitree_go2/assets) by extension 'colcon_meta'
[1.369s] Level 1:colcon.colcon_core.package_identification:_identify(src/mujoco_menagerie/unitree_go2/assets) by extensions ['ros']
[1.369s] Level 1:colcon.colcon_core.package_identification:_identify(src/mujoco_menagerie/unitree_go2/assets) by extension 'ros'
[1.369s] Level 1:colcon.colcon_core.package_identification:_identify(src/mujoco_menagerie/unitree_go2/assets) by extensions ['cmake', 'python']
[1.369s] Level 1:colcon.colcon_core.package_identification:_identify(src/mujoco_menagerie/unitree_go2/assets) by extension 'cmake'
[1.369s] Level 1:colcon.colcon_core.package_identification:_identify(src/mujoco_menagerie/unitree_go2/assets) by extension 'python'
[1.369s] Level 1:colcon.colcon_core.package_identification:_identify(src/mujoco_menagerie/unitree_go2/assets) by extensions ['python_setup_py']
[1.369s] Level 1:colcon.colcon_core.package_identification:_identify(src/mujoco_menagerie/unitree_go2/assets) by extension 'python_setup_py'
[1.369s] Level 1:colcon.colcon_core.package_identification:_identify(src/mujoco_menagerie/unitree_h1) by extensions ['ignore', 'ignore_ament_install']
[1.369s] Level 1:colcon.colcon_core.package_identification:_identify(src/mujoco_menagerie/unitree_h1) by extension 'ignore'
[1.369s] Level 1:colcon.colcon_core.package_identification:_identify(src/mujoco_menagerie/unitree_h1) by extension 'ignore_ament_install'
[1.369s] Level 1:colcon.colcon_core.package_identification:_identify(src/mujoco_menagerie/unitree_h1) by extensions ['colcon_pkg']
[1.369s] Level 1:colcon.colcon_core.package_identification:_identify(src/mujoco_menagerie/unitree_h1) by extension 'colcon_pkg'
[1.369s] Level 1:colcon.colcon_core.package_identification:_identify(src/mujoco_menagerie/unitree_h1) by extensions ['colcon_meta']
[1.369s] Level 1:colcon.colcon_core.package_identification:_identify(src/mujoco_menagerie/unitree_h1) by extension 'colcon_meta'
[1.369s] Level 1:colcon.colcon_core.package_identification:_identify(src/mujoco_menagerie/unitree_h1) by extensions ['ros']
[1.369s] Level 1:colcon.colcon_core.package_identification:_identify(src/mujoco_menagerie/unitree_h1) by extension 'ros'
[1.370s] Level 1:colcon.colcon_core.package_identification:_identify(src/mujoco_menagerie/unitree_h1) by extensions ['cmake', 'python']
[1.370s] Level 1:colcon.colcon_core.package_identification:_identify(src/mujoco_menagerie/unitree_h1) by extension 'cmake'
[1.370s] Level 1:colcon.colcon_core.package_identification:_identify(src/mujoco_menagerie/unitree_h1) by extension 'python'
[1.370s] Level 1:colcon.colcon_core.package_identification:_identify(src/mujoco_menagerie/unitree_h1) by extensions ['python_setup_py']
[1.370s] Level 1:colcon.colcon_core.package_identification:_identify(src/mujoco_menagerie/unitree_h1) by extension 'python_setup_py'
[1.370s] Level 1:colcon.colcon_core.package_identification:_identify(src/mujoco_menagerie/unitree_h1/assets) by extensions ['ignore', 'ignore_ament_install']
[1.370s] Level 1:colcon.colcon_core.package_identification:_identify(src/mujoco_menagerie/unitree_h1/assets) by extension 'ignore'
[1.370s] Level 1:colcon.colcon_core.package_identification:_identify(src/mujoco_menagerie/unitree_h1/assets) by extension 'ignore_ament_install'
[1.370s] Level 1:colcon.colcon_core.package_identification:_identify(src/mujoco_menagerie/unitree_h1/assets) by extensions ['colcon_pkg']
[1.370s] Level 1:colcon.colcon_core.package_identification:_identify(src/mujoco_menagerie/unitree_h1/assets) by extension 'colcon_pkg'
[1.370s] Level 1:colcon.colcon_core.package_identification:_identify(src/mujoco_menagerie/unitree_h1/assets) by extensions ['colcon_meta']
[1.370s] Level 1:colcon.colcon_core.package_identification:_identify(src/mujoco_menagerie/unitree_h1/assets) by extension 'colcon_meta'
[1.370s] Level 1:colcon.colcon_core.package_identification:_identify(src/mujoco_menagerie/unitree_h1/assets) by extensions ['ros']
[1.371s] Level 1:colcon.colcon_core.package_identification:_identify(src/mujoco_menagerie/unitree_h1/assets) by extension 'ros'
[1.371s] Level 1:colcon.colcon_core.package_identification:_identify(src/mujoco_menagerie/unitree_h1/assets) by extensions ['cmake', 'python']
[1.371s] Level 1:colcon.colcon_core.package_identification:_identify(src/mujoco_menagerie/unitree_h1/assets) by extension 'cmake'
[1.371s] Level 1:colcon.colcon_core.package_identification:_identify(src/mujoco_menagerie/unitree_h1/assets) by extension 'python'
[1.371s] Level 1:colcon.colcon_core.package_identification:_identify(src/mujoco_menagerie/unitree_h1/assets) by extensions ['python_setup_py']
[1.371s] Level 1:colcon.colcon_core.package_identification:_identify(src/mujoco_menagerie/unitree_h1/assets) by extension 'python_setup_py'
[1.371s] Level 1:colcon.colcon_core.package_identification:_identify(src/mujoco_menagerie/unitree_z1) by extensions ['ignore', 'ignore_ament_install']
[1.371s] Level 1:colcon.colcon_core.package_identification:_identify(src/mujoco_menagerie/unitree_z1) by extension 'ignore'
[1.371s] Level 1:colcon.colcon_core.package_identification:_identify(src/mujoco_menagerie/unitree_z1) by extension 'ignore_ament_install'
[1.372s] Level 1:colcon.colcon_core.package_identification:_identify(src/mujoco_menagerie/unitree_z1) by extensions ['colcon_pkg']
[1.372s] Level 1:colcon.colcon_core.package_identification:_identify(src/mujoco_menagerie/unitree_z1) by extension 'colcon_pkg'
[1.372s] Level 1:colcon.colcon_core.package_identification:_identify(src/mujoco_menagerie/unitree_z1) by extensions ['colcon_meta']
[1.372s] Level 1:colcon.colcon_core.package_identification:_identify(src/mujoco_menagerie/unitree_z1) by extension 'colcon_meta'
[1.372s] Level 1:colcon.colcon_core.package_identification:_identify(src/mujoco_menagerie/unitree_z1) by extensions ['ros']
[1.372s] Level 1:colcon.colcon_core.package_identification:_identify(src/mujoco_menagerie/unitree_z1) by extension 'ros'
[1.372s] Level 1:colcon.colcon_core.package_identification:_identify(src/mujoco_menagerie/unitree_z1) by extensions ['cmake', 'python']
[1.372s] Level 1:colcon.colcon_core.package_identification:_identify(src/mujoco_menagerie/unitree_z1) by extension 'cmake'
[1.372s] Level 1:colcon.colcon_core.package_identification:_identify(src/mujoco_menagerie/unitree_z1) by extension 'python'
[1.372s] Level 1:colcon.colcon_core.package_identification:_identify(src/mujoco_menagerie/unitree_z1) by extensions ['python_setup_py']
[1.372s] Level 1:colcon.colcon_core.package_identification:_identify(src/mujoco_menagerie/unitree_z1) by extension 'python_setup_py'
[1.372s] Level 1:colcon.colcon_core.package_identification:_identify(src/mujoco_menagerie/unitree_z1/assets) by extensions ['ignore', 'ignore_ament_install']
[1.372s] Level 1:colcon.colcon_core.package_identification:_identify(src/mujoco_menagerie/unitree_z1/assets) by extension 'ignore'
[1.372s] Level 1:colcon.colcon_core.package_identification:_identify(src/mujoco_menagerie/unitree_z1/assets) by extension 'ignore_ament_install'
[1.372s] Level 1:colcon.colcon_core.package_identification:_identify(src/mujoco_menagerie/unitree_z1/assets) by extensions ['colcon_pkg']
[1.372s] Level 1:colcon.colcon_core.package_identification:_identify(src/mujoco_menagerie/unitree_z1/assets) by extension 'colcon_pkg'
[1.372s] Level 1:colcon.colcon_core.package_identification:_identify(src/mujoco_menagerie/unitree_z1/assets) by extensions ['colcon_meta']
[1.373s] Level 1:colcon.colcon_core.package_identification:_identify(src/mujoco_menagerie/unitree_z1/assets) by extension 'colcon_meta'
[1.373s] Level 1:colcon.colcon_core.package_identification:_identify(src/mujoco_menagerie/unitree_z1/assets) by extensions ['ros']
[1.373s] Level 1:colcon.colcon_core.package_identification:_identify(src/mujoco_menagerie/unitree_z1/assets) by extension 'ros'
[1.373s] Level 1:colcon.colcon_core.package_identification:_identify(src/mujoco_menagerie/unitree_z1/assets) by extensions ['cmake', 'python']
[1.373s] Level 1:colcon.colcon_core.package_identification:_identify(src/mujoco_menagerie/unitree_z1/assets) by extension 'cmake'
[1.373s] Level 1:colcon.colcon_core.package_identification:_identify(src/mujoco_menagerie/unitree_z1/assets) by extension 'python'
[1.373s] Level 1:colcon.colcon_core.package_identification:_identify(src/mujoco_menagerie/unitree_z1/assets) by extensions ['python_setup_py']
[1.373s] Level 1:colcon.colcon_core.package_identification:_identify(src/mujoco_menagerie/unitree_z1/assets) by extension 'python_setup_py'
[1.373s] Level 1:colcon.colcon_core.package_identification:_identify(src/mujoco_menagerie/universal_robots_ur10e) by extensions ['ignore', 'ignore_ament_install']
[1.373s] Level 1:colcon.colcon_core.package_identification:_identify(src/mujoco_menagerie/universal_robots_ur10e) by extension 'ignore'
[1.373s] Level 1:colcon.colcon_core.package_identification:_identify(src/mujoco_menagerie/universal_robots_ur10e) by extension 'ignore_ament_install'
[1.373s] Level 1:colcon.colcon_core.package_identification:_identify(src/mujoco_menagerie/universal_robots_ur10e) by extensions ['colcon_pkg']
[1.373s] Level 1:colcon.colcon_core.package_identification:_identify(src/mujoco_menagerie/universal_robots_ur10e) by extension 'colcon_pkg'
[1.374s] Level 1:colcon.colcon_core.package_identification:_identify(src/mujoco_menagerie/universal_robots_ur10e) by extensions ['colcon_meta']
[1.374s] Level 1:colcon.colcon_core.package_identification:_identify(src/mujoco_menagerie/universal_robots_ur10e) by extension 'colcon_meta'
[1.374s] Level 1:colcon.colcon_core.package_identification:_identify(src/mujoco_menagerie/universal_robots_ur10e) by extensions ['ros']
[1.374s] Level 1:colcon.colcon_core.package_identification:_identify(src/mujoco_menagerie/universal_robots_ur10e) by extension 'ros'
[1.374s] Level 1:colcon.colcon_core.package_identification:_identify(src/mujoco_menagerie/universal_robots_ur10e) by extensions ['cmake', 'python']
[1.374s] Level 1:colcon.colcon_core.package_identification:_identify(src/mujoco_menagerie/universal_robots_ur10e) by extension 'cmake'
[1.374s] Level 1:colcon.colcon_core.package_identification:_identify(src/mujoco_menagerie/universal_robots_ur10e) by extension 'python'
[1.374s] Level 1:colcon.colcon_core.package_identification:_identify(src/mujoco_menagerie/universal_robots_ur10e) by extensions ['python_setup_py']
[1.374s] Level 1:colcon.colcon_core.package_identification:_identify(src/mujoco_menagerie/universal_robots_ur10e) by extension 'python_setup_py'
[1.374s] Level 1:colcon.colcon_core.package_identification:_identify(src/mujoco_menagerie/universal_robots_ur10e/assets) by extensions ['ignore', 'ignore_ament_install']
[1.374s] Level 1:colcon.colcon_core.package_identification:_identify(src/mujoco_menagerie/universal_robots_ur10e/assets) by extension 'ignore'
[1.375s] Level 1:colcon.colcon_core.package_identification:_identify(src/mujoco_menagerie/universal_robots_ur10e/assets) by extension 'ignore_ament_install'
[1.375s] Level 1:colcon.colcon_core.package_identification:_identify(src/mujoco_menagerie/universal_robots_ur10e/assets) by extensions ['colcon_pkg']
[1.375s] Level 1:colcon.colcon_core.package_identification:_identify(src/mujoco_menagerie/universal_robots_ur10e/assets) by extension 'colcon_pkg'
[1.375s] Level 1:colcon.colcon_core.package_identification:_identify(src/mujoco_menagerie/universal_robots_ur10e/assets) by extensions ['colcon_meta']
[1.375s] Level 1:colcon.colcon_core.package_identification:_identify(src/mujoco_menagerie/universal_robots_ur10e/assets) by extension 'colcon_meta'
[1.375s] Level 1:colcon.colcon_core.package_identification:_identify(src/mujoco_menagerie/universal_robots_ur10e/assets) by extensions ['ros']
[1.375s] Level 1:colcon.colcon_core.package_identification:_identify(src/mujoco_menagerie/universal_robots_ur10e/assets) by extension 'ros'
[1.375s] Level 1:colcon.colcon_core.package_identification:_identify(src/mujoco_menagerie/universal_robots_ur10e/assets) by extensions ['cmake', 'python']
[1.375s] Level 1:colcon.colcon_core.package_identification:_identify(src/mujoco_menagerie/universal_robots_ur10e/assets) by extension 'cmake'
[1.375s] Level 1:colcon.colcon_core.package_identification:_identify(src/mujoco_menagerie/universal_robots_ur10e/assets) by extension 'python'
[1.375s] Level 1:colcon.colcon_core.package_identification:_identify(src/mujoco_menagerie/universal_robots_ur10e/assets) by extensions ['python_setup_py']
[1.375s] Level 1:colcon.colcon_core.package_identification:_identify(src/mujoco_menagerie/universal_robots_ur10e/assets) by extension 'python_setup_py'
[1.376s] Level 1:colcon.colcon_core.package_identification:_identify(src/mujoco_menagerie/universal_robots_ur5e) by extensions ['ignore', 'ignore_ament_install']
[1.376s] Level 1:colcon.colcon_core.package_identification:_identify(src/mujoco_menagerie/universal_robots_ur5e) by extension 'ignore'
[1.376s] Level 1:colcon.colcon_core.package_identification:_identify(src/mujoco_menagerie/universal_robots_ur5e) by extension 'ignore_ament_install'
[1.376s] Level 1:colcon.colcon_core.package_identification:_identify(src/mujoco_menagerie/universal_robots_ur5e) by extensions ['colcon_pkg']
[1.376s] Level 1:colcon.colcon_core.package_identification:_identify(src/mujoco_menagerie/universal_robots_ur5e) by extension 'colcon_pkg'
[1.376s] Level 1:colcon.colcon_core.package_identification:_identify(src/mujoco_menagerie/universal_robots_ur5e) by extensions ['colcon_meta']
[1.376s] Level 1:colcon.colcon_core.package_identification:_identify(src/mujoco_menagerie/universal_robots_ur5e) by extension 'colcon_meta'
[1.376s] Level 1:colcon.colcon_core.package_identification:_identify(src/mujoco_menagerie/universal_robots_ur5e) by extensions ['ros']
[1.376s] Level 1:colcon.colcon_core.package_identification:_identify(src/mujoco_menagerie/universal_robots_ur5e) by extension 'ros'
[1.376s] Level 1:colcon.colcon_core.package_identification:_identify(src/mujoco_menagerie/universal_robots_ur5e) by extensions ['cmake', 'python']
[1.376s] Level 1:colcon.colcon_core.package_identification:_identify(src/mujoco_menagerie/universal_robots_ur5e) by extension 'cmake'
[1.376s] Level 1:colcon.colcon_core.package_identification:_identify(src/mujoco_menagerie/universal_robots_ur5e) by extension 'python'
[1.376s] Level 1:colcon.colcon_core.package_identification:_identify(src/mujoco_menagerie/universal_robots_ur5e) by extensions ['python_setup_py']
[1.376s] Level 1:colcon.colcon_core.package_identification:_identify(src/mujoco_menagerie/universal_robots_ur5e) by extension 'python_setup_py'
[1.376s] Level 1:colcon.colcon_core.package_identification:_identify(src/mujoco_menagerie/universal_robots_ur5e/assets) by extensions ['ignore', 'ignore_ament_install']
[1.376s] Level 1:colcon.colcon_core.package_identification:_identify(src/mujoco_menagerie/universal_robots_ur5e/assets) by extension 'ignore'
[1.377s] Level 1:colcon.colcon_core.package_identification:_identify(src/mujoco_menagerie/universal_robots_ur5e/assets) by extension 'ignore_ament_install'
[1.377s] Level 1:colcon.colcon_core.package_identification:_identify(src/mujoco_menagerie/universal_robots_ur5e/assets) by extensions ['colcon_pkg']
[1.377s] Level 1:colcon.colcon_core.package_identification:_identify(src/mujoco_menagerie/universal_robots_ur5e/assets) by extension 'colcon_pkg'
[1.377s] Level 1:colcon.colcon_core.package_identification:_identify(src/mujoco_menagerie/universal_robots_ur5e/assets) by extensions ['colcon_meta']
[1.377s] Level 1:colcon.colcon_core.package_identification:_identify(src/mujoco_menagerie/universal_robots_ur5e/assets) by extension 'colcon_meta'
[1.377s] Level 1:colcon.colcon_core.package_identification:_identify(src/mujoco_menagerie/universal_robots_ur5e/assets) by extensions ['ros']
[1.377s] Level 1:colcon.colcon_core.package_identification:_identify(src/mujoco_menagerie/universal_robots_ur5e/assets) by extension 'ros'
[1.377s] Level 1:colcon.colcon_core.package_identification:_identify(src/mujoco_menagerie/universal_robots_ur5e/assets) by extensions ['cmake', 'python']
[1.377s] Level 1:colcon.colcon_core.package_identification:_identify(src/mujoco_menagerie/universal_robots_ur5e/assets) by extension 'cmake'
[1.377s] Level 1:colcon.colcon_core.package_identification:_identify(src/mujoco_menagerie/universal_robots_ur5e/assets) by extension 'python'
[1.377s] Level 1:colcon.colcon_core.package_identification:_identify(src/mujoco_menagerie/universal_robots_ur5e/assets) by extensions ['python_setup_py']
[1.377s] Level 1:colcon.colcon_core.package_identification:_identify(src/mujoco_menagerie/universal_robots_ur5e/assets) by extension 'python_setup_py'
[1.377s] Level 1:colcon.colcon_core.package_identification:_identify(src/mujoco_menagerie/wonik_allegro) by extensions ['ignore', 'ignore_ament_install']
[1.377s] Level 1:colcon.colcon_core.package_identification:_identify(src/mujoco_menagerie/wonik_allegro) by extension 'ignore'
[1.377s] Level 1:colcon.colcon_core.package_identification:_identify(src/mujoco_menagerie/wonik_allegro) by extension 'ignore_ament_install'
[1.377s] Level 1:colcon.colcon_core.package_identification:_identify(src/mujoco_menagerie/wonik_allegro) by extensions ['colcon_pkg']
[1.377s] Level 1:colcon.colcon_core.package_identification:_identify(src/mujoco_menagerie/wonik_allegro) by extension 'colcon_pkg'
[1.377s] Level 1:colcon.colcon_core.package_identification:_identify(src/mujoco_menagerie/wonik_allegro) by extensions ['colcon_meta']
[1.377s] Level 1:colcon.colcon_core.package_identification:_identify(src/mujoco_menagerie/wonik_allegro) by extension 'colcon_meta'
[1.378s] Level 1:colcon.colcon_core.package_identification:_identify(src/mujoco_menagerie/wonik_allegro) by extensions ['ros']
[1.378s] Level 1:colcon.colcon_core.package_identification:_identify(src/mujoco_menagerie/wonik_allegro) by extension 'ros'
[1.378s] Level 1:colcon.colcon_core.package_identification:_identify(src/mujoco_menagerie/wonik_allegro) by extensions ['cmake', 'python']
[1.378s] Level 1:colcon.colcon_core.package_identification:_identify(src/mujoco_menagerie/wonik_allegro) by extension 'cmake'
[1.378s] Level 1:colcon.colcon_core.package_identification:_identify(src/mujoco_menagerie/wonik_allegro) by extension 'python'
[1.378s] Level 1:colcon.colcon_core.package_identification:_identify(src/mujoco_menagerie/wonik_allegro) by extensions ['python_setup_py']
[1.378s] Level 1:colcon.colcon_core.package_identification:_identify(src/mujoco_menagerie/wonik_allegro) by extension 'python_setup_py'
[1.378s] Level 1:colcon.colcon_core.package_identification:_identify(src/mujoco_menagerie/wonik_allegro/assets) by extensions ['ignore', 'ignore_ament_install']
[1.378s] Level 1:colcon.colcon_core.package_identification:_identify(src/mujoco_menagerie/wonik_allegro/assets) by extension 'ignore'
[1.378s] Level 1:colcon.colcon_core.package_identification:_identify(src/mujoco_menagerie/wonik_allegro/assets) by extension 'ignore_ament_install'
[1.378s] Level 1:colcon.colcon_core.package_identification:_identify(src/mujoco_menagerie/wonik_allegro/assets) by extensions ['colcon_pkg']
[1.378s] Level 1:colcon.colcon_core.package_identification:_identify(src/mujoco_menagerie/wonik_allegro/assets) by extension 'colcon_pkg'
[1.378s] Level 1:colcon.colcon_core.package_identification:_identify(src/mujoco_menagerie/wonik_allegro/assets) by extensions ['colcon_meta']
[1.378s] Level 1:colcon.colcon_core.package_identification:_identify(src/mujoco_menagerie/wonik_allegro/assets) by extension 'colcon_meta'
[1.378s] Level 1:colcon.colcon_core.package_identification:_identify(src/mujoco_menagerie/wonik_allegro/assets) by extensions ['ros']
[1.378s] Level 1:colcon.colcon_core.package_identification:_identify(src/mujoco_menagerie/wonik_allegro/assets) by extension 'ros'
[1.379s] Level 1:colcon.colcon_core.package_identification:_identify(src/mujoco_menagerie/wonik_allegro/assets) by extensions ['cmake', 'python']
[1.379s] Level 1:colcon.colcon_core.package_identification:_identify(src/mujoco_menagerie/wonik_allegro/assets) by extension 'cmake'
[1.379s] Level 1:colcon.colcon_core.package_identification:_identify(src/mujoco_menagerie/wonik_allegro/assets) by extension 'python'
[1.379s] Level 1:colcon.colcon_core.package_identification:_identify(src/mujoco_menagerie/wonik_allegro/assets) by extensions ['python_setup_py']
[1.379s] Level 1:colcon.colcon_core.package_identification:_identify(src/mujoco_menagerie/wonik_allegro/assets) by extension 'python_setup_py'
[1.379s] Level 1:colcon.colcon_core.package_discovery:discover_packages(recursive) using defaults
[1.379s] Level 1:colcon.colcon_core.package_discovery:discover_packages(ignore) discover
[1.379s] Level 1:colcon.colcon_core.package_discovery:discover_packages(ignore) using defaults
[1.379s] Level 1:colcon.colcon_core.package_discovery:discover_packages(path) discover
[1.379s] Level 1:colcon.colcon_core.package_discovery:discover_packages(path) using defaults
[1.429s] INFO:colcon.colcon_core.package_selection:Skipping not selected package 'mujoco' in 'src/mujoco'
[1.430s] Level 1:colcon.colcon_core.package_discovery:discover_packages(prefix_path) check parameters
[1.430s] Level 1:colcon.colcon_core.package_discovery:discover_packages(prefix_path) discover
[1.431s] WARNING:colcon.colcon_ros.prefix_path.ament:The path '/home/ali/grasp_ws/install/grasp_simulation' in the environment variable AMENT_PREFIX_PATH doesn't exist
[1.431s] WARNING:colcon.colcon_ros.prefix_path.catkin:The path '/home/ali/grasp_ws/install/grasp_simulation' in the environment variable CMAKE_PREFIX_PATH doesn't exist
[1.431s] WARNING:colcon.colcon_ros.prefix_path.catkin:The path '/home/ali/grasp_ws/install/mujoco' in the environment variable CMAKE_PREFIX_PATH doesn't exist
[1.432s] DEBUG:colcon.colcon_installed_package_information.package_discovery:Found 0 installed packages in /home/ali/grasp_ws/install
[1.434s] DEBUG:colcon.colcon_installed_package_information.package_discovery:Found 271 installed packages in /opt/ros/humble
[1.436s] Level 1:colcon.colcon_core.package_discovery:discover_packages(prefix_path) using defaults
[1.497s] Level 5:colcon.colcon_core.verb:set package 'grasp_simulation' build argument 'cmake_args' from command line to 'None'
[1.497s] Level 5:colcon.colcon_core.verb:set package 'grasp_simulation' build argument 'cmake_target' from command line to 'None'
[1.497s] Level 5:colcon.colcon_core.verb:set package 'grasp_simulation' build argument 'cmake_target_skip_unavailable' from command line to 'False'
[1.497s] Level 5:colcon.colcon_core.verb:set package 'grasp_simulation' build argument 'cmake_clean_cache' from command line to 'False'
[1.497s] Level 5:colcon.colcon_core.verb:set package 'grasp_simulation' build argument 'cmake_clean_first' from command line to 'False'
[1.497s] Level 5:colcon.colcon_core.verb:set package 'grasp_simulation' build argument 'cmake_force_configure' from command line to 'False'
[1.497s] Level 5:colcon.colcon_core.verb:set package 'grasp_simulation' build argument 'ament_cmake_args' from command line to 'None'
[1.497s] Level 5:colcon.colcon_core.verb:set package 'grasp_simulation' build argument 'catkin_cmake_args' from command line to 'None'
[1.497s] Level 5:colcon.colcon_core.verb:set package 'grasp_simulation' build argument 'catkin_skip_building_tests' from command line to 'False'
[1.497s] DEBUG:colcon.colcon_core.verb:Building package 'grasp_simulation' with the following arguments: {'ament_cmake_args': None, 'build_base': '/home/ali/grasp_ws/build/grasp_simulation', 'catkin_cmake_args': None, 'catkin_skip_building_tests': False, 'cmake_args': None, 'cmake_clean_cache': False, 'cmake_clean_first': False, 'cmake_force_configure': False, 'cmake_target': None, 'cmake_target_skip_unavailable': False, 'install_base': '/home/ali/grasp_ws/install/grasp_simulation', 'merge_install': False, 'path': '/home/ali/grasp_ws/src/grasp_simulation', 'symlink_install': False, 'test_result_base': None}
[1.498s] INFO:colcon.colcon_core.executor:Executing jobs using 'parallel' executor
[1.499s] DEBUG:colcon.colcon_parallel_executor.executor.parallel:run_until_complete
[1.499s] INFO:colcon.colcon_ros.task.ament_cmake.build:Building ROS package in '/home/ali/grasp_ws/src/grasp_simulation' with build type 'ament_cmake'
[1.500s] INFO:colcon.colcon_cmake.task.cmake.build:Building CMake package in '/home/ali/grasp_ws/src/grasp_simulation'
[1.503s] INFO:colcon.colcon_core.plugin_system:Skipping extension 'colcon_core.shell.bat': Not used on non-Windows systems
[1.504s] INFO:colcon.colcon_core.shell:Skip shell extension 'powershell' for command environment: Not usable outside of PowerShell
[1.504s] DEBUG:colcon.colcon_core.shell:Skip shell extension 'dsv' for command environment
[1.518s] DEBUG:colcon.colcon_core.event_handler.log_command:Invoking command in '/home/ali/grasp_ws/build/grasp_simulation': CMAKE_PREFIX_PATH=${CMAKE_PREFIX_PATH}:/opt/ros/humble NX_CONNECTION=138.246.3.10 51344 10.172.0.2 4000 /usr/bin/cmake /home/ali/grasp_ws/src/grasp_simulation -DCMAKE_INSTALL_PREFIX=/home/ali/grasp_ws/install/grasp_simulation
[4.059s] DEBUG:colcon.colcon_core.event_handler.log_command:Invoked command in '/home/ali/grasp_ws/build/grasp_simulation' returned '0': CMAKE_PREFIX_PATH=${CMAKE_PREFIX_PATH}:/opt/ros/humble NX_CONNECTION=138.246.3.10 51344 10.172.0.2 4000 /usr/bin/cmake /home/ali/grasp_ws/src/grasp_simulation -DCMAKE_INSTALL_PREFIX=/home/ali/grasp_ws/install/grasp_simulation
[4.063s] DEBUG:colcon.colcon_core.event_handler.log_command:Invoking command in '/home/ali/grasp_ws/build/grasp_simulation': CMAKE_PREFIX_PATH=${CMAKE_PREFIX_PATH}:/opt/ros/humble NX_CONNECTION=138.246.3.10 51344 10.172.0.2 4000 /usr/bin/cmake --build /home/ali/grasp_ws/build/grasp_simulation -- -j4 -l4
[34.892s] DEBUG:colcon.colcon_core.event_handler.log_command:Invoked command in '/home/ali/grasp_ws/build/grasp_simulation' returned '2': CMAKE_PREFIX_PATH=${CMAKE_PREFIX_PATH}:/opt/ros/humble NX_CONNECTION=138.246.3.10 51344 10.172.0.2 4000 /usr/bin/cmake --build /home/ali/grasp_ws/build/grasp_simulation -- -j4 -l4
[34.893s] Level 1:colcon.colcon_core.environment:create_environment_scripts_only(grasp_simulation)
[34.896s] Level 1:colcon.colcon_core.environment:checking '/home/ali/grasp_ws/install/grasp_simulation' for CMake module files
[34.897s] Level 1:colcon.colcon_core.environment:checking '/home/ali/grasp_ws/install/grasp_simulation' for CMake config files
[34.897s] Level 1:colcon.colcon_core.environment:checking '/home/ali/grasp_ws/install/grasp_simulation/bin'
[34.897s] Level 1:colcon.colcon_core.environment:checking '/home/ali/grasp_ws/install/grasp_simulation/lib/pkgconfig/grasp_simulation.pc'
[34.898s] Level 1:colcon.colcon_core.environment:checking '/home/ali/grasp_ws/install/grasp_simulation/lib/python3.10/site-packages'
[34.898s] Level 1:colcon.colcon_core.environment:checking '/home/ali/grasp_ws/install/grasp_simulation/bin'
[34.898s] INFO:colcon.colcon_core.shell:Creating package script '/home/ali/grasp_ws/install/grasp_simulation/share/grasp_simulation/package.ps1'
[34.899s] INFO:colcon.colcon_core.shell:Creating package descriptor '/home/ali/grasp_ws/install/grasp_simulation/share/grasp_simulation/package.dsv'
[34.900s] INFO:colcon.colcon_core.shell:Creating package script '/home/ali/grasp_ws/install/grasp_simulation/share/grasp_simulation/package.sh'
[34.901s] INFO:colcon.colcon_core.shell:Creating package script '/home/ali/grasp_ws/install/grasp_simulation/share/grasp_simulation/package.bash'
[34.902s] INFO:colcon.colcon_core.shell:Creating package script '/home/ali/grasp_ws/install/grasp_simulation/share/grasp_simulation/package.zsh'
[34.903s] Level 1:colcon.colcon_core.environment:create_file_with_runtime_dependencies(/home/ali/grasp_ws/install/grasp_simulation/share/colcon-core/packages/grasp_simulation)
[34.920s] DEBUG:colcon.colcon_parallel_executor.executor.parallel:closing loop
[34.931s] DEBUG:colcon.colcon_parallel_executor.executor.parallel:loop closed
[34.931s] DEBUG:colcon.colcon_parallel_executor.executor.parallel:run_until_complete finished with '2'
[34.931s] DEBUG:colcon.colcon_core.event_reactor:joining thread
[35.333s] INFO:colcon.colcon_core.plugin_system:Skipping extension 'colcon_notification.desktop_notification.terminal_notifier': Not used on non-Darwin systems
[35.334s] INFO:colcon.colcon_core.plugin_system:Skipping extension 'colcon_notification.desktop_notification.win32': Not used on non-Windows systems
[35.334s] INFO:colcon.colcon_notification.desktop_notification:Sending desktop notification using 'notify2'
[35.359s] DEBUG:colcon.colcon_core.event_reactor:joined thread
[35.360s] INFO:colcon.colcon_core.shell:Creating prefix script '/home/ali/grasp_ws/install/local_setup.ps1'
[35.362s] INFO:colcon.colcon_core.shell:Creating prefix util module '/home/ali/grasp_ws/install/_local_setup_util_ps1.py'
[35.366s] INFO:colcon.colcon_core.shell:Creating prefix chain script '/home/ali/grasp_ws/install/setup.ps1'
[35.369s] INFO:colcon.colcon_core.shell:Creating prefix script '/home/ali/grasp_ws/install/local_setup.sh'
[35.370s] INFO:colcon.colcon_core.shell:Creating prefix util module '/home/ali/grasp_ws/install/_local_setup_util_sh.py'
[35.372s] INFO:colcon.colcon_core.shell:Creating prefix chain script '/home/ali/grasp_ws/install/setup.sh'
[35.375s] INFO:colcon.colcon_core.shell:Creating prefix script '/home/ali/grasp_ws/install/local_setup.bash'
[35.377s] INFO:colcon.colcon_core.shell:Creating prefix chain script '/home/ali/grasp_ws/install/setup.bash'
[35.379s] INFO:colcon.colcon_core.shell:Creating prefix script '/home/ali/grasp_ws/install/local_setup.zsh'
[35.380s] INFO:colcon.colcon_core.shell:Creating prefix chain script '/home/ali/grasp_ws/install/setup.zsh'
