[0.156s] DEBUG:colcon:Command line arguments: ['/usr/bin/colcon', 'build', '--packages-select', 'grasp_simulation']
[0.156s] DEBUG:colcon:Parsed command line arguments: Namespace(log_base=None, log_level=None, verb_name='build', build_base='build', install_base='install', merge_install=False, symlink_install=False, test_result_base=None, continue_on_error=False, executor='parallel', parallel_workers=4, event_handlers=None, ignore_user_meta=False, metas=['./colcon.meta'], base_paths=['.'], packages_ignore=None, packages_ignore_regex=None, paths=None, packages_up_to=None, packages_up_to_regex=None, packages_above=None, packages_above_and_dependencies=None, packages_above_depth=None, packages_select_by_dep=None, packages_skip_by_dep=None, packages_skip_up_to=None, packages_select_build_failed=False, packages_skip_build_finished=False, packages_select_test_failures=False, packages_skip_test_passed=False, packages_select=['grasp_simulation'], packages_skip=None, packages_select_regex=None, packages_skip_regex=None, packages_start=None, packages_end=None, allow_overriding=[], cmake_args=None, cmake_target=None, cmake_target_skip_unavailable=False, cmake_clean_cache=False, cmake_clean_first=False, cmake_force_configure=False, ament_cmake_args=None, catkin_cmake_args=None, catkin_skip_building_tests=False, mixin_files=None, mixin=None, verb_parser=<colcon_mixin.mixin.mixin_argument.MixinArgumentDecorator object at 0x7ade03e5a950>, verb_extension=<colcon_core.verb.build.BuildVerb object at 0x7ade03e59c30>, main=<bound method BuildVerb.main of <colcon_core.verb.build.BuildVerb object at 0x7ade03e59c30>>, mixin_verb=('build',))
[0.442s] Level 1:colcon.colcon_core.package_discovery:discover_packages(colcon_meta) check parameters
[0.442s] Level 1:colcon.colcon_core.package_discovery:discover_packages(recursive) check parameters
[0.442s] Level 1:colcon.colcon_core.package_discovery:discover_packages(ignore) check parameters
[0.442s] Level 1:colcon.colcon_core.package_discovery:discover_packages(path) check parameters
[0.442s] Level 1:colcon.colcon_core.package_discovery:discover_packages(colcon_meta) discover
[0.443s] Level 1:colcon.colcon_core.package_discovery:discover_packages(recursive) discover
[0.443s] INFO:colcon.colcon_core.package_discovery:Crawling recursively for packages in '/home/ali/grasp_ws'
[0.443s] Level 1:colcon.colcon_core.package_identification:_identify(.) by extensions ['ignore', 'ignore_ament_install']
[0.443s] Level 1:colcon.colcon_core.package_identification:_identify(.) by extension 'ignore'
[0.443s] Level 1:colcon.colcon_core.package_identification:_identify(.) by extension 'ignore_ament_install'
[0.443s] Level 1:colcon.colcon_core.package_identification:_identify(.) by extensions ['colcon_pkg']
[0.443s] Level 1:colcon.colcon_core.package_identification:_identify(.) by extension 'colcon_pkg'
[0.444s] Level 1:colcon.colcon_core.package_identification:_identify(.) by extensions ['colcon_meta']
[0.444s] Level 1:colcon.colcon_core.package_identification:_identify(.) by extension 'colcon_meta'
[0.444s] Level 1:colcon.colcon_core.package_identification:_identify(.) by extensions ['ros']
[0.444s] Level 1:colcon.colcon_core.package_identification:_identify(.) by extension 'ros'
[0.459s] Level 1:colcon.colcon_core.package_identification:_identify(.) by extensions ['cmake', 'python']
[0.460s] Level 1:colcon.colcon_core.package_identification:_identify(.) by extension 'cmake'
[0.460s] Level 1:colcon.colcon_core.package_identification:_identify(.) by extension 'python'
[0.460s] Level 1:colcon.colcon_core.package_identification:_identify(.) by extensions ['python_setup_py']
[0.460s] Level 1:colcon.colcon_core.package_identification:_identify(.) by extension 'python_setup_py'
[0.460s] Level 1:colcon.colcon_core.package_identification:_identify(build) by extensions ['ignore', 'ignore_ament_install']
[0.460s] Level 1:colcon.colcon_core.package_identification:_identify(build) by extension 'ignore'
[0.460s] Level 1:colcon.colcon_core.package_identification:_identify(build) ignored
[0.461s] Level 1:colcon.colcon_core.package_identification:_identify(install) by extensions ['ignore', 'ignore_ament_install']
[0.461s] Level 1:colcon.colcon_core.package_identification:_identify(install) by extension 'ignore'
[0.461s] Level 1:colcon.colcon_core.package_identification:_identify(install) ignored
[0.461s] Level 1:colcon.colcon_core.package_identification:_identify(log) by extensions ['ignore', 'ignore_ament_install']
[0.461s] Level 1:colcon.colcon_core.package_identification:_identify(log) by extension 'ignore'
[0.461s] Level 1:colcon.colcon_core.package_identification:_identify(log) ignored
[0.462s] Level 1:colcon.colcon_core.package_identification:_identify(src) by extensions ['ignore', 'ignore_ament_install']
[0.462s] Level 1:colcon.colcon_core.package_identification:_identify(src) by extension 'ignore'
[0.462s] Level 1:colcon.colcon_core.package_identification:_identify(src) by extension 'ignore_ament_install'
[0.462s] Level 1:colcon.colcon_core.package_identification:_identify(src) by extensions ['colcon_pkg']
[0.462s] Level 1:colcon.colcon_core.package_identification:_identify(src) by extension 'colcon_pkg'
[0.462s] Level 1:colcon.colcon_core.package_identification:_identify(src) by extensions ['colcon_meta']
[0.462s] Level 1:colcon.colcon_core.package_identification:_identify(src) by extension 'colcon_meta'
[0.462s] Level 1:colcon.colcon_core.package_identification:_identify(src) by extensions ['ros']
[0.462s] Level 1:colcon.colcon_core.package_identification:_identify(src) by extension 'ros'
[0.462s] Level 1:colcon.colcon_core.package_identification:_identify(src) by extensions ['cmake', 'python']
[0.462s] Level 1:colcon.colcon_core.package_identification:_identify(src) by extension 'cmake'
[0.463s] Level 1:colcon.colcon_core.package_identification:_identify(src) by extension 'python'
[0.463s] Level 1:colcon.colcon_core.package_identification:_identify(src) by extensions ['python_setup_py']
[0.463s] Level 1:colcon.colcon_core.package_identification:_identify(src) by extension 'python_setup_py'
[0.463s] Level 1:colcon.colcon_core.package_identification:_identify(src/grasp_simulation) by extensions ['ignore', 'ignore_ament_install']
[0.463s] Level 1:colcon.colcon_core.package_identification:_identify(src/grasp_simulation) by extension 'ignore'
[0.463s] Level 1:colcon.colcon_core.package_identification:_identify(src/grasp_simulation) by extension 'ignore_ament_install'
[0.463s] Level 1:colcon.colcon_core.package_identification:_identify(src/grasp_simulation) by extensions ['colcon_pkg']
[0.463s] Level 1:colcon.colcon_core.package_identification:_identify(src/grasp_simulation) by extension 'colcon_pkg'
[0.463s] Level 1:colcon.colcon_core.package_identification:_identify(src/grasp_simulation) by extensions ['colcon_meta']
[0.464s] Level 1:colcon.colcon_core.package_identification:_identify(src/grasp_simulation) by extension 'colcon_meta'
[0.464s] Level 1:colcon.colcon_core.package_identification:_identify(src/grasp_simulation) by extensions ['ros']
[0.464s] Level 1:colcon.colcon_core.package_identification:_identify(src/grasp_simulation) by extension 'ros'
[0.468s] DEBUG:colcon.colcon_core.package_identification:Package 'src/grasp_simulation' with type 'ros.ament_cmake' and name 'grasp_simulation'
[0.468s] Level 1:colcon.colcon_core.package_identification:_identify(src/mujoco) by extensions ['ignore', 'ignore_ament_install']
[0.468s] Level 1:colcon.colcon_core.package_identification:_identify(src/mujoco) by extension 'ignore'
[0.468s] Level 1:colcon.colcon_core.package_identification:_identify(src/mujoco) by extension 'ignore_ament_install'
[0.468s] Level 1:colcon.colcon_core.package_identification:_identify(src/mujoco) by extensions ['colcon_pkg']
[0.469s] Level 1:colcon.colcon_core.package_identification:_identify(src/mujoco) by extension 'colcon_pkg'
[0.469s] Level 1:colcon.colcon_core.package_identification:_identify(src/mujoco) by extensions ['colcon_meta']
[0.469s] Level 1:colcon.colcon_core.package_identification:_identify(src/mujoco) by extension 'colcon_meta'
[0.469s] Level 1:colcon.colcon_core.package_identification:_identify(src/mujoco) by extensions ['ros']
[0.469s] Level 1:colcon.colcon_core.package_identification:_identify(src/mujoco) by extension 'ros'
[0.469s] Level 1:colcon.colcon_core.package_identification:_identify(src/mujoco) by extensions ['cmake', 'python']
[0.469s] Level 1:colcon.colcon_core.package_identification:_identify(src/mujoco) by extension 'cmake'
[0.853s] Level 1:colcon.colcon_core.package_identification:_identify(src/mujoco) by extension 'python'
[0.853s] DEBUG:colcon.colcon_core.package_identification:Package 'src/mujoco' with type 'cmake' and name 'mujoco'
[0.853s] Level 1:colcon.colcon_core.package_identification:_identify(src/mujoco_menagerie) by extensions ['ignore', 'ignore_ament_install']
[0.854s] Level 1:colcon.colcon_core.package_identification:_identify(src/mujoco_menagerie) by extension 'ignore'
[0.854s] Level 1:colcon.colcon_core.package_identification:_identify(src/mujoco_menagerie) by extension 'ignore_ament_install'
[0.854s] Level 1:colcon.colcon_core.package_identification:_identify(src/mujoco_menagerie) by extensions ['colcon_pkg']
[0.854s] Level 1:colcon.colcon_core.package_identification:_identify(src/mujoco_menagerie) by extension 'colcon_pkg'
[0.854s] Level 1:colcon.colcon_core.package_identification:_identify(src/mujoco_menagerie) by extensions ['colcon_meta']
[0.854s] Level 1:colcon.colcon_core.package_identification:_identify(src/mujoco_menagerie) by extension 'colcon_meta'
[0.854s] Level 1:colcon.colcon_core.package_identification:_identify(src/mujoco_menagerie) by extensions ['ros']
[0.854s] Level 1:colcon.colcon_core.package_identification:_identify(src/mujoco_menagerie) by extension 'ros'
[0.854s] Level 1:colcon.colcon_core.package_identification:_identify(src/mujoco_menagerie) by extensions ['cmake', 'python']
[0.854s] Level 1:colcon.colcon_core.package_identification:_identify(src/mujoco_menagerie) by extension 'cmake'
[0.855s] Level 1:colcon.colcon_core.package_identification:_identify(src/mujoco_menagerie) by extension 'python'
[0.855s] Level 1:colcon.colcon_core.package_identification:_identify(src/mujoco_menagerie) by extensions ['python_setup_py']
[0.855s] Level 1:colcon.colcon_core.package_identification:_identify(src/mujoco_menagerie) by extension 'python_setup_py'
[0.855s] Level 1:colcon.colcon_core.package_identification:_identify(src/mujoco_menagerie/agilex_piper) by extensions ['ignore', 'ignore_ament_install']
[0.855s] Level 1:colcon.colcon_core.package_identification:_identify(src/mujoco_menagerie/agilex_piper) by extension 'ignore'
[0.855s] Level 1:colcon.colcon_core.package_identification:_identify(src/mujoco_menagerie/agilex_piper) by extension 'ignore_ament_install'
[0.855s] Level 1:colcon.colcon_core.package_identification:_identify(src/mujoco_menagerie/agilex_piper) by extensions ['colcon_pkg']
[0.855s] Level 1:colcon.colcon_core.package_identification:_identify(src/mujoco_menagerie/agilex_piper) by extension 'colcon_pkg'
[0.855s] Level 1:colcon.colcon_core.package_identification:_identify(src/mujoco_menagerie/agilex_piper) by extensions ['colcon_meta']
[0.856s] Level 1:colcon.colcon_core.package_identification:_identify(src/mujoco_menagerie/agilex_piper) by extension 'colcon_meta'
[0.856s] Level 1:colcon.colcon_core.package_identification:_identify(src/mujoco_menagerie/agilex_piper) by extensions ['ros']
[0.856s] Level 1:colcon.colcon_core.package_identification:_identify(src/mujoco_menagerie/agilex_piper) by extension 'ros'
[0.856s] Level 1:colcon.colcon_core.package_identification:_identify(src/mujoco_menagerie/agilex_piper) by extensions ['cmake', 'python']
[0.856s] Level 1:colcon.colcon_core.package_identification:_identify(src/mujoco_menagerie/agilex_piper) by extension 'cmake'
[0.856s] Level 1:colcon.colcon_core.package_identification:_identify(src/mujoco_menagerie/agilex_piper) by extension 'python'
[0.856s] Level 1:colcon.colcon_core.package_identification:_identify(src/mujoco_menagerie/agilex_piper) by extensions ['python_setup_py']
[0.856s] Level 1:colcon.colcon_core.package_identification:_identify(src/mujoco_menagerie/agilex_piper) by extension 'python_setup_py'
[0.856s] Level 1:colcon.colcon_core.package_identification:_identify(src/mujoco_menagerie/agilex_piper/assets) by extensions ['ignore', 'ignore_ament_install']
[0.857s] Level 1:colcon.colcon_core.package_identification:_identify(src/mujoco_menagerie/agilex_piper/assets) by extension 'ignore'
[0.857s] Level 1:colcon.colcon_core.package_identification:_identify(src/mujoco_menagerie/agilex_piper/assets) by extension 'ignore_ament_install'
[0.857s] Level 1:colcon.colcon_core.package_identification:_identify(src/mujoco_menagerie/agilex_piper/assets) by extensions ['colcon_pkg']
[0.857s] Level 1:colcon.colcon_core.package_identification:_identify(src/mujoco_menagerie/agilex_piper/assets) by extension 'colcon_pkg'
[0.857s] Level 1:colcon.colcon_core.package_identification:_identify(src/mujoco_menagerie/agilex_piper/assets) by extensions ['colcon_meta']
[0.857s] Level 1:colcon.colcon_core.package_identification:_identify(src/mujoco_menagerie/agilex_piper/assets) by extension 'colcon_meta'
[0.857s] Level 1:colcon.colcon_core.package_identification:_identify(src/mujoco_menagerie/agilex_piper/assets) by extensions ['ros']
[0.857s] Level 1:colcon.colcon_core.package_identification:_identify(src/mujoco_menagerie/agilex_piper/assets) by extension 'ros'
[0.857s] Level 1:colcon.colcon_core.package_identification:_identify(src/mujoco_menagerie/agilex_piper/assets) by extensions ['cmake', 'python']
[0.858s] Level 1:colcon.colcon_core.package_identification:_identify(src/mujoco_menagerie/agilex_piper/assets) by extension 'cmake'
[0.858s] Level 1:colcon.colcon_core.package_identification:_identify(src/mujoco_menagerie/agilex_piper/assets) by extension 'python'
[0.858s] Level 1:colcon.colcon_core.package_identification:_identify(src/mujoco_menagerie/agilex_piper/assets) by extensions ['python_setup_py']
[0.858s] Level 1:colcon.colcon_core.package_identification:_identify(src/mujoco_menagerie/agilex_piper/assets) by extension 'python_setup_py'
[0.858s] Level 1:colcon.colcon_core.package_identification:_identify(src/mujoco_menagerie/agility_cassie) by extensions ['ignore', 'ignore_ament_install']
[0.858s] Level 1:colcon.colcon_core.package_identification:_identify(src/mujoco_menagerie/agility_cassie) by extension 'ignore'
[0.858s] Level 1:colcon.colcon_core.package_identification:_identify(src/mujoco_menagerie/agility_cassie) by extension 'ignore_ament_install'
[0.858s] Level 1:colcon.colcon_core.package_identification:_identify(src/mujoco_menagerie/agility_cassie) by extensions ['colcon_pkg']
[0.858s] Level 1:colcon.colcon_core.package_identification:_identify(src/mujoco_menagerie/agility_cassie) by extension 'colcon_pkg'
[0.859s] Level 1:colcon.colcon_core.package_identification:_identify(src/mujoco_menagerie/agility_cassie) by extensions ['colcon_meta']
[0.859s] Level 1:colcon.colcon_core.package_identification:_identify(src/mujoco_menagerie/agility_cassie) by extension 'colcon_meta'
[0.859s] Level 1:colcon.colcon_core.package_identification:_identify(src/mujoco_menagerie/agility_cassie) by extensions ['ros']
[0.859s] Level 1:colcon.colcon_core.package_identification:_identify(src/mujoco_menagerie/agility_cassie) by extension 'ros'
[0.859s] Level 1:colcon.colcon_core.package_identification:_identify(src/mujoco_menagerie/agility_cassie) by extensions ['cmake', 'python']
[0.860s] Level 1:colcon.colcon_core.package_identification:_identify(src/mujoco_menagerie/agility_cassie) by extension 'cmake'
[0.860s] Level 1:colcon.colcon_core.package_identification:_identify(src/mujoco_menagerie/agility_cassie) by extension 'python'
[0.860s] Level 1:colcon.colcon_core.package_identification:_identify(src/mujoco_menagerie/agility_cassie) by extensions ['python_setup_py']
[0.860s] Level 1:colcon.colcon_core.package_identification:_identify(src/mujoco_menagerie/agility_cassie) by extension 'python_setup_py'
[0.860s] Level 1:colcon.colcon_core.package_identification:_identify(src/mujoco_menagerie/agility_cassie/assets) by extensions ['ignore', 'ignore_ament_install']
[0.860s] Level 1:colcon.colcon_core.package_identification:_identify(src/mujoco_menagerie/agility_cassie/assets) by extension 'ignore'
[0.860s] Level 1:colcon.colcon_core.package_identification:_identify(src/mujoco_menagerie/agility_cassie/assets) by extension 'ignore_ament_install'
[0.860s] Level 1:colcon.colcon_core.package_identification:_identify(src/mujoco_menagerie/agility_cassie/assets) by extensions ['colcon_pkg']
[0.861s] Level 1:colcon.colcon_core.package_identification:_identify(src/mujoco_menagerie/agility_cassie/assets) by extension 'colcon_pkg'
[0.861s] Level 1:colcon.colcon_core.package_identification:_identify(src/mujoco_menagerie/agility_cassie/assets) by extensions ['colcon_meta']
[0.861s] Level 1:colcon.colcon_core.package_identification:_identify(src/mujoco_menagerie/agility_cassie/assets) by extension 'colcon_meta'
[0.861s] Level 1:colcon.colcon_core.package_identification:_identify(src/mujoco_menagerie/agility_cassie/assets) by extensions ['ros']
[0.861s] Level 1:colcon.colcon_core.package_identification:_identify(src/mujoco_menagerie/agility_cassie/assets) by extension 'ros'
[0.861s] Level 1:colcon.colcon_core.package_identification:_identify(src/mujoco_menagerie/agility_cassie/assets) by extensions ['cmake', 'python']
[0.861s] Level 1:colcon.colcon_core.package_identification:_identify(src/mujoco_menagerie/agility_cassie/assets) by extension 'cmake'
[0.861s] Level 1:colcon.colcon_core.package_identification:_identify(src/mujoco_menagerie/agility_cassie/assets) by extension 'python'
[0.861s] Level 1:colcon.colcon_core.package_identification:_identify(src/mujoco_menagerie/agility_cassie/assets) by extensions ['python_setup_py']
[0.861s] Level 1:colcon.colcon_core.package_identification:_identify(src/mujoco_menagerie/agility_cassie/assets) by extension 'python_setup_py'
[0.862s] Level 1:colcon.colcon_core.package_identification:_identify(src/mujoco_menagerie/aloha) by extensions ['ignore', 'ignore_ament_install']
[0.862s] Level 1:colcon.colcon_core.package_identification:_identify(src/mujoco_menagerie/aloha) by extension 'ignore'
[0.862s] Level 1:colcon.colcon_core.package_identification:_identify(src/mujoco_menagerie/aloha) by extension 'ignore_ament_install'
[0.862s] Level 1:colcon.colcon_core.package_identification:_identify(src/mujoco_menagerie/aloha) by extensions ['colcon_pkg']
[0.862s] Level 1:colcon.colcon_core.package_identification:_identify(src/mujoco_menagerie/aloha) by extension 'colcon_pkg'
[0.862s] Level 1:colcon.colcon_core.package_identification:_identify(src/mujoco_menagerie/aloha) by extensions ['colcon_meta']
[0.862s] Level 1:colcon.colcon_core.package_identification:_identify(src/mujoco_menagerie/aloha) by extension 'colcon_meta'
[0.862s] Level 1:colcon.colcon_core.package_identification:_identify(src/mujoco_menagerie/aloha) by extensions ['ros']
[0.862s] Level 1:colcon.colcon_core.package_identification:_identify(src/mujoco_menagerie/aloha) by extension 'ros'
[0.863s] Level 1:colcon.colcon_core.package_identification:_identify(src/mujoco_menagerie/aloha) by extensions ['cmake', 'python']
[0.863s] Level 1:colcon.colcon_core.package_identification:_identify(src/mujoco_menagerie/aloha) by extension 'cmake'
[0.863s] Level 1:colcon.colcon_core.package_identification:_identify(src/mujoco_menagerie/aloha) by extension 'python'
[0.863s] Level 1:colcon.colcon_core.package_identification:_identify(src/mujoco_menagerie/aloha) by extensions ['python_setup_py']
[0.863s] Level 1:colcon.colcon_core.package_identification:_identify(src/mujoco_menagerie/aloha) by extension 'python_setup_py'
[0.863s] Level 1:colcon.colcon_core.package_identification:_identify(src/mujoco_menagerie/aloha/assets) by extensions ['ignore', 'ignore_ament_install']
[0.863s] Level 1:colcon.colcon_core.package_identification:_identify(src/mujoco_menagerie/aloha/assets) by extension 'ignore'
[0.863s] Level 1:colcon.colcon_core.package_identification:_identify(src/mujoco_menagerie/aloha/assets) by extension 'ignore_ament_install'
[0.863s] Level 1:colcon.colcon_core.package_identification:_identify(src/mujoco_menagerie/aloha/assets) by extensions ['colcon_pkg']
[0.864s] Level 1:colcon.colcon_core.package_identification:_identify(src/mujoco_menagerie/aloha/assets) by extension 'colcon_pkg'
[0.864s] Level 1:colcon.colcon_core.package_identification:_identify(src/mujoco_menagerie/aloha/assets) by extensions ['colcon_meta']
[0.864s] Level 1:colcon.colcon_core.package_identification:_identify(src/mujoco_menagerie/aloha/assets) by extension 'colcon_meta'
[0.864s] Level 1:colcon.colcon_core.package_identification:_identify(src/mujoco_menagerie/aloha/assets) by extensions ['ros']
[0.864s] Level 1:colcon.colcon_core.package_identification:_identify(src/mujoco_menagerie/aloha/assets) by extension 'ros'
[0.864s] Level 1:colcon.colcon_core.package_identification:_identify(src/mujoco_menagerie/aloha/assets) by extensions ['cmake', 'python']
[0.864s] Level 1:colcon.colcon_core.package_identification:_identify(src/mujoco_menagerie/aloha/assets) by extension 'cmake'
[0.864s] Level 1:colcon.colcon_core.package_identification:_identify(src/mujoco_menagerie/aloha/assets) by extension 'python'
[0.864s] Level 1:colcon.colcon_core.package_identification:_identify(src/mujoco_menagerie/aloha/assets) by extensions ['python_setup_py']
[0.864s] Level 1:colcon.colcon_core.package_identification:_identify(src/mujoco_menagerie/aloha/assets) by extension 'python_setup_py'
[0.865s] Level 1:colcon.colcon_core.package_identification:_identify(src/mujoco_menagerie/anybotics_anymal_b) by extensions ['ignore', 'ignore_ament_install']
[0.865s] Level 1:colcon.colcon_core.package_identification:_identify(src/mujoco_menagerie/anybotics_anymal_b) by extension 'ignore'
[0.865s] Level 1:colcon.colcon_core.package_identification:_identify(src/mujoco_menagerie/anybotics_anymal_b) by extension 'ignore_ament_install'
[0.865s] Level 1:colcon.colcon_core.package_identification:_identify(src/mujoco_menagerie/anybotics_anymal_b) by extensions ['colcon_pkg']
[0.865s] Level 1:colcon.colcon_core.package_identification:_identify(src/mujoco_menagerie/anybotics_anymal_b) by extension 'colcon_pkg'
[0.865s] Level 1:colcon.colcon_core.package_identification:_identify(src/mujoco_menagerie/anybotics_anymal_b) by extensions ['colcon_meta']
[0.865s] Level 1:colcon.colcon_core.package_identification:_identify(src/mujoco_menagerie/anybotics_anymal_b) by extension 'colcon_meta'
[0.865s] Level 1:colcon.colcon_core.package_identification:_identify(src/mujoco_menagerie/anybotics_anymal_b) by extensions ['ros']
[0.865s] Level 1:colcon.colcon_core.package_identification:_identify(src/mujoco_menagerie/anybotics_anymal_b) by extension 'ros'
[0.865s] Level 1:colcon.colcon_core.package_identification:_identify(src/mujoco_menagerie/anybotics_anymal_b) by extensions ['cmake', 'python']
[0.866s] Level 1:colcon.colcon_core.package_identification:_identify(src/mujoco_menagerie/anybotics_anymal_b) by extension 'cmake'
[0.866s] Level 1:colcon.colcon_core.package_identification:_identify(src/mujoco_menagerie/anybotics_anymal_b) by extension 'python'
[0.866s] Level 1:colcon.colcon_core.package_identification:_identify(src/mujoco_menagerie/anybotics_anymal_b) by extensions ['python_setup_py']
[0.866s] Level 1:colcon.colcon_core.package_identification:_identify(src/mujoco_menagerie/anybotics_anymal_b) by extension 'python_setup_py'
[0.866s] Level 1:colcon.colcon_core.package_identification:_identify(src/mujoco_menagerie/anybotics_anymal_b/assets) by extensions ['ignore', 'ignore_ament_install']
[0.866s] Level 1:colcon.colcon_core.package_identification:_identify(src/mujoco_menagerie/anybotics_anymal_b/assets) by extension 'ignore'
[0.866s] Level 1:colcon.colcon_core.package_identification:_identify(src/mujoco_menagerie/anybotics_anymal_b/assets) by extension 'ignore_ament_install'
[0.867s] Level 1:colcon.colcon_core.package_identification:_identify(src/mujoco_menagerie/anybotics_anymal_b/assets) by extensions ['colcon_pkg']
[0.867s] Level 1:colcon.colcon_core.package_identification:_identify(src/mujoco_menagerie/anybotics_anymal_b/assets) by extension 'colcon_pkg'
[0.867s] Level 1:colcon.colcon_core.package_identification:_identify(src/mujoco_menagerie/anybotics_anymal_b/assets) by extensions ['colcon_meta']
[0.867s] Level 1:colcon.colcon_core.package_identification:_identify(src/mujoco_menagerie/anybotics_anymal_b/assets) by extension 'colcon_meta'
[0.867s] Level 1:colcon.colcon_core.package_identification:_identify(src/mujoco_menagerie/anybotics_anymal_b/assets) by extensions ['ros']
[0.867s] Level 1:colcon.colcon_core.package_identification:_identify(src/mujoco_menagerie/anybotics_anymal_b/assets) by extension 'ros'
[0.867s] Level 1:colcon.colcon_core.package_identification:_identify(src/mujoco_menagerie/anybotics_anymal_b/assets) by extensions ['cmake', 'python']
[0.867s] Level 1:colcon.colcon_core.package_identification:_identify(src/mujoco_menagerie/anybotics_anymal_b/assets) by extension 'cmake'
[0.867s] Level 1:colcon.colcon_core.package_identification:_identify(src/mujoco_menagerie/anybotics_anymal_b/assets) by extension 'python'
[0.867s] Level 1:colcon.colcon_core.package_identification:_identify(src/mujoco_menagerie/anybotics_anymal_b/assets) by extensions ['python_setup_py']
[0.867s] Level 1:colcon.colcon_core.package_identification:_identify(src/mujoco_menagerie/anybotics_anymal_b/assets) by extension 'python_setup_py'
[0.868s] Level 1:colcon.colcon_core.package_identification:_identify(src/mujoco_menagerie/anybotics_anymal_c) by extensions ['ignore', 'ignore_ament_install']
[0.868s] Level 1:colcon.colcon_core.package_identification:_identify(src/mujoco_menagerie/anybotics_anymal_c) by extension 'ignore'
[0.868s] Level 1:colcon.colcon_core.package_identification:_identify(src/mujoco_menagerie/anybotics_anymal_c) by extension 'ignore_ament_install'
[0.868s] Level 1:colcon.colcon_core.package_identification:_identify(src/mujoco_menagerie/anybotics_anymal_c) by extensions ['colcon_pkg']
[0.868s] Level 1:colcon.colcon_core.package_identification:_identify(src/mujoco_menagerie/anybotics_anymal_c) by extension 'colcon_pkg'
[0.868s] Level 1:colcon.colcon_core.package_identification:_identify(src/mujoco_menagerie/anybotics_anymal_c) by extensions ['colcon_meta']
[0.868s] Level 1:colcon.colcon_core.package_identification:_identify(src/mujoco_menagerie/anybotics_anymal_c) by extension 'colcon_meta'
[0.868s] Level 1:colcon.colcon_core.package_identification:_identify(src/mujoco_menagerie/anybotics_anymal_c) by extensions ['ros']
[0.868s] Level 1:colcon.colcon_core.package_identification:_identify(src/mujoco_menagerie/anybotics_anymal_c) by extension 'ros'
[0.868s] Level 1:colcon.colcon_core.package_identification:_identify(src/mujoco_menagerie/anybotics_anymal_c) by extensions ['cmake', 'python']
[0.868s] Level 1:colcon.colcon_core.package_identification:_identify(src/mujoco_menagerie/anybotics_anymal_c) by extension 'cmake'
[0.868s] Level 1:colcon.colcon_core.package_identification:_identify(src/mujoco_menagerie/anybotics_anymal_c) by extension 'python'
[0.868s] Level 1:colcon.colcon_core.package_identification:_identify(src/mujoco_menagerie/anybotics_anymal_c) by extensions ['python_setup_py']
[0.869s] Level 1:colcon.colcon_core.package_identification:_identify(src/mujoco_menagerie/anybotics_anymal_c) by extension 'python_setup_py'
[0.869s] Level 1:colcon.colcon_core.package_identification:_identify(src/mujoco_menagerie/anybotics_anymal_c/assets) by extensions ['ignore', 'ignore_ament_install']
[0.869s] Level 1:colcon.colcon_core.package_identification:_identify(src/mujoco_menagerie/anybotics_anymal_c/assets) by extension 'ignore'
[0.869s] Level 1:colcon.colcon_core.package_identification:_identify(src/mujoco_menagerie/anybotics_anymal_c/assets) by extension 'ignore_ament_install'
[0.869s] Level 1:colcon.colcon_core.package_identification:_identify(src/mujoco_menagerie/anybotics_anymal_c/assets) by extensions ['colcon_pkg']
[0.869s] Level 1:colcon.colcon_core.package_identification:_identify(src/mujoco_menagerie/anybotics_anymal_c/assets) by extension 'colcon_pkg'
[0.869s] Level 1:colcon.colcon_core.package_identification:_identify(src/mujoco_menagerie/anybotics_anymal_c/assets) by extensions ['colcon_meta']
[0.869s] Level 1:colcon.colcon_core.package_identification:_identify(src/mujoco_menagerie/anybotics_anymal_c/assets) by extension 'colcon_meta'
[0.869s] Level 1:colcon.colcon_core.package_identification:_identify(src/mujoco_menagerie/anybotics_anymal_c/assets) by extensions ['ros']
[0.869s] Level 1:colcon.colcon_core.package_identification:_identify(src/mujoco_menagerie/anybotics_anymal_c/assets) by extension 'ros'
[0.870s] Level 1:colcon.colcon_core.package_identification:_identify(src/mujoco_menagerie/anybotics_anymal_c/assets) by extensions ['cmake', 'python']
[0.870s] Level 1:colcon.colcon_core.package_identification:_identify(src/mujoco_menagerie/anybotics_anymal_c/assets) by extension 'cmake'
[0.870s] Level 1:colcon.colcon_core.package_identification:_identify(src/mujoco_menagerie/anybotics_anymal_c/assets) by extension 'python'
[0.870s] Level 1:colcon.colcon_core.package_identification:_identify(src/mujoco_menagerie/anybotics_anymal_c/assets) by extensions ['python_setup_py']
[0.870s] Level 1:colcon.colcon_core.package_identification:_identify(src/mujoco_menagerie/anybotics_anymal_c/assets) by extension 'python_setup_py'
[0.870s] Level 1:colcon.colcon_core.package_identification:_identify(src/mujoco_menagerie/apptronik_apollo) by extensions ['ignore', 'ignore_ament_install']
[0.870s] Level 1:colcon.colcon_core.package_identification:_identify(src/mujoco_menagerie/apptronik_apollo) by extension 'ignore'
[0.870s] Level 1:colcon.colcon_core.package_identification:_identify(src/mujoco_menagerie/apptronik_apollo) by extension 'ignore_ament_install'
[0.870s] Level 1:colcon.colcon_core.package_identification:_identify(src/mujoco_menagerie/apptronik_apollo) by extensions ['colcon_pkg']
[0.870s] Level 1:colcon.colcon_core.package_identification:_identify(src/mujoco_menagerie/apptronik_apollo) by extension 'colcon_pkg'
[0.870s] Level 1:colcon.colcon_core.package_identification:_identify(src/mujoco_menagerie/apptronik_apollo) by extensions ['colcon_meta']
[0.870s] Level 1:colcon.colcon_core.package_identification:_identify(src/mujoco_menagerie/apptronik_apollo) by extension 'colcon_meta'
[0.870s] Level 1:colcon.colcon_core.package_identification:_identify(src/mujoco_menagerie/apptronik_apollo) by extensions ['ros']
[0.870s] Level 1:colcon.colcon_core.package_identification:_identify(src/mujoco_menagerie/apptronik_apollo) by extension 'ros'
[0.871s] Level 1:colcon.colcon_core.package_identification:_identify(src/mujoco_menagerie/apptronik_apollo) by extensions ['cmake', 'python']
[0.871s] Level 1:colcon.colcon_core.package_identification:_identify(src/mujoco_menagerie/apptronik_apollo) by extension 'cmake'
[0.871s] Level 1:colcon.colcon_core.package_identification:_identify(src/mujoco_menagerie/apptronik_apollo) by extension 'python'
[0.871s] Level 1:colcon.colcon_core.package_identification:_identify(src/mujoco_menagerie/apptronik_apollo) by extensions ['python_setup_py']
[0.871s] Level 1:colcon.colcon_core.package_identification:_identify(src/mujoco_menagerie/apptronik_apollo) by extension 'python_setup_py'
[0.871s] Level 1:colcon.colcon_core.package_identification:_identify(src/mujoco_menagerie/apptronik_apollo/assets) by extensions ['ignore', 'ignore_ament_install']
[0.871s] Level 1:colcon.colcon_core.package_identification:_identify(src/mujoco_menagerie/apptronik_apollo/assets) by extension 'ignore'
[0.872s] Level 1:colcon.colcon_core.package_identification:_identify(src/mujoco_menagerie/apptronik_apollo/assets) by extension 'ignore_ament_install'
[0.872s] Level 1:colcon.colcon_core.package_identification:_identify(src/mujoco_menagerie/apptronik_apollo/assets) by extensions ['colcon_pkg']
[0.872s] Level 1:colcon.colcon_core.package_identification:_identify(src/mujoco_menagerie/apptronik_apollo/assets) by extension 'colcon_pkg'
[0.872s] Level 1:colcon.colcon_core.package_identification:_identify(src/mujoco_menagerie/apptronik_apollo/assets) by extensions ['colcon_meta']
[0.872s] Level 1:colcon.colcon_core.package_identification:_identify(src/mujoco_menagerie/apptronik_apollo/assets) by extension 'colcon_meta'
[0.872s] Level 1:colcon.colcon_core.package_identification:_identify(src/mujoco_menagerie/apptronik_apollo/assets) by extensions ['ros']
[0.872s] Level 1:colcon.colcon_core.package_identification:_identify(src/mujoco_menagerie/apptronik_apollo/assets) by extension 'ros'
[0.872s] Level 1:colcon.colcon_core.package_identification:_identify(src/mujoco_menagerie/apptronik_apollo/assets) by extensions ['cmake', 'python']
[0.872s] Level 1:colcon.colcon_core.package_identification:_identify(src/mujoco_menagerie/apptronik_apollo/assets) by extension 'cmake'
[0.873s] Level 1:colcon.colcon_core.package_identification:_identify(src/mujoco_menagerie/apptronik_apollo/assets) by extension 'python'
[0.873s] Level 1:colcon.colcon_core.package_identification:_identify(src/mujoco_menagerie/apptronik_apollo/assets) by extensions ['python_setup_py']
[0.873s] Level 1:colcon.colcon_core.package_identification:_identify(src/mujoco_menagerie/apptronik_apollo/assets) by extension 'python_setup_py'
[0.873s] Level 1:colcon.colcon_core.package_identification:_identify(src/mujoco_menagerie/apptronik_apollo/assets/ability_hand) by extensions ['ignore', 'ignore_ament_install']
[0.873s] Level 1:colcon.colcon_core.package_identification:_identify(src/mujoco_menagerie/apptronik_apollo/assets/ability_hand) by extension 'ignore'
[0.873s] Level 1:colcon.colcon_core.package_identification:_identify(src/mujoco_menagerie/apptronik_apollo/assets/ability_hand) by extension 'ignore_ament_install'
[0.873s] Level 1:colcon.colcon_core.package_identification:_identify(src/mujoco_menagerie/apptronik_apollo/assets/ability_hand) by extensions ['colcon_pkg']
[0.873s] Level 1:colcon.colcon_core.package_identification:_identify(src/mujoco_menagerie/apptronik_apollo/assets/ability_hand) by extension 'colcon_pkg'
[0.873s] Level 1:colcon.colcon_core.package_identification:_identify(src/mujoco_menagerie/apptronik_apollo/assets/ability_hand) by extensions ['colcon_meta']
[0.873s] Level 1:colcon.colcon_core.package_identification:_identify(src/mujoco_menagerie/apptronik_apollo/assets/ability_hand) by extension 'colcon_meta'
[0.873s] Level 1:colcon.colcon_core.package_identification:_identify(src/mujoco_menagerie/apptronik_apollo/assets/ability_hand) by extensions ['ros']
[0.873s] Level 1:colcon.colcon_core.package_identification:_identify(src/mujoco_menagerie/apptronik_apollo/assets/ability_hand) by extension 'ros'
[0.873s] Level 1:colcon.colcon_core.package_identification:_identify(src/mujoco_menagerie/apptronik_apollo/assets/ability_hand) by extensions ['cmake', 'python']
[0.873s] Level 1:colcon.colcon_core.package_identification:_identify(src/mujoco_menagerie/apptronik_apollo/assets/ability_hand) by extension 'cmake'
[0.874s] Level 1:colcon.colcon_core.package_identification:_identify(src/mujoco_menagerie/apptronik_apollo/assets/ability_hand) by extension 'python'
[0.874s] Level 1:colcon.colcon_core.package_identification:_identify(src/mujoco_menagerie/apptronik_apollo/assets/ability_hand) by extensions ['python_setup_py']
[0.874s] Level 1:colcon.colcon_core.package_identification:_identify(src/mujoco_menagerie/apptronik_apollo/assets/ability_hand) by extension 'python_setup_py'
[0.874s] Level 1:colcon.colcon_core.package_identification:_identify(src/mujoco_menagerie/arx_l5) by extensions ['ignore', 'ignore_ament_install']
[0.874s] Level 1:colcon.colcon_core.package_identification:_identify(src/mujoco_menagerie/arx_l5) by extension 'ignore'
[0.874s] Level 1:colcon.colcon_core.package_identification:_identify(src/mujoco_menagerie/arx_l5) by extension 'ignore_ament_install'
[0.874s] Level 1:colcon.colcon_core.package_identification:_identify(src/mujoco_menagerie/arx_l5) by extensions ['colcon_pkg']
[0.874s] Level 1:colcon.colcon_core.package_identification:_identify(src/mujoco_menagerie/arx_l5) by extension 'colcon_pkg'
[0.874s] Level 1:colcon.colcon_core.package_identification:_identify(src/mujoco_menagerie/arx_l5) by extensions ['colcon_meta']
[0.874s] Level 1:colcon.colcon_core.package_identification:_identify(src/mujoco_menagerie/arx_l5) by extension 'colcon_meta'
[0.874s] Level 1:colcon.colcon_core.package_identification:_identify(src/mujoco_menagerie/arx_l5) by extensions ['ros']
[0.874s] Level 1:colcon.colcon_core.package_identification:_identify(src/mujoco_menagerie/arx_l5) by extension 'ros'
[0.874s] Level 1:colcon.colcon_core.package_identification:_identify(src/mujoco_menagerie/arx_l5) by extensions ['cmake', 'python']
[0.874s] Level 1:colcon.colcon_core.package_identification:_identify(src/mujoco_menagerie/arx_l5) by extension 'cmake'
[0.874s] Level 1:colcon.colcon_core.package_identification:_identify(src/mujoco_menagerie/arx_l5) by extension 'python'
[0.874s] Level 1:colcon.colcon_core.package_identification:_identify(src/mujoco_menagerie/arx_l5) by extensions ['python_setup_py']
[0.874s] Level 1:colcon.colcon_core.package_identification:_identify(src/mujoco_menagerie/arx_l5) by extension 'python_setup_py'
[0.875s] Level 1:colcon.colcon_core.package_identification:_identify(src/mujoco_menagerie/arx_l5/assets) by extensions ['ignore', 'ignore_ament_install']
[0.875s] Level 1:colcon.colcon_core.package_identification:_identify(src/mujoco_menagerie/arx_l5/assets) by extension 'ignore'
[0.875s] Level 1:colcon.colcon_core.package_identification:_identify(src/mujoco_menagerie/arx_l5/assets) by extension 'ignore_ament_install'
[0.875s] Level 1:colcon.colcon_core.package_identification:_identify(src/mujoco_menagerie/arx_l5/assets) by extensions ['colcon_pkg']
[0.875s] Level 1:colcon.colcon_core.package_identification:_identify(src/mujoco_menagerie/arx_l5/assets) by extension 'colcon_pkg'
[0.875s] Level 1:colcon.colcon_core.package_identification:_identify(src/mujoco_menagerie/arx_l5/assets) by extensions ['colcon_meta']
[0.875s] Level 1:colcon.colcon_core.package_identification:_identify(src/mujoco_menagerie/arx_l5/assets) by extension 'colcon_meta'
[0.875s] Level 1:colcon.colcon_core.package_identification:_identify(src/mujoco_menagerie/arx_l5/assets) by extensions ['ros']
[0.875s] Level 1:colcon.colcon_core.package_identification:_identify(src/mujoco_menagerie/arx_l5/assets) by extension 'ros'
[0.875s] Level 1:colcon.colcon_core.package_identification:_identify(src/mujoco_menagerie/arx_l5/assets) by extensions ['cmake', 'python']
[0.875s] Level 1:colcon.colcon_core.package_identification:_identify(src/mujoco_menagerie/arx_l5/assets) by extension 'cmake'
[0.875s] Level 1:colcon.colcon_core.package_identification:_identify(src/mujoco_menagerie/arx_l5/assets) by extension 'python'
[0.875s] Level 1:colcon.colcon_core.package_identification:_identify(src/mujoco_menagerie/arx_l5/assets) by extensions ['python_setup_py']
[0.875s] Level 1:colcon.colcon_core.package_identification:_identify(src/mujoco_menagerie/arx_l5/assets) by extension 'python_setup_py'
[0.876s] Level 1:colcon.colcon_core.package_identification:_identify(src/mujoco_menagerie/assets) by extensions ['ignore', 'ignore_ament_install']
[0.876s] Level 1:colcon.colcon_core.package_identification:_identify(src/mujoco_menagerie/assets) by extension 'ignore'
[0.876s] Level 1:colcon.colcon_core.package_identification:_identify(src/mujoco_menagerie/assets) by extension 'ignore_ament_install'
[0.876s] Level 1:colcon.colcon_core.package_identification:_identify(src/mujoco_menagerie/assets) by extensions ['colcon_pkg']
[0.876s] Level 1:colcon.colcon_core.package_identification:_identify(src/mujoco_menagerie/assets) by extension 'colcon_pkg'
[0.876s] Level 1:colcon.colcon_core.package_identification:_identify(src/mujoco_menagerie/assets) by extensions ['colcon_meta']
[0.876s] Level 1:colcon.colcon_core.package_identification:_identify(src/mujoco_menagerie/assets) by extension 'colcon_meta'
[0.876s] Level 1:colcon.colcon_core.package_identification:_identify(src/mujoco_menagerie/assets) by extensions ['ros']
[0.876s] Level 1:colcon.colcon_core.package_identification:_identify(src/mujoco_menagerie/assets) by extension 'ros'
[0.876s] Level 1:colcon.colcon_core.package_identification:_identify(src/mujoco_menagerie/assets) by extensions ['cmake', 'python']
[0.876s] Level 1:colcon.colcon_core.package_identification:_identify(src/mujoco_menagerie/assets) by extension 'cmake'
[0.876s] Level 1:colcon.colcon_core.package_identification:_identify(src/mujoco_menagerie/assets) by extension 'python'
[0.876s] Level 1:colcon.colcon_core.package_identification:_identify(src/mujoco_menagerie/assets) by extensions ['python_setup_py']
[0.876s] Level 1:colcon.colcon_core.package_identification:_identify(src/mujoco_menagerie/assets) by extension 'python_setup_py'
[0.876s] Level 1:colcon.colcon_core.package_identification:_identify(src/mujoco_menagerie/berkeley_humanoid) by extensions ['ignore', 'ignore_ament_install']
[0.877s] Level 1:colcon.colcon_core.package_identification:_identify(src/mujoco_menagerie/berkeley_humanoid) by extension 'ignore'
[0.877s] Level 1:colcon.colcon_core.package_identification:_identify(src/mujoco_menagerie/berkeley_humanoid) by extension 'ignore_ament_install'
[0.877s] Level 1:colcon.colcon_core.package_identification:_identify(src/mujoco_menagerie/berkeley_humanoid) by extensions ['colcon_pkg']
[0.877s] Level 1:colcon.colcon_core.package_identification:_identify(src/mujoco_menagerie/berkeley_humanoid) by extension 'colcon_pkg'
[0.877s] Level 1:colcon.colcon_core.package_identification:_identify(src/mujoco_menagerie/berkeley_humanoid) by extensions ['colcon_meta']
[0.877s] Level 1:colcon.colcon_core.package_identification:_identify(src/mujoco_menagerie/berkeley_humanoid) by extension 'colcon_meta'
[0.877s] Level 1:colcon.colcon_core.package_identification:_identify(src/mujoco_menagerie/berkeley_humanoid) by extensions ['ros']
[0.877s] Level 1:colcon.colcon_core.package_identification:_identify(src/mujoco_menagerie/berkeley_humanoid) by extension 'ros'
[0.877s] Level 1:colcon.colcon_core.package_identification:_identify(src/mujoco_menagerie/berkeley_humanoid) by extensions ['cmake', 'python']
[0.877s] Level 1:colcon.colcon_core.package_identification:_identify(src/mujoco_menagerie/berkeley_humanoid) by extension 'cmake'
[0.877s] Level 1:colcon.colcon_core.package_identification:_identify(src/mujoco_menagerie/berkeley_humanoid) by extension 'python'
[0.877s] Level 1:colcon.colcon_core.package_identification:_identify(src/mujoco_menagerie/berkeley_humanoid) by extensions ['python_setup_py']
[0.877s] Level 1:colcon.colcon_core.package_identification:_identify(src/mujoco_menagerie/berkeley_humanoid) by extension 'python_setup_py'
[0.877s] Level 1:colcon.colcon_core.package_identification:_identify(src/mujoco_menagerie/berkeley_humanoid/assets) by extensions ['ignore', 'ignore_ament_install']
[0.878s] Level 1:colcon.colcon_core.package_identification:_identify(src/mujoco_menagerie/berkeley_humanoid/assets) by extension 'ignore'
[0.878s] Level 1:colcon.colcon_core.package_identification:_identify(src/mujoco_menagerie/berkeley_humanoid/assets) by extension 'ignore_ament_install'
[0.878s] Level 1:colcon.colcon_core.package_identification:_identify(src/mujoco_menagerie/berkeley_humanoid/assets) by extensions ['colcon_pkg']
[0.878s] Level 1:colcon.colcon_core.package_identification:_identify(src/mujoco_menagerie/berkeley_humanoid/assets) by extension 'colcon_pkg'
[0.878s] Level 1:colcon.colcon_core.package_identification:_identify(src/mujoco_menagerie/berkeley_humanoid/assets) by extensions ['colcon_meta']
[0.878s] Level 1:colcon.colcon_core.package_identification:_identify(src/mujoco_menagerie/berkeley_humanoid/assets) by extension 'colcon_meta'
[0.878s] Level 1:colcon.colcon_core.package_identification:_identify(src/mujoco_menagerie/berkeley_humanoid/assets) by extensions ['ros']
[0.878s] Level 1:colcon.colcon_core.package_identification:_identify(src/mujoco_menagerie/berkeley_humanoid/assets) by extension 'ros'
[0.878s] Level 1:colcon.colcon_core.package_identification:_identify(src/mujoco_menagerie/berkeley_humanoid/assets) by extensions ['cmake', 'python']
[0.878s] Level 1:colcon.colcon_core.package_identification:_identify(src/mujoco_menagerie/berkeley_humanoid/assets) by extension 'cmake'
[0.878s] Level 1:colcon.colcon_core.package_identification:_identify(src/mujoco_menagerie/berkeley_humanoid/assets) by extension 'python'
[0.878s] Level 1:colcon.colcon_core.package_identification:_identify(src/mujoco_menagerie/berkeley_humanoid/assets) by extensions ['python_setup_py']
[0.878s] Level 1:colcon.colcon_core.package_identification:_identify(src/mujoco_menagerie/berkeley_humanoid/assets) by extension 'python_setup_py'
[0.878s] Level 1:colcon.colcon_core.package_identification:_identify(src/mujoco_menagerie/bitcraze_crazyflie_2) by extensions ['ignore', 'ignore_ament_install']
[0.878s] Level 1:colcon.colcon_core.package_identification:_identify(src/mujoco_menagerie/bitcraze_crazyflie_2) by extension 'ignore'
[0.878s] Level 1:colcon.colcon_core.package_identification:_identify(src/mujoco_menagerie/bitcraze_crazyflie_2) by extension 'ignore_ament_install'
[0.879s] Level 1:colcon.colcon_core.package_identification:_identify(src/mujoco_menagerie/bitcraze_crazyflie_2) by extensions ['colcon_pkg']
[0.879s] Level 1:colcon.colcon_core.package_identification:_identify(src/mujoco_menagerie/bitcraze_crazyflie_2) by extension 'colcon_pkg'
[0.879s] Level 1:colcon.colcon_core.package_identification:_identify(src/mujoco_menagerie/bitcraze_crazyflie_2) by extensions ['colcon_meta']
[0.879s] Level 1:colcon.colcon_core.package_identification:_identify(src/mujoco_menagerie/bitcraze_crazyflie_2) by extension 'colcon_meta'
[0.879s] Level 1:colcon.colcon_core.package_identification:_identify(src/mujoco_menagerie/bitcraze_crazyflie_2) by extensions ['ros']
[0.879s] Level 1:colcon.colcon_core.package_identification:_identify(src/mujoco_menagerie/bitcraze_crazyflie_2) by extension 'ros'
[0.879s] Level 1:colcon.colcon_core.package_identification:_identify(src/mujoco_menagerie/bitcraze_crazyflie_2) by extensions ['cmake', 'python']
[0.879s] Level 1:colcon.colcon_core.package_identification:_identify(src/mujoco_menagerie/bitcraze_crazyflie_2) by extension 'cmake'
[0.879s] Level 1:colcon.colcon_core.package_identification:_identify(src/mujoco_menagerie/bitcraze_crazyflie_2) by extension 'python'
[0.879s] Level 1:colcon.colcon_core.package_identification:_identify(src/mujoco_menagerie/bitcraze_crazyflie_2) by extensions ['python_setup_py']
[0.879s] Level 1:colcon.colcon_core.package_identification:_identify(src/mujoco_menagerie/bitcraze_crazyflie_2) by extension 'python_setup_py'
[0.879s] Level 1:colcon.colcon_core.package_identification:_identify(src/mujoco_menagerie/bitcraze_crazyflie_2/assets) by extensions ['ignore', 'ignore_ament_install']
[0.879s] Level 1:colcon.colcon_core.package_identification:_identify(src/mujoco_menagerie/bitcraze_crazyflie_2/assets) by extension 'ignore'
[0.879s] Level 1:colcon.colcon_core.package_identification:_identify(src/mujoco_menagerie/bitcraze_crazyflie_2/assets) by extension 'ignore_ament_install'
[0.879s] Level 1:colcon.colcon_core.package_identification:_identify(src/mujoco_menagerie/bitcraze_crazyflie_2/assets) by extensions ['colcon_pkg']
[0.879s] Level 1:colcon.colcon_core.package_identification:_identify(src/mujoco_menagerie/bitcraze_crazyflie_2/assets) by extension 'colcon_pkg'
[0.879s] Level 1:colcon.colcon_core.package_identification:_identify(src/mujoco_menagerie/bitcraze_crazyflie_2/assets) by extensions ['colcon_meta']
[0.880s] Level 1:colcon.colcon_core.package_identification:_identify(src/mujoco_menagerie/bitcraze_crazyflie_2/assets) by extension 'colcon_meta'
[0.880s] Level 1:colcon.colcon_core.package_identification:_identify(src/mujoco_menagerie/bitcraze_crazyflie_2/assets) by extensions ['ros']
[0.880s] Level 1:colcon.colcon_core.package_identification:_identify(src/mujoco_menagerie/bitcraze_crazyflie_2/assets) by extension 'ros'
[0.880s] Level 1:colcon.colcon_core.package_identification:_identify(src/mujoco_menagerie/bitcraze_crazyflie_2/assets) by extensions ['cmake', 'python']
[0.880s] Level 1:colcon.colcon_core.package_identification:_identify(src/mujoco_menagerie/bitcraze_crazyflie_2/assets) by extension 'cmake'
[0.880s] Level 1:colcon.colcon_core.package_identification:_identify(src/mujoco_menagerie/bitcraze_crazyflie_2/assets) by extension 'python'
[0.880s] Level 1:colcon.colcon_core.package_identification:_identify(src/mujoco_menagerie/bitcraze_crazyflie_2/assets) by extensions ['python_setup_py']
[0.880s] Level 1:colcon.colcon_core.package_identification:_identify(src/mujoco_menagerie/bitcraze_crazyflie_2/assets) by extension 'python_setup_py'
[0.880s] Level 1:colcon.colcon_core.package_identification:_identify(src/mujoco_menagerie/booster_t1) by extensions ['ignore', 'ignore_ament_install']
[0.880s] Level 1:colcon.colcon_core.package_identification:_identify(src/mujoco_menagerie/booster_t1) by extension 'ignore'
[0.880s] Level 1:colcon.colcon_core.package_identification:_identify(src/mujoco_menagerie/booster_t1) by extension 'ignore_ament_install'
[0.880s] Level 1:colcon.colcon_core.package_identification:_identify(src/mujoco_menagerie/booster_t1) by extensions ['colcon_pkg']
[0.880s] Level 1:colcon.colcon_core.package_identification:_identify(src/mujoco_menagerie/booster_t1) by extension 'colcon_pkg'
[0.881s] Level 1:colcon.colcon_core.package_identification:_identify(src/mujoco_menagerie/booster_t1) by extensions ['colcon_meta']
[0.881s] Level 1:colcon.colcon_core.package_identification:_identify(src/mujoco_menagerie/booster_t1) by extension 'colcon_meta'
[0.881s] Level 1:colcon.colcon_core.package_identification:_identify(src/mujoco_menagerie/booster_t1) by extensions ['ros']
[0.881s] Level 1:colcon.colcon_core.package_identification:_identify(src/mujoco_menagerie/booster_t1) by extension 'ros'
[0.881s] Level 1:colcon.colcon_core.package_identification:_identify(src/mujoco_menagerie/booster_t1) by extensions ['cmake', 'python']
[0.881s] Level 1:colcon.colcon_core.package_identification:_identify(src/mujoco_menagerie/booster_t1) by extension 'cmake'
[0.881s] Level 1:colcon.colcon_core.package_identification:_identify(src/mujoco_menagerie/booster_t1) by extension 'python'
[0.881s] Level 1:colcon.colcon_core.package_identification:_identify(src/mujoco_menagerie/booster_t1) by extensions ['python_setup_py']
[0.881s] Level 1:colcon.colcon_core.package_identification:_identify(src/mujoco_menagerie/booster_t1) by extension 'python_setup_py'
[0.881s] Level 1:colcon.colcon_core.package_identification:_identify(src/mujoco_menagerie/booster_t1/assets) by extensions ['ignore', 'ignore_ament_install']
[0.881s] Level 1:colcon.colcon_core.package_identification:_identify(src/mujoco_menagerie/booster_t1/assets) by extension 'ignore'
[0.881s] Level 1:colcon.colcon_core.package_identification:_identify(src/mujoco_menagerie/booster_t1/assets) by extension 'ignore_ament_install'
[0.881s] Level 1:colcon.colcon_core.package_identification:_identify(src/mujoco_menagerie/booster_t1/assets) by extensions ['colcon_pkg']
[0.882s] Level 1:colcon.colcon_core.package_identification:_identify(src/mujoco_menagerie/booster_t1/assets) by extension 'colcon_pkg'
[0.882s] Level 1:colcon.colcon_core.package_identification:_identify(src/mujoco_menagerie/booster_t1/assets) by extensions ['colcon_meta']
[0.882s] Level 1:colcon.colcon_core.package_identification:_identify(src/mujoco_menagerie/booster_t1/assets) by extension 'colcon_meta'
[0.882s] Level 1:colcon.colcon_core.package_identification:_identify(src/mujoco_menagerie/booster_t1/assets) by extensions ['ros']
[0.882s] Level 1:colcon.colcon_core.package_identification:_identify(src/mujoco_menagerie/booster_t1/assets) by extension 'ros'
[0.882s] Level 1:colcon.colcon_core.package_identification:_identify(src/mujoco_menagerie/booster_t1/assets) by extensions ['cmake', 'python']
[0.882s] Level 1:colcon.colcon_core.package_identification:_identify(src/mujoco_menagerie/booster_t1/assets) by extension 'cmake'
[0.882s] Level 1:colcon.colcon_core.package_identification:_identify(src/mujoco_menagerie/booster_t1/assets) by extension 'python'
[0.882s] Level 1:colcon.colcon_core.package_identification:_identify(src/mujoco_menagerie/booster_t1/assets) by extensions ['python_setup_py']
[0.882s] Level 1:colcon.colcon_core.package_identification:_identify(src/mujoco_menagerie/booster_t1/assets) by extension 'python_setup_py'
[0.882s] Level 1:colcon.colcon_core.package_identification:_identify(src/mujoco_menagerie/boston_dynamics_spot) by extensions ['ignore', 'ignore_ament_install']
[0.882s] Level 1:colcon.colcon_core.package_identification:_identify(src/mujoco_menagerie/boston_dynamics_spot) by extension 'ignore'
[0.882s] Level 1:colcon.colcon_core.package_identification:_identify(src/mujoco_menagerie/boston_dynamics_spot) by extension 'ignore_ament_install'
[0.882s] Level 1:colcon.colcon_core.package_identification:_identify(src/mujoco_menagerie/boston_dynamics_spot) by extensions ['colcon_pkg']
[0.883s] Level 1:colcon.colcon_core.package_identification:_identify(src/mujoco_menagerie/boston_dynamics_spot) by extension 'colcon_pkg'
[0.883s] Level 1:colcon.colcon_core.package_identification:_identify(src/mujoco_menagerie/boston_dynamics_spot) by extensions ['colcon_meta']
[0.883s] Level 1:colcon.colcon_core.package_identification:_identify(src/mujoco_menagerie/boston_dynamics_spot) by extension 'colcon_meta'
[0.883s] Level 1:colcon.colcon_core.package_identification:_identify(src/mujoco_menagerie/boston_dynamics_spot) by extensions ['ros']
[0.883s] Level 1:colcon.colcon_core.package_identification:_identify(src/mujoco_menagerie/boston_dynamics_spot) by extension 'ros'
[0.883s] Level 1:colcon.colcon_core.package_identification:_identify(src/mujoco_menagerie/boston_dynamics_spot) by extensions ['cmake', 'python']
[0.883s] Level 1:colcon.colcon_core.package_identification:_identify(src/mujoco_menagerie/boston_dynamics_spot) by extension 'cmake'
[0.883s] Level 1:colcon.colcon_core.package_identification:_identify(src/mujoco_menagerie/boston_dynamics_spot) by extension 'python'
[0.883s] Level 1:colcon.colcon_core.package_identification:_identify(src/mujoco_menagerie/boston_dynamics_spot) by extensions ['python_setup_py']
[0.883s] Level 1:colcon.colcon_core.package_identification:_identify(src/mujoco_menagerie/boston_dynamics_spot) by extension 'python_setup_py'
[0.883s] Level 1:colcon.colcon_core.package_identification:_identify(src/mujoco_menagerie/boston_dynamics_spot/assets) by extensions ['ignore', 'ignore_ament_install']
[0.883s] Level 1:colcon.colcon_core.package_identification:_identify(src/mujoco_menagerie/boston_dynamics_spot/assets) by extension 'ignore'
[0.883s] Level 1:colcon.colcon_core.package_identification:_identify(src/mujoco_menagerie/boston_dynamics_spot/assets) by extension 'ignore_ament_install'
[0.883s] Level 1:colcon.colcon_core.package_identification:_identify(src/mujoco_menagerie/boston_dynamics_spot/assets) by extensions ['colcon_pkg']
[0.884s] Level 1:colcon.colcon_core.package_identification:_identify(src/mujoco_menagerie/boston_dynamics_spot/assets) by extension 'colcon_pkg'
[0.884s] Level 1:colcon.colcon_core.package_identification:_identify(src/mujoco_menagerie/boston_dynamics_spot/assets) by extensions ['colcon_meta']
[0.884s] Level 1:colcon.colcon_core.package_identification:_identify(src/mujoco_menagerie/boston_dynamics_spot/assets) by extension 'colcon_meta'
[0.884s] Level 1:colcon.colcon_core.package_identification:_identify(src/mujoco_menagerie/boston_dynamics_spot/assets) by extensions ['ros']
[0.884s] Level 1:colcon.colcon_core.package_identification:_identify(src/mujoco_menagerie/boston_dynamics_spot/assets) by extension 'ros'
[0.884s] Level 1:colcon.colcon_core.package_identification:_identify(src/mujoco_menagerie/boston_dynamics_spot/assets) by extensions ['cmake', 'python']
[0.884s] Level 1:colcon.colcon_core.package_identification:_identify(src/mujoco_menagerie/boston_dynamics_spot/assets) by extension 'cmake'
[0.884s] Level 1:colcon.colcon_core.package_identification:_identify(src/mujoco_menagerie/boston_dynamics_spot/assets) by extension 'python'
[0.884s] Level 1:colcon.colcon_core.package_identification:_identify(src/mujoco_menagerie/boston_dynamics_spot/assets) by extensions ['python_setup_py']
[0.884s] Level 1:colcon.colcon_core.package_identification:_identify(src/mujoco_menagerie/boston_dynamics_spot/assets) by extension 'python_setup_py'
[0.884s] Level 1:colcon.colcon_core.package_identification:_identify(src/mujoco_menagerie/dynamixel_2r) by extensions ['ignore', 'ignore_ament_install']
[0.884s] Level 1:colcon.colcon_core.package_identification:_identify(src/mujoco_menagerie/dynamixel_2r) by extension 'ignore'
[0.884s] Level 1:colcon.colcon_core.package_identification:_identify(src/mujoco_menagerie/dynamixel_2r) by extension 'ignore_ament_install'
[0.884s] Level 1:colcon.colcon_core.package_identification:_identify(src/mujoco_menagerie/dynamixel_2r) by extensions ['colcon_pkg']
[0.885s] Level 1:colcon.colcon_core.package_identification:_identify(src/mujoco_menagerie/dynamixel_2r) by extension 'colcon_pkg'
[0.885s] Level 1:colcon.colcon_core.package_identification:_identify(src/mujoco_menagerie/dynamixel_2r) by extensions ['colcon_meta']
[0.885s] Level 1:colcon.colcon_core.package_identification:_identify(src/mujoco_menagerie/dynamixel_2r) by extension 'colcon_meta'
[0.885s] Level 1:colcon.colcon_core.package_identification:_identify(src/mujoco_menagerie/dynamixel_2r) by extensions ['ros']
[0.885s] Level 1:colcon.colcon_core.package_identification:_identify(src/mujoco_menagerie/dynamixel_2r) by extension 'ros'
[0.885s] Level 1:colcon.colcon_core.package_identification:_identify(src/mujoco_menagerie/dynamixel_2r) by extensions ['cmake', 'python']
[0.885s] Level 1:colcon.colcon_core.package_identification:_identify(src/mujoco_menagerie/dynamixel_2r) by extension 'cmake'
[0.885s] Level 1:colcon.colcon_core.package_identification:_identify(src/mujoco_menagerie/dynamixel_2r) by extension 'python'
[0.885s] Level 1:colcon.colcon_core.package_identification:_identify(src/mujoco_menagerie/dynamixel_2r) by extensions ['python_setup_py']
[0.885s] Level 1:colcon.colcon_core.package_identification:_identify(src/mujoco_menagerie/dynamixel_2r) by extension 'python_setup_py'
[0.885s] Level 1:colcon.colcon_core.package_identification:_identify(src/mujoco_menagerie/dynamixel_2r/assets) by extensions ['ignore', 'ignore_ament_install']
[0.885s] Level 1:colcon.colcon_core.package_identification:_identify(src/mujoco_menagerie/dynamixel_2r/assets) by extension 'ignore'
[0.885s] Level 1:colcon.colcon_core.package_identification:_identify(src/mujoco_menagerie/dynamixel_2r/assets) by extension 'ignore_ament_install'
[0.885s] Level 1:colcon.colcon_core.package_identification:_identify(src/mujoco_menagerie/dynamixel_2r/assets) by extensions ['colcon_pkg']
[0.886s] Level 1:colcon.colcon_core.package_identification:_identify(src/mujoco_menagerie/dynamixel_2r/assets) by extension 'colcon_pkg'
[0.886s] Level 1:colcon.colcon_core.package_identification:_identify(src/mujoco_menagerie/dynamixel_2r/assets) by extensions ['colcon_meta']
[0.886s] Level 1:colcon.colcon_core.package_identification:_identify(src/mujoco_menagerie/dynamixel_2r/assets) by extension 'colcon_meta'
[0.886s] Level 1:colcon.colcon_core.package_identification:_identify(src/mujoco_menagerie/dynamixel_2r/assets) by extensions ['ros']
[0.886s] Level 1:colcon.colcon_core.package_identification:_identify(src/mujoco_menagerie/dynamixel_2r/assets) by extension 'ros'
[0.886s] Level 1:colcon.colcon_core.package_identification:_identify(src/mujoco_menagerie/dynamixel_2r/assets) by extensions ['cmake', 'python']
[0.886s] Level 1:colcon.colcon_core.package_identification:_identify(src/mujoco_menagerie/dynamixel_2r/assets) by extension 'cmake'
[0.886s] Level 1:colcon.colcon_core.package_identification:_identify(src/mujoco_menagerie/dynamixel_2r/assets) by extension 'python'
[0.886s] Level 1:colcon.colcon_core.package_identification:_identify(src/mujoco_menagerie/dynamixel_2r/assets) by extensions ['python_setup_py']
[0.886s] Level 1:colcon.colcon_core.package_identification:_identify(src/mujoco_menagerie/dynamixel_2r/assets) by extension 'python_setup_py'
[0.886s] Level 1:colcon.colcon_core.package_identification:_identify(src/mujoco_menagerie/flybody) by extensions ['ignore', 'ignore_ament_install']
[0.886s] Level 1:colcon.colcon_core.package_identification:_identify(src/mujoco_menagerie/flybody) by extension 'ignore'
[0.886s] Level 1:colcon.colcon_core.package_identification:_identify(src/mujoco_menagerie/flybody) by extension 'ignore_ament_install'
[0.887s] Level 1:colcon.colcon_core.package_identification:_identify(src/mujoco_menagerie/flybody) by extensions ['colcon_pkg']
[0.887s] Level 1:colcon.colcon_core.package_identification:_identify(src/mujoco_menagerie/flybody) by extension 'colcon_pkg'
[0.887s] Level 1:colcon.colcon_core.package_identification:_identify(src/mujoco_menagerie/flybody) by extensions ['colcon_meta']
[0.887s] Level 1:colcon.colcon_core.package_identification:_identify(src/mujoco_menagerie/flybody) by extension 'colcon_meta'
[0.887s] Level 1:colcon.colcon_core.package_identification:_identify(src/mujoco_menagerie/flybody) by extensions ['ros']
[0.887s] Level 1:colcon.colcon_core.package_identification:_identify(src/mujoco_menagerie/flybody) by extension 'ros'
[0.887s] Level 1:colcon.colcon_core.package_identification:_identify(src/mujoco_menagerie/flybody) by extensions ['cmake', 'python']
[0.887s] Level 1:colcon.colcon_core.package_identification:_identify(src/mujoco_menagerie/flybody) by extension 'cmake'
[0.887s] Level 1:colcon.colcon_core.package_identification:_identify(src/mujoco_menagerie/flybody) by extension 'python'
[0.887s] Level 1:colcon.colcon_core.package_identification:_identify(src/mujoco_menagerie/flybody) by extensions ['python_setup_py']
[0.887s] Level 1:colcon.colcon_core.package_identification:_identify(src/mujoco_menagerie/flybody) by extension 'python_setup_py'
[0.887s] Level 1:colcon.colcon_core.package_identification:_identify(src/mujoco_menagerie/flybody/assets) by extensions ['ignore', 'ignore_ament_install']
[0.887s] Level 1:colcon.colcon_core.package_identification:_identify(src/mujoco_menagerie/flybody/assets) by extension 'ignore'
[0.887s] Level 1:colcon.colcon_core.package_identification:_identify(src/mujoco_menagerie/flybody/assets) by extension 'ignore_ament_install'
[0.887s] Level 1:colcon.colcon_core.package_identification:_identify(src/mujoco_menagerie/flybody/assets) by extensions ['colcon_pkg']
[0.888s] Level 1:colcon.colcon_core.package_identification:_identify(src/mujoco_menagerie/flybody/assets) by extension 'colcon_pkg'
[0.888s] Level 1:colcon.colcon_core.package_identification:_identify(src/mujoco_menagerie/flybody/assets) by extensions ['colcon_meta']
[0.888s] Level 1:colcon.colcon_core.package_identification:_identify(src/mujoco_menagerie/flybody/assets) by extension 'colcon_meta'
[0.888s] Level 1:colcon.colcon_core.package_identification:_identify(src/mujoco_menagerie/flybody/assets) by extensions ['ros']
[0.888s] Level 1:colcon.colcon_core.package_identification:_identify(src/mujoco_menagerie/flybody/assets) by extension 'ros'
[0.888s] Level 1:colcon.colcon_core.package_identification:_identify(src/mujoco_menagerie/flybody/assets) by extensions ['cmake', 'python']
[0.888s] Level 1:colcon.colcon_core.package_identification:_identify(src/mujoco_menagerie/flybody/assets) by extension 'cmake'
[0.888s] Level 1:colcon.colcon_core.package_identification:_identify(src/mujoco_menagerie/flybody/assets) by extension 'python'
[0.888s] Level 1:colcon.colcon_core.package_identification:_identify(src/mujoco_menagerie/flybody/assets) by extensions ['python_setup_py']
[0.888s] Level 1:colcon.colcon_core.package_identification:_identify(src/mujoco_menagerie/flybody/assets) by extension 'python_setup_py'
[0.888s] Level 1:colcon.colcon_core.package_identification:_identify(src/mujoco_menagerie/fourier_n1) by extensions ['ignore', 'ignore_ament_install']
[0.888s] Level 1:colcon.colcon_core.package_identification:_identify(src/mujoco_menagerie/fourier_n1) by extension 'ignore'
[0.888s] Level 1:colcon.colcon_core.package_identification:_identify(src/mujoco_menagerie/fourier_n1) by extension 'ignore_ament_install'
[0.888s] Level 1:colcon.colcon_core.package_identification:_identify(src/mujoco_menagerie/fourier_n1) by extensions ['colcon_pkg']
[0.888s] Level 1:colcon.colcon_core.package_identification:_identify(src/mujoco_menagerie/fourier_n1) by extension 'colcon_pkg'
[0.888s] Level 1:colcon.colcon_core.package_identification:_identify(src/mujoco_menagerie/fourier_n1) by extensions ['colcon_meta']
[0.888s] Level 1:colcon.colcon_core.package_identification:_identify(src/mujoco_menagerie/fourier_n1) by extension 'colcon_meta'
[0.889s] Level 1:colcon.colcon_core.package_identification:_identify(src/mujoco_menagerie/fourier_n1) by extensions ['ros']
[0.889s] Level 1:colcon.colcon_core.package_identification:_identify(src/mujoco_menagerie/fourier_n1) by extension 'ros'
[0.889s] Level 1:colcon.colcon_core.package_identification:_identify(src/mujoco_menagerie/fourier_n1) by extensions ['cmake', 'python']
[0.889s] Level 1:colcon.colcon_core.package_identification:_identify(src/mujoco_menagerie/fourier_n1) by extension 'cmake'
[0.889s] Level 1:colcon.colcon_core.package_identification:_identify(src/mujoco_menagerie/fourier_n1) by extension 'python'
[0.889s] Level 1:colcon.colcon_core.package_identification:_identify(src/mujoco_menagerie/fourier_n1) by extensions ['python_setup_py']
[0.889s] Level 1:colcon.colcon_core.package_identification:_identify(src/mujoco_menagerie/fourier_n1) by extension 'python_setup_py'
[0.889s] Level 1:colcon.colcon_core.package_identification:_identify(src/mujoco_menagerie/fourier_n1/assets) by extensions ['ignore', 'ignore_ament_install']
[0.889s] Level 1:colcon.colcon_core.package_identification:_identify(src/mujoco_menagerie/fourier_n1/assets) by extension 'ignore'
[0.889s] Level 1:colcon.colcon_core.package_identification:_identify(src/mujoco_menagerie/fourier_n1/assets) by extension 'ignore_ament_install'
[0.889s] Level 1:colcon.colcon_core.package_identification:_identify(src/mujoco_menagerie/fourier_n1/assets) by extensions ['colcon_pkg']
[0.889s] Level 1:colcon.colcon_core.package_identification:_identify(src/mujoco_menagerie/fourier_n1/assets) by extension 'colcon_pkg'
[0.889s] Level 1:colcon.colcon_core.package_identification:_identify(src/mujoco_menagerie/fourier_n1/assets) by extensions ['colcon_meta']
[0.889s] Level 1:colcon.colcon_core.package_identification:_identify(src/mujoco_menagerie/fourier_n1/assets) by extension 'colcon_meta'
[0.889s] Level 1:colcon.colcon_core.package_identification:_identify(src/mujoco_menagerie/fourier_n1/assets) by extensions ['ros']
[0.889s] Level 1:colcon.colcon_core.package_identification:_identify(src/mujoco_menagerie/fourier_n1/assets) by extension 'ros'
[0.890s] Level 1:colcon.colcon_core.package_identification:_identify(src/mujoco_menagerie/fourier_n1/assets) by extensions ['cmake', 'python']
[0.890s] Level 1:colcon.colcon_core.package_identification:_identify(src/mujoco_menagerie/fourier_n1/assets) by extension 'cmake'
[0.890s] Level 1:colcon.colcon_core.package_identification:_identify(src/mujoco_menagerie/fourier_n1/assets) by extension 'python'
[0.890s] Level 1:colcon.colcon_core.package_identification:_identify(src/mujoco_menagerie/fourier_n1/assets) by extensions ['python_setup_py']
[0.890s] Level 1:colcon.colcon_core.package_identification:_identify(src/mujoco_menagerie/fourier_n1/assets) by extension 'python_setup_py'
[0.890s] Level 1:colcon.colcon_core.package_identification:_identify(src/mujoco_menagerie/franka_emika_panda) by extensions ['ignore', 'ignore_ament_install']
[0.890s] Level 1:colcon.colcon_core.package_identification:_identify(src/mujoco_menagerie/franka_emika_panda) by extension 'ignore'
[0.890s] Level 1:colcon.colcon_core.package_identification:_identify(src/mujoco_menagerie/franka_emika_panda) by extension 'ignore_ament_install'
[0.890s] Level 1:colcon.colcon_core.package_identification:_identify(src/mujoco_menagerie/franka_emika_panda) by extensions ['colcon_pkg']
[0.890s] Level 1:colcon.colcon_core.package_identification:_identify(src/mujoco_menagerie/franka_emika_panda) by extension 'colcon_pkg'
[0.891s] Level 1:colcon.colcon_core.package_identification:_identify(src/mujoco_menagerie/franka_emika_panda) by extensions ['colcon_meta']
[0.891s] Level 1:colcon.colcon_core.package_identification:_identify(src/mujoco_menagerie/franka_emika_panda) by extension 'colcon_meta'
[0.891s] Level 1:colcon.colcon_core.package_identification:_identify(src/mujoco_menagerie/franka_emika_panda) by extensions ['ros']
[0.891s] Level 1:colcon.colcon_core.package_identification:_identify(src/mujoco_menagerie/franka_emika_panda) by extension 'ros'
[0.891s] Level 1:colcon.colcon_core.package_identification:_identify(src/mujoco_menagerie/franka_emika_panda) by extensions ['cmake', 'python']
[0.891s] Level 1:colcon.colcon_core.package_identification:_identify(src/mujoco_menagerie/franka_emika_panda) by extension 'cmake'
[0.891s] Level 1:colcon.colcon_core.package_identification:_identify(src/mujoco_menagerie/franka_emika_panda) by extension 'python'
[0.891s] Level 1:colcon.colcon_core.package_identification:_identify(src/mujoco_menagerie/franka_emika_panda) by extensions ['python_setup_py']
[0.891s] Level 1:colcon.colcon_core.package_identification:_identify(src/mujoco_menagerie/franka_emika_panda) by extension 'python_setup_py'
[0.891s] Level 1:colcon.colcon_core.package_identification:_identify(src/mujoco_menagerie/franka_emika_panda/assets) by extensions ['ignore', 'ignore_ament_install']
[0.891s] Level 1:colcon.colcon_core.package_identification:_identify(src/mujoco_menagerie/franka_emika_panda/assets) by extension 'ignore'
[0.891s] Level 1:colcon.colcon_core.package_identification:_identify(src/mujoco_menagerie/franka_emika_panda/assets) by extension 'ignore_ament_install'
[0.891s] Level 1:colcon.colcon_core.package_identification:_identify(src/mujoco_menagerie/franka_emika_panda/assets) by extensions ['colcon_pkg']
[0.892s] Level 1:colcon.colcon_core.package_identification:_identify(src/mujoco_menagerie/franka_emika_panda/assets) by extension 'colcon_pkg'
[0.892s] Level 1:colcon.colcon_core.package_identification:_identify(src/mujoco_menagerie/franka_emika_panda/assets) by extensions ['colcon_meta']
[0.892s] Level 1:colcon.colcon_core.package_identification:_identify(src/mujoco_menagerie/franka_emika_panda/assets) by extension 'colcon_meta'
[0.892s] Level 1:colcon.colcon_core.package_identification:_identify(src/mujoco_menagerie/franka_emika_panda/assets) by extensions ['ros']
[0.892s] Level 1:colcon.colcon_core.package_identification:_identify(src/mujoco_menagerie/franka_emika_panda/assets) by extension 'ros'
[0.892s] Level 1:colcon.colcon_core.package_identification:_identify(src/mujoco_menagerie/franka_emika_panda/assets) by extensions ['cmake', 'python']
[0.892s] Level 1:colcon.colcon_core.package_identification:_identify(src/mujoco_menagerie/franka_emika_panda/assets) by extension 'cmake'
[0.892s] Level 1:colcon.colcon_core.package_identification:_identify(src/mujoco_menagerie/franka_emika_panda/assets) by extension 'python'
[0.892s] Level 1:colcon.colcon_core.package_identification:_identify(src/mujoco_menagerie/franka_emika_panda/assets) by extensions ['python_setup_py']
[0.892s] Level 1:colcon.colcon_core.package_identification:_identify(src/mujoco_menagerie/franka_emika_panda/assets) by extension 'python_setup_py'
[0.892s] Level 1:colcon.colcon_core.package_identification:_identify(src/mujoco_menagerie/franka_fr3) by extensions ['ignore', 'ignore_ament_install']
[0.892s] Level 1:colcon.colcon_core.package_identification:_identify(src/mujoco_menagerie/franka_fr3) by extension 'ignore'
[0.892s] Level 1:colcon.colcon_core.package_identification:_identify(src/mujoco_menagerie/franka_fr3) by extension 'ignore_ament_install'
[0.892s] Level 1:colcon.colcon_core.package_identification:_identify(src/mujoco_menagerie/franka_fr3) by extensions ['colcon_pkg']
[0.892s] Level 1:colcon.colcon_core.package_identification:_identify(src/mujoco_menagerie/franka_fr3) by extension 'colcon_pkg'
[0.892s] Level 1:colcon.colcon_core.package_identification:_identify(src/mujoco_menagerie/franka_fr3) by extensions ['colcon_meta']
[0.892s] Level 1:colcon.colcon_core.package_identification:_identify(src/mujoco_menagerie/franka_fr3) by extension 'colcon_meta'
[0.893s] Level 1:colcon.colcon_core.package_identification:_identify(src/mujoco_menagerie/franka_fr3) by extensions ['ros']
[0.893s] Level 1:colcon.colcon_core.package_identification:_identify(src/mujoco_menagerie/franka_fr3) by extension 'ros'
[0.893s] Level 1:colcon.colcon_core.package_identification:_identify(src/mujoco_menagerie/franka_fr3) by extensions ['cmake', 'python']
[0.893s] Level 1:colcon.colcon_core.package_identification:_identify(src/mujoco_menagerie/franka_fr3) by extension 'cmake'
[0.893s] Level 1:colcon.colcon_core.package_identification:_identify(src/mujoco_menagerie/franka_fr3) by extension 'python'
[0.893s] Level 1:colcon.colcon_core.package_identification:_identify(src/mujoco_menagerie/franka_fr3) by extensions ['python_setup_py']
[0.893s] Level 1:colcon.colcon_core.package_identification:_identify(src/mujoco_menagerie/franka_fr3) by extension 'python_setup_py'
[0.893s] Level 1:colcon.colcon_core.package_identification:_identify(src/mujoco_menagerie/franka_fr3/assets) by extensions ['ignore', 'ignore_ament_install']
[0.893s] Level 1:colcon.colcon_core.package_identification:_identify(src/mujoco_menagerie/franka_fr3/assets) by extension 'ignore'
[0.893s] Level 1:colcon.colcon_core.package_identification:_identify(src/mujoco_menagerie/franka_fr3/assets) by extension 'ignore_ament_install'
[0.893s] Level 1:colcon.colcon_core.package_identification:_identify(src/mujoco_menagerie/franka_fr3/assets) by extensions ['colcon_pkg']
[0.893s] Level 1:colcon.colcon_core.package_identification:_identify(src/mujoco_menagerie/franka_fr3/assets) by extension 'colcon_pkg'
[0.893s] Level 1:colcon.colcon_core.package_identification:_identify(src/mujoco_menagerie/franka_fr3/assets) by extensions ['colcon_meta']
[0.894s] Level 1:colcon.colcon_core.package_identification:_identify(src/mujoco_menagerie/franka_fr3/assets) by extension 'colcon_meta'
[0.894s] Level 1:colcon.colcon_core.package_identification:_identify(src/mujoco_menagerie/franka_fr3/assets) by extensions ['ros']
[0.894s] Level 1:colcon.colcon_core.package_identification:_identify(src/mujoco_menagerie/franka_fr3/assets) by extension 'ros'
[0.894s] Level 1:colcon.colcon_core.package_identification:_identify(src/mujoco_menagerie/franka_fr3/assets) by extensions ['cmake', 'python']
[0.894s] Level 1:colcon.colcon_core.package_identification:_identify(src/mujoco_menagerie/franka_fr3/assets) by extension 'cmake'
[0.894s] Level 1:colcon.colcon_core.package_identification:_identify(src/mujoco_menagerie/franka_fr3/assets) by extension 'python'
[0.894s] Level 1:colcon.colcon_core.package_identification:_identify(src/mujoco_menagerie/franka_fr3/assets) by extensions ['python_setup_py']
[0.894s] Level 1:colcon.colcon_core.package_identification:_identify(src/mujoco_menagerie/franka_fr3/assets) by extension 'python_setup_py'
[0.895s] Level 1:colcon.colcon_core.package_identification:_identify(src/mujoco_menagerie/google_barkour_v0) by extensions ['ignore', 'ignore_ament_install']
[0.895s] Level 1:colcon.colcon_core.package_identification:_identify(src/mujoco_menagerie/google_barkour_v0) by extension 'ignore'
[0.895s] Level 1:colcon.colcon_core.package_identification:_identify(src/mujoco_menagerie/google_barkour_v0) by extension 'ignore_ament_install'
[0.895s] Level 1:colcon.colcon_core.package_identification:_identify(src/mujoco_menagerie/google_barkour_v0) by extensions ['colcon_pkg']
[0.895s] Level 1:colcon.colcon_core.package_identification:_identify(src/mujoco_menagerie/google_barkour_v0) by extension 'colcon_pkg'
[0.895s] Level 1:colcon.colcon_core.package_identification:_identify(src/mujoco_menagerie/google_barkour_v0) by extensions ['colcon_meta']
[0.895s] Level 1:colcon.colcon_core.package_identification:_identify(src/mujoco_menagerie/google_barkour_v0) by extension 'colcon_meta'
[0.895s] Level 1:colcon.colcon_core.package_identification:_identify(src/mujoco_menagerie/google_barkour_v0) by extensions ['ros']
[0.895s] Level 1:colcon.colcon_core.package_identification:_identify(src/mujoco_menagerie/google_barkour_v0) by extension 'ros'
[0.895s] Level 1:colcon.colcon_core.package_identification:_identify(src/mujoco_menagerie/google_barkour_v0) by extensions ['cmake', 'python']
[0.895s] Level 1:colcon.colcon_core.package_identification:_identify(src/mujoco_menagerie/google_barkour_v0) by extension 'cmake'
[0.895s] Level 1:colcon.colcon_core.package_identification:_identify(src/mujoco_menagerie/google_barkour_v0) by extension 'python'
[0.896s] Level 1:colcon.colcon_core.package_identification:_identify(src/mujoco_menagerie/google_barkour_v0) by extensions ['python_setup_py']
[0.896s] Level 1:colcon.colcon_core.package_identification:_identify(src/mujoco_menagerie/google_barkour_v0) by extension 'python_setup_py'
[0.896s] Level 1:colcon.colcon_core.package_identification:_identify(src/mujoco_menagerie/google_barkour_v0/assets) by extensions ['ignore', 'ignore_ament_install']
[0.896s] Level 1:colcon.colcon_core.package_identification:_identify(src/mujoco_menagerie/google_barkour_v0/assets) by extension 'ignore'
[0.896s] Level 1:colcon.colcon_core.package_identification:_identify(src/mujoco_menagerie/google_barkour_v0/assets) by extension 'ignore_ament_install'
[0.896s] Level 1:colcon.colcon_core.package_identification:_identify(src/mujoco_menagerie/google_barkour_v0/assets) by extensions ['colcon_pkg']
[0.896s] Level 1:colcon.colcon_core.package_identification:_identify(src/mujoco_menagerie/google_barkour_v0/assets) by extension 'colcon_pkg'
[0.896s] Level 1:colcon.colcon_core.package_identification:_identify(src/mujoco_menagerie/google_barkour_v0/assets) by extensions ['colcon_meta']
[0.896s] Level 1:colcon.colcon_core.package_identification:_identify(src/mujoco_menagerie/google_barkour_v0/assets) by extension 'colcon_meta'
[0.896s] Level 1:colcon.colcon_core.package_identification:_identify(src/mujoco_menagerie/google_barkour_v0/assets) by extensions ['ros']
[0.896s] Level 1:colcon.colcon_core.package_identification:_identify(src/mujoco_menagerie/google_barkour_v0/assets) by extension 'ros'
[0.897s] Level 1:colcon.colcon_core.package_identification:_identify(src/mujoco_menagerie/google_barkour_v0/assets) by extensions ['cmake', 'python']
[0.897s] Level 1:colcon.colcon_core.package_identification:_identify(src/mujoco_menagerie/google_barkour_v0/assets) by extension 'cmake'
[0.897s] Level 1:colcon.colcon_core.package_identification:_identify(src/mujoco_menagerie/google_barkour_v0/assets) by extension 'python'
[0.897s] Level 1:colcon.colcon_core.package_identification:_identify(src/mujoco_menagerie/google_barkour_v0/assets) by extensions ['python_setup_py']
[0.897s] Level 1:colcon.colcon_core.package_identification:_identify(src/mujoco_menagerie/google_barkour_v0/assets) by extension 'python_setup_py'
[0.897s] Level 1:colcon.colcon_core.package_identification:_identify(src/mujoco_menagerie/google_barkour_vb) by extensions ['ignore', 'ignore_ament_install']
[0.897s] Level 1:colcon.colcon_core.package_identification:_identify(src/mujoco_menagerie/google_barkour_vb) by extension 'ignore'
[0.897s] Level 1:colcon.colcon_core.package_identification:_identify(src/mujoco_menagerie/google_barkour_vb) by extension 'ignore_ament_install'
[0.897s] Level 1:colcon.colcon_core.package_identification:_identify(src/mujoco_menagerie/google_barkour_vb) by extensions ['colcon_pkg']
[0.898s] Level 1:colcon.colcon_core.package_identification:_identify(src/mujoco_menagerie/google_barkour_vb) by extension 'colcon_pkg'
[0.898s] Level 1:colcon.colcon_core.package_identification:_identify(src/mujoco_menagerie/google_barkour_vb) by extensions ['colcon_meta']
[0.898s] Level 1:colcon.colcon_core.package_identification:_identify(src/mujoco_menagerie/google_barkour_vb) by extension 'colcon_meta'
[0.898s] Level 1:colcon.colcon_core.package_identification:_identify(src/mujoco_menagerie/google_barkour_vb) by extensions ['ros']
[0.898s] Level 1:colcon.colcon_core.package_identification:_identify(src/mujoco_menagerie/google_barkour_vb) by extension 'ros'
[0.898s] Level 1:colcon.colcon_core.package_identification:_identify(src/mujoco_menagerie/google_barkour_vb) by extensions ['cmake', 'python']
[0.898s] Level 1:colcon.colcon_core.package_identification:_identify(src/mujoco_menagerie/google_barkour_vb) by extension 'cmake'
[0.898s] Level 1:colcon.colcon_core.package_identification:_identify(src/mujoco_menagerie/google_barkour_vb) by extension 'python'
[0.898s] Level 1:colcon.colcon_core.package_identification:_identify(src/mujoco_menagerie/google_barkour_vb) by extensions ['python_setup_py']
[0.898s] Level 1:colcon.colcon_core.package_identification:_identify(src/mujoco_menagerie/google_barkour_vb) by extension 'python_setup_py'
[0.898s] Level 1:colcon.colcon_core.package_identification:_identify(src/mujoco_menagerie/google_barkour_vb/assets) by extensions ['ignore', 'ignore_ament_install']
[0.899s] Level 1:colcon.colcon_core.package_identification:_identify(src/mujoco_menagerie/google_barkour_vb/assets) by extension 'ignore'
[0.899s] Level 1:colcon.colcon_core.package_identification:_identify(src/mujoco_menagerie/google_barkour_vb/assets) by extension 'ignore_ament_install'
[0.899s] Level 1:colcon.colcon_core.package_identification:_identify(src/mujoco_menagerie/google_barkour_vb/assets) by extensions ['colcon_pkg']
[0.899s] Level 1:colcon.colcon_core.package_identification:_identify(src/mujoco_menagerie/google_barkour_vb/assets) by extension 'colcon_pkg'
[0.899s] Level 1:colcon.colcon_core.package_identification:_identify(src/mujoco_menagerie/google_barkour_vb/assets) by extensions ['colcon_meta']
[0.899s] Level 1:colcon.colcon_core.package_identification:_identify(src/mujoco_menagerie/google_barkour_vb/assets) by extension 'colcon_meta'
[0.899s] Level 1:colcon.colcon_core.package_identification:_identify(src/mujoco_menagerie/google_barkour_vb/assets) by extensions ['ros']
[0.899s] Level 1:colcon.colcon_core.package_identification:_identify(src/mujoco_menagerie/google_barkour_vb/assets) by extension 'ros'
[0.899s] Level 1:colcon.colcon_core.package_identification:_identify(src/mujoco_menagerie/google_barkour_vb/assets) by extensions ['cmake', 'python']
[0.899s] Level 1:colcon.colcon_core.package_identification:_identify(src/mujoco_menagerie/google_barkour_vb/assets) by extension 'cmake'
[0.899s] Level 1:colcon.colcon_core.package_identification:_identify(src/mujoco_menagerie/google_barkour_vb/assets) by extension 'python'
[0.899s] Level 1:colcon.colcon_core.package_identification:_identify(src/mujoco_menagerie/google_barkour_vb/assets) by extensions ['python_setup_py']
[0.899s] Level 1:colcon.colcon_core.package_identification:_identify(src/mujoco_menagerie/google_barkour_vb/assets) by extension 'python_setup_py'
[0.899s] Level 1:colcon.colcon_core.package_identification:_identify(src/mujoco_menagerie/google_robot) by extensions ['ignore', 'ignore_ament_install']
[0.900s] Level 1:colcon.colcon_core.package_identification:_identify(src/mujoco_menagerie/google_robot) by extension 'ignore'
[0.900s] Level 1:colcon.colcon_core.package_identification:_identify(src/mujoco_menagerie/google_robot) by extension 'ignore_ament_install'
[0.900s] Level 1:colcon.colcon_core.package_identification:_identify(src/mujoco_menagerie/google_robot) by extensions ['colcon_pkg']
[0.900s] Level 1:colcon.colcon_core.package_identification:_identify(src/mujoco_menagerie/google_robot) by extension 'colcon_pkg'
[0.900s] Level 1:colcon.colcon_core.package_identification:_identify(src/mujoco_menagerie/google_robot) by extensions ['colcon_meta']
[0.900s] Level 1:colcon.colcon_core.package_identification:_identify(src/mujoco_menagerie/google_robot) by extension 'colcon_meta'
[0.900s] Level 1:colcon.colcon_core.package_identification:_identify(src/mujoco_menagerie/google_robot) by extensions ['ros']
[0.900s] Level 1:colcon.colcon_core.package_identification:_identify(src/mujoco_menagerie/google_robot) by extension 'ros'
[0.900s] Level 1:colcon.colcon_core.package_identification:_identify(src/mujoco_menagerie/google_robot) by extensions ['cmake', 'python']
[0.900s] Level 1:colcon.colcon_core.package_identification:_identify(src/mujoco_menagerie/google_robot) by extension 'cmake'
[0.900s] Level 1:colcon.colcon_core.package_identification:_identify(src/mujoco_menagerie/google_robot) by extension 'python'
[0.900s] Level 1:colcon.colcon_core.package_identification:_identify(src/mujoco_menagerie/google_robot) by extensions ['python_setup_py']
[0.900s] Level 1:colcon.colcon_core.package_identification:_identify(src/mujoco_menagerie/google_robot) by extension 'python_setup_py'
[0.900s] Level 1:colcon.colcon_core.package_identification:_identify(src/mujoco_menagerie/google_robot/assets) by extensions ['ignore', 'ignore_ament_install']
[0.901s] Level 1:colcon.colcon_core.package_identification:_identify(src/mujoco_menagerie/google_robot/assets) by extension 'ignore'
[0.901s] Level 1:colcon.colcon_core.package_identification:_identify(src/mujoco_menagerie/google_robot/assets) by extension 'ignore_ament_install'
[0.901s] Level 1:colcon.colcon_core.package_identification:_identify(src/mujoco_menagerie/google_robot/assets) by extensions ['colcon_pkg']
[0.901s] Level 1:colcon.colcon_core.package_identification:_identify(src/mujoco_menagerie/google_robot/assets) by extension 'colcon_pkg'
[0.901s] Level 1:colcon.colcon_core.package_identification:_identify(src/mujoco_menagerie/google_robot/assets) by extensions ['colcon_meta']
[0.901s] Level 1:colcon.colcon_core.package_identification:_identify(src/mujoco_menagerie/google_robot/assets) by extension 'colcon_meta'
[0.901s] Level 1:colcon.colcon_core.package_identification:_identify(src/mujoco_menagerie/google_robot/assets) by extensions ['ros']
[0.901s] Level 1:colcon.colcon_core.package_identification:_identify(src/mujoco_menagerie/google_robot/assets) by extension 'ros'
[0.901s] Level 1:colcon.colcon_core.package_identification:_identify(src/mujoco_menagerie/google_robot/assets) by extensions ['cmake', 'python']
[0.901s] Level 1:colcon.colcon_core.package_identification:_identify(src/mujoco_menagerie/google_robot/assets) by extension 'cmake'
[0.901s] Level 1:colcon.colcon_core.package_identification:_identify(src/mujoco_menagerie/google_robot/assets) by extension 'python'
[0.901s] Level 1:colcon.colcon_core.package_identification:_identify(src/mujoco_menagerie/google_robot/assets) by extensions ['python_setup_py']
[0.901s] Level 1:colcon.colcon_core.package_identification:_identify(src/mujoco_menagerie/google_robot/assets) by extension 'python_setup_py'
[0.901s] Level 1:colcon.colcon_core.package_identification:_identify(src/mujoco_menagerie/hello_robot_stretch) by extensions ['ignore', 'ignore_ament_install']
[0.902s] Level 1:colcon.colcon_core.package_identification:_identify(src/mujoco_menagerie/hello_robot_stretch) by extension 'ignore'
[0.902s] Level 1:colcon.colcon_core.package_identification:_identify(src/mujoco_menagerie/hello_robot_stretch) by extension 'ignore_ament_install'
[0.902s] Level 1:colcon.colcon_core.package_identification:_identify(src/mujoco_menagerie/hello_robot_stretch) by extensions ['colcon_pkg']
[0.902s] Level 1:colcon.colcon_core.package_identification:_identify(src/mujoco_menagerie/hello_robot_stretch) by extension 'colcon_pkg'
[0.902s] Level 1:colcon.colcon_core.package_identification:_identify(src/mujoco_menagerie/hello_robot_stretch) by extensions ['colcon_meta']
[0.902s] Level 1:colcon.colcon_core.package_identification:_identify(src/mujoco_menagerie/hello_robot_stretch) by extension 'colcon_meta'
[0.902s] Level 1:colcon.colcon_core.package_identification:_identify(src/mujoco_menagerie/hello_robot_stretch) by extensions ['ros']
[0.902s] Level 1:colcon.colcon_core.package_identification:_identify(src/mujoco_menagerie/hello_robot_stretch) by extension 'ros'
[0.902s] Level 1:colcon.colcon_core.package_identification:_identify(src/mujoco_menagerie/hello_robot_stretch) by extensions ['cmake', 'python']
[0.902s] Level 1:colcon.colcon_core.package_identification:_identify(src/mujoco_menagerie/hello_robot_stretch) by extension 'cmake'
[0.902s] Level 1:colcon.colcon_core.package_identification:_identify(src/mujoco_menagerie/hello_robot_stretch) by extension 'python'
[0.902s] Level 1:colcon.colcon_core.package_identification:_identify(src/mujoco_menagerie/hello_robot_stretch) by extensions ['python_setup_py']
[0.902s] Level 1:colcon.colcon_core.package_identification:_identify(src/mujoco_menagerie/hello_robot_stretch) by extension 'python_setup_py'
[0.903s] Level 1:colcon.colcon_core.package_identification:_identify(src/mujoco_menagerie/hello_robot_stretch/assets) by extensions ['ignore', 'ignore_ament_install']
[0.903s] Level 1:colcon.colcon_core.package_identification:_identify(src/mujoco_menagerie/hello_robot_stretch/assets) by extension 'ignore'
[0.903s] Level 1:colcon.colcon_core.package_identification:_identify(src/mujoco_menagerie/hello_robot_stretch/assets) by extension 'ignore_ament_install'
[0.903s] Level 1:colcon.colcon_core.package_identification:_identify(src/mujoco_menagerie/hello_robot_stretch/assets) by extensions ['colcon_pkg']
[0.903s] Level 1:colcon.colcon_core.package_identification:_identify(src/mujoco_menagerie/hello_robot_stretch/assets) by extension 'colcon_pkg'
[0.903s] Level 1:colcon.colcon_core.package_identification:_identify(src/mujoco_menagerie/hello_robot_stretch/assets) by extensions ['colcon_meta']
[0.903s] Level 1:colcon.colcon_core.package_identification:_identify(src/mujoco_menagerie/hello_robot_stretch/assets) by extension 'colcon_meta'
[0.903s] Level 1:colcon.colcon_core.package_identification:_identify(src/mujoco_menagerie/hello_robot_stretch/assets) by extensions ['ros']
[0.903s] Level 1:colcon.colcon_core.package_identification:_identify(src/mujoco_menagerie/hello_robot_stretch/assets) by extension 'ros'
[0.903s] Level 1:colcon.colcon_core.package_identification:_identify(src/mujoco_menagerie/hello_robot_stretch/assets) by extensions ['cmake', 'python']
[0.903s] Level 1:colcon.colcon_core.package_identification:_identify(src/mujoco_menagerie/hello_robot_stretch/assets) by extension 'cmake'
[0.903s] Level 1:colcon.colcon_core.package_identification:_identify(src/mujoco_menagerie/hello_robot_stretch/assets) by extension 'python'
[0.904s] Level 1:colcon.colcon_core.package_identification:_identify(src/mujoco_menagerie/hello_robot_stretch/assets) by extensions ['python_setup_py']
[0.904s] Level 1:colcon.colcon_core.package_identification:_identify(src/mujoco_menagerie/hello_robot_stretch/assets) by extension 'python_setup_py'
[0.904s] Level 1:colcon.colcon_core.package_identification:_identify(src/mujoco_menagerie/hello_robot_stretch_3) by extensions ['ignore', 'ignore_ament_install']
[0.904s] Level 1:colcon.colcon_core.package_identification:_identify(src/mujoco_menagerie/hello_robot_stretch_3) by extension 'ignore'
[0.904s] Level 1:colcon.colcon_core.package_identification:_identify(src/mujoco_menagerie/hello_robot_stretch_3) by extension 'ignore_ament_install'
[0.904s] Level 1:colcon.colcon_core.package_identification:_identify(src/mujoco_menagerie/hello_robot_stretch_3) by extensions ['colcon_pkg']
[0.904s] Level 1:colcon.colcon_core.package_identification:_identify(src/mujoco_menagerie/hello_robot_stretch_3) by extension 'colcon_pkg'
[0.904s] Level 1:colcon.colcon_core.package_identification:_identify(src/mujoco_menagerie/hello_robot_stretch_3) by extensions ['colcon_meta']
[0.904s] Level 1:colcon.colcon_core.package_identification:_identify(src/mujoco_menagerie/hello_robot_stretch_3) by extension 'colcon_meta'
[0.904s] Level 1:colcon.colcon_core.package_identification:_identify(src/mujoco_menagerie/hello_robot_stretch_3) by extensions ['ros']
[0.904s] Level 1:colcon.colcon_core.package_identification:_identify(src/mujoco_menagerie/hello_robot_stretch_3) by extension 'ros'
[0.904s] Level 1:colcon.colcon_core.package_identification:_identify(src/mujoco_menagerie/hello_robot_stretch_3) by extensions ['cmake', 'python']
[0.904s] Level 1:colcon.colcon_core.package_identification:_identify(src/mujoco_menagerie/hello_robot_stretch_3) by extension 'cmake'
[0.904s] Level 1:colcon.colcon_core.package_identification:_identify(src/mujoco_menagerie/hello_robot_stretch_3) by extension 'python'
[0.904s] Level 1:colcon.colcon_core.package_identification:_identify(src/mujoco_menagerie/hello_robot_stretch_3) by extensions ['python_setup_py']
[0.904s] Level 1:colcon.colcon_core.package_identification:_identify(src/mujoco_menagerie/hello_robot_stretch_3) by extension 'python_setup_py'
[0.905s] Level 1:colcon.colcon_core.package_identification:_identify(src/mujoco_menagerie/hello_robot_stretch_3/assets) by extensions ['ignore', 'ignore_ament_install']
[0.905s] Level 1:colcon.colcon_core.package_identification:_identify(src/mujoco_menagerie/hello_robot_stretch_3/assets) by extension 'ignore'
[0.905s] Level 1:colcon.colcon_core.package_identification:_identify(src/mujoco_menagerie/hello_robot_stretch_3/assets) by extension 'ignore_ament_install'
[0.905s] Level 1:colcon.colcon_core.package_identification:_identify(src/mujoco_menagerie/hello_robot_stretch_3/assets) by extensions ['colcon_pkg']
[0.905s] Level 1:colcon.colcon_core.package_identification:_identify(src/mujoco_menagerie/hello_robot_stretch_3/assets) by extension 'colcon_pkg'
[0.905s] Level 1:colcon.colcon_core.package_identification:_identify(src/mujoco_menagerie/hello_robot_stretch_3/assets) by extensions ['colcon_meta']
[0.905s] Level 1:colcon.colcon_core.package_identification:_identify(src/mujoco_menagerie/hello_robot_stretch_3/assets) by extension 'colcon_meta'
[0.905s] Level 1:colcon.colcon_core.package_identification:_identify(src/mujoco_menagerie/hello_robot_stretch_3/assets) by extensions ['ros']
[0.905s] Level 1:colcon.colcon_core.package_identification:_identify(src/mujoco_menagerie/hello_robot_stretch_3/assets) by extension 'ros'
[0.905s] Level 1:colcon.colcon_core.package_identification:_identify(src/mujoco_menagerie/hello_robot_stretch_3/assets) by extensions ['cmake', 'python']
[0.905s] Level 1:colcon.colcon_core.package_identification:_identify(src/mujoco_menagerie/hello_robot_stretch_3/assets) by extension 'cmake'
[0.905s] Level 1:colcon.colcon_core.package_identification:_identify(src/mujoco_menagerie/hello_robot_stretch_3/assets) by extension 'python'
[0.905s] Level 1:colcon.colcon_core.package_identification:_identify(src/mujoco_menagerie/hello_robot_stretch_3/assets) by extensions ['python_setup_py']
[0.905s] Level 1:colcon.colcon_core.package_identification:_identify(src/mujoco_menagerie/hello_robot_stretch_3/assets) by extension 'python_setup_py'
[0.905s] Level 1:colcon.colcon_core.package_identification:_identify(src/mujoco_menagerie/i2rt_yam) by extensions ['ignore', 'ignore_ament_install']
[0.906s] Level 1:colcon.colcon_core.package_identification:_identify(src/mujoco_menagerie/i2rt_yam) by extension 'ignore'
[0.906s] Level 1:colcon.colcon_core.package_identification:_identify(src/mujoco_menagerie/i2rt_yam) by extension 'ignore_ament_install'
[0.906s] Level 1:colcon.colcon_core.package_identification:_identify(src/mujoco_menagerie/i2rt_yam) by extensions ['colcon_pkg']
[0.906s] Level 1:colcon.colcon_core.package_identification:_identify(src/mujoco_menagerie/i2rt_yam) by extension 'colcon_pkg'
[0.906s] Level 1:colcon.colcon_core.package_identification:_identify(src/mujoco_menagerie/i2rt_yam) by extensions ['colcon_meta']
[0.906s] Level 1:colcon.colcon_core.package_identification:_identify(src/mujoco_menagerie/i2rt_yam) by extension 'colcon_meta'
[0.906s] Level 1:colcon.colcon_core.package_identification:_identify(src/mujoco_menagerie/i2rt_yam) by extensions ['ros']
[0.906s] Level 1:colcon.colcon_core.package_identification:_identify(src/mujoco_menagerie/i2rt_yam) by extension 'ros'
[0.906s] Level 1:colcon.colcon_core.package_identification:_identify(src/mujoco_menagerie/i2rt_yam) by extensions ['cmake', 'python']
[0.906s] Level 1:colcon.colcon_core.package_identification:_identify(src/mujoco_menagerie/i2rt_yam) by extension 'cmake'
[0.906s] Level 1:colcon.colcon_core.package_identification:_identify(src/mujoco_menagerie/i2rt_yam) by extension 'python'
[0.906s] Level 1:colcon.colcon_core.package_identification:_identify(src/mujoco_menagerie/i2rt_yam) by extensions ['python_setup_py']
[0.906s] Level 1:colcon.colcon_core.package_identification:_identify(src/mujoco_menagerie/i2rt_yam) by extension 'python_setup_py'
[0.906s] Level 1:colcon.colcon_core.package_identification:_identify(src/mujoco_menagerie/i2rt_yam/assets) by extensions ['ignore', 'ignore_ament_install']
[0.907s] Level 1:colcon.colcon_core.package_identification:_identify(src/mujoco_menagerie/i2rt_yam/assets) by extension 'ignore'
[0.907s] Level 1:colcon.colcon_core.package_identification:_identify(src/mujoco_menagerie/i2rt_yam/assets) by extension 'ignore_ament_install'
[0.907s] Level 1:colcon.colcon_core.package_identification:_identify(src/mujoco_menagerie/i2rt_yam/assets) by extensions ['colcon_pkg']
[0.907s] Level 1:colcon.colcon_core.package_identification:_identify(src/mujoco_menagerie/i2rt_yam/assets) by extension 'colcon_pkg'
[0.907s] Level 1:colcon.colcon_core.package_identification:_identify(src/mujoco_menagerie/i2rt_yam/assets) by extensions ['colcon_meta']
[0.907s] Level 1:colcon.colcon_core.package_identification:_identify(src/mujoco_menagerie/i2rt_yam/assets) by extension 'colcon_meta'
[0.907s] Level 1:colcon.colcon_core.package_identification:_identify(src/mujoco_menagerie/i2rt_yam/assets) by extensions ['ros']
[0.907s] Level 1:colcon.colcon_core.package_identification:_identify(src/mujoco_menagerie/i2rt_yam/assets) by extension 'ros'
[0.907s] Level 1:colcon.colcon_core.package_identification:_identify(src/mujoco_menagerie/i2rt_yam/assets) by extensions ['cmake', 'python']
[0.907s] Level 1:colcon.colcon_core.package_identification:_identify(src/mujoco_menagerie/i2rt_yam/assets) by extension 'cmake'
[0.907s] Level 1:colcon.colcon_core.package_identification:_identify(src/mujoco_menagerie/i2rt_yam/assets) by extension 'python'
[0.907s] Level 1:colcon.colcon_core.package_identification:_identify(src/mujoco_menagerie/i2rt_yam/assets) by extensions ['python_setup_py']
[0.907s] Level 1:colcon.colcon_core.package_identification:_identify(src/mujoco_menagerie/i2rt_yam/assets) by extension 'python_setup_py'
[0.907s] Level 1:colcon.colcon_core.package_identification:_identify(src/mujoco_menagerie/iit_softfoot) by extensions ['ignore', 'ignore_ament_install']
[0.907s] Level 1:colcon.colcon_core.package_identification:_identify(src/mujoco_menagerie/iit_softfoot) by extension 'ignore'
[0.907s] Level 1:colcon.colcon_core.package_identification:_identify(src/mujoco_menagerie/iit_softfoot) by extension 'ignore_ament_install'
[0.907s] Level 1:colcon.colcon_core.package_identification:_identify(src/mujoco_menagerie/iit_softfoot) by extensions ['colcon_pkg']
[0.908s] Level 1:colcon.colcon_core.package_identification:_identify(src/mujoco_menagerie/iit_softfoot) by extension 'colcon_pkg'
[0.908s] Level 1:colcon.colcon_core.package_identification:_identify(src/mujoco_menagerie/iit_softfoot) by extensions ['colcon_meta']
[0.908s] Level 1:colcon.colcon_core.package_identification:_identify(src/mujoco_menagerie/iit_softfoot) by extension 'colcon_meta'
[0.908s] Level 1:colcon.colcon_core.package_identification:_identify(src/mujoco_menagerie/iit_softfoot) by extensions ['ros']
[0.908s] Level 1:colcon.colcon_core.package_identification:_identify(src/mujoco_menagerie/iit_softfoot) by extension 'ros'
[0.908s] Level 1:colcon.colcon_core.package_identification:_identify(src/mujoco_menagerie/iit_softfoot) by extensions ['cmake', 'python']
[0.908s] Level 1:colcon.colcon_core.package_identification:_identify(src/mujoco_menagerie/iit_softfoot) by extension 'cmake'
[0.908s] Level 1:colcon.colcon_core.package_identification:_identify(src/mujoco_menagerie/iit_softfoot) by extension 'python'
[0.908s] Level 1:colcon.colcon_core.package_identification:_identify(src/mujoco_menagerie/iit_softfoot) by extensions ['python_setup_py']
[0.908s] Level 1:colcon.colcon_core.package_identification:_identify(src/mujoco_menagerie/iit_softfoot) by extension 'python_setup_py'
[0.908s] Level 1:colcon.colcon_core.package_identification:_identify(src/mujoco_menagerie/iit_softfoot/meshes) by extensions ['ignore', 'ignore_ament_install']
[0.908s] Level 1:colcon.colcon_core.package_identification:_identify(src/mujoco_menagerie/iit_softfoot/meshes) by extension 'ignore'
[0.908s] Level 1:colcon.colcon_core.package_identification:_identify(src/mujoco_menagerie/iit_softfoot/meshes) by extension 'ignore_ament_install'
[0.908s] Level 1:colcon.colcon_core.package_identification:_identify(src/mujoco_menagerie/iit_softfoot/meshes) by extensions ['colcon_pkg']
[0.908s] Level 1:colcon.colcon_core.package_identification:_identify(src/mujoco_menagerie/iit_softfoot/meshes) by extension 'colcon_pkg'
[0.908s] Level 1:colcon.colcon_core.package_identification:_identify(src/mujoco_menagerie/iit_softfoot/meshes) by extensions ['colcon_meta']
[0.908s] Level 1:colcon.colcon_core.package_identification:_identify(src/mujoco_menagerie/iit_softfoot/meshes) by extension 'colcon_meta'
[0.909s] Level 1:colcon.colcon_core.package_identification:_identify(src/mujoco_menagerie/iit_softfoot/meshes) by extensions ['ros']
[0.909s] Level 1:colcon.colcon_core.package_identification:_identify(src/mujoco_menagerie/iit_softfoot/meshes) by extension 'ros'
[0.909s] Level 1:colcon.colcon_core.package_identification:_identify(src/mujoco_menagerie/iit_softfoot/meshes) by extensions ['cmake', 'python']
[0.909s] Level 1:colcon.colcon_core.package_identification:_identify(src/mujoco_menagerie/iit_softfoot/meshes) by extension 'cmake'
[0.909s] Level 1:colcon.colcon_core.package_identification:_identify(src/mujoco_menagerie/iit_softfoot/meshes) by extension 'python'
[0.909s] Level 1:colcon.colcon_core.package_identification:_identify(src/mujoco_menagerie/iit_softfoot/meshes) by extensions ['python_setup_py']
[0.909s] Level 1:colcon.colcon_core.package_identification:_identify(src/mujoco_menagerie/iit_softfoot/meshes) by extension 'python_setup_py'
[0.909s] Level 1:colcon.colcon_core.package_identification:_identify(src/mujoco_menagerie/kinova_gen3) by extensions ['ignore', 'ignore_ament_install']
[0.909s] Level 1:colcon.colcon_core.package_identification:_identify(src/mujoco_menagerie/kinova_gen3) by extension 'ignore'
[0.909s] Level 1:colcon.colcon_core.package_identification:_identify(src/mujoco_menagerie/kinova_gen3) by extension 'ignore_ament_install'
[0.909s] Level 1:colcon.colcon_core.package_identification:_identify(src/mujoco_menagerie/kinova_gen3) by extensions ['colcon_pkg']
[0.909s] Level 1:colcon.colcon_core.package_identification:_identify(src/mujoco_menagerie/kinova_gen3) by extension 'colcon_pkg'
[0.909s] Level 1:colcon.colcon_core.package_identification:_identify(src/mujoco_menagerie/kinova_gen3) by extensions ['colcon_meta']
[0.909s] Level 1:colcon.colcon_core.package_identification:_identify(src/mujoco_menagerie/kinova_gen3) by extension 'colcon_meta'
[0.909s] Level 1:colcon.colcon_core.package_identification:_identify(src/mujoco_menagerie/kinova_gen3) by extensions ['ros']
[0.909s] Level 1:colcon.colcon_core.package_identification:_identify(src/mujoco_menagerie/kinova_gen3) by extension 'ros'
[0.909s] Level 1:colcon.colcon_core.package_identification:_identify(src/mujoco_menagerie/kinova_gen3) by extensions ['cmake', 'python']
[0.910s] Level 1:colcon.colcon_core.package_identification:_identify(src/mujoco_menagerie/kinova_gen3) by extension 'cmake'
[0.910s] Level 1:colcon.colcon_core.package_identification:_identify(src/mujoco_menagerie/kinova_gen3) by extension 'python'
[0.910s] Level 1:colcon.colcon_core.package_identification:_identify(src/mujoco_menagerie/kinova_gen3) by extensions ['python_setup_py']
[0.910s] Level 1:colcon.colcon_core.package_identification:_identify(src/mujoco_menagerie/kinova_gen3) by extension 'python_setup_py'
[0.910s] Level 1:colcon.colcon_core.package_identification:_identify(src/mujoco_menagerie/kinova_gen3/assets) by extensions ['ignore', 'ignore_ament_install']
[0.910s] Level 1:colcon.colcon_core.package_identification:_identify(src/mujoco_menagerie/kinova_gen3/assets) by extension 'ignore'
[0.910s] Level 1:colcon.colcon_core.package_identification:_identify(src/mujoco_menagerie/kinova_gen3/assets) by extension 'ignore_ament_install'
[0.910s] Level 1:colcon.colcon_core.package_identification:_identify(src/mujoco_menagerie/kinova_gen3/assets) by extensions ['colcon_pkg']
[0.910s] Level 1:colcon.colcon_core.package_identification:_identify(src/mujoco_menagerie/kinova_gen3/assets) by extension 'colcon_pkg'
[0.910s] Level 1:colcon.colcon_core.package_identification:_identify(src/mujoco_menagerie/kinova_gen3/assets) by extensions ['colcon_meta']
[0.910s] Level 1:colcon.colcon_core.package_identification:_identify(src/mujoco_menagerie/kinova_gen3/assets) by extension 'colcon_meta'
[0.910s] Level 1:colcon.colcon_core.package_identification:_identify(src/mujoco_menagerie/kinova_gen3/assets) by extensions ['ros']
[0.910s] Level 1:colcon.colcon_core.package_identification:_identify(src/mujoco_menagerie/kinova_gen3/assets) by extension 'ros'
[0.910s] Level 1:colcon.colcon_core.package_identification:_identify(src/mujoco_menagerie/kinova_gen3/assets) by extensions ['cmake', 'python']
[0.910s] Level 1:colcon.colcon_core.package_identification:_identify(src/mujoco_menagerie/kinova_gen3/assets) by extension 'cmake'
[0.910s] Level 1:colcon.colcon_core.package_identification:_identify(src/mujoco_menagerie/kinova_gen3/assets) by extension 'python'
[0.910s] Level 1:colcon.colcon_core.package_identification:_identify(src/mujoco_menagerie/kinova_gen3/assets) by extensions ['python_setup_py']
[0.911s] Level 1:colcon.colcon_core.package_identification:_identify(src/mujoco_menagerie/kinova_gen3/assets) by extension 'python_setup_py'
[0.911s] Level 1:colcon.colcon_core.package_identification:_identify(src/mujoco_menagerie/kuka_iiwa_14) by extensions ['ignore', 'ignore_ament_install']
[0.911s] Level 1:colcon.colcon_core.package_identification:_identify(src/mujoco_menagerie/kuka_iiwa_14) by extension 'ignore'
[0.911s] Level 1:colcon.colcon_core.package_identification:_identify(src/mujoco_menagerie/kuka_iiwa_14) by extension 'ignore_ament_install'
[0.911s] Level 1:colcon.colcon_core.package_identification:_identify(src/mujoco_menagerie/kuka_iiwa_14) by extensions ['colcon_pkg']
[0.911s] Level 1:colcon.colcon_core.package_identification:_identify(src/mujoco_menagerie/kuka_iiwa_14) by extension 'colcon_pkg'
[0.911s] Level 1:colcon.colcon_core.package_identification:_identify(src/mujoco_menagerie/kuka_iiwa_14) by extensions ['colcon_meta']
[0.911s] Level 1:colcon.colcon_core.package_identification:_identify(src/mujoco_menagerie/kuka_iiwa_14) by extension 'colcon_meta'
[0.911s] Level 1:colcon.colcon_core.package_identification:_identify(src/mujoco_menagerie/kuka_iiwa_14) by extensions ['ros']
[0.911s] Level 1:colcon.colcon_core.package_identification:_identify(src/mujoco_menagerie/kuka_iiwa_14) by extension 'ros'
[0.911s] Level 1:colcon.colcon_core.package_identification:_identify(src/mujoco_menagerie/kuka_iiwa_14) by extensions ['cmake', 'python']
[0.911s] Level 1:colcon.colcon_core.package_identification:_identify(src/mujoco_menagerie/kuka_iiwa_14) by extension 'cmake'
[0.911s] Level 1:colcon.colcon_core.package_identification:_identify(src/mujoco_menagerie/kuka_iiwa_14) by extension 'python'
[0.911s] Level 1:colcon.colcon_core.package_identification:_identify(src/mujoco_menagerie/kuka_iiwa_14) by extensions ['python_setup_py']
[0.911s] Level 1:colcon.colcon_core.package_identification:_identify(src/mujoco_menagerie/kuka_iiwa_14) by extension 'python_setup_py'
[0.912s] Level 1:colcon.colcon_core.package_identification:_identify(src/mujoco_menagerie/kuka_iiwa_14/assets) by extensions ['ignore', 'ignore_ament_install']
[0.912s] Level 1:colcon.colcon_core.package_identification:_identify(src/mujoco_menagerie/kuka_iiwa_14/assets) by extension 'ignore'
[0.912s] Level 1:colcon.colcon_core.package_identification:_identify(src/mujoco_menagerie/kuka_iiwa_14/assets) by extension 'ignore_ament_install'
[0.912s] Level 1:colcon.colcon_core.package_identification:_identify(src/mujoco_menagerie/kuka_iiwa_14/assets) by extensions ['colcon_pkg']
[0.912s] Level 1:colcon.colcon_core.package_identification:_identify(src/mujoco_menagerie/kuka_iiwa_14/assets) by extension 'colcon_pkg'
[0.912s] Level 1:colcon.colcon_core.package_identification:_identify(src/mujoco_menagerie/kuka_iiwa_14/assets) by extensions ['colcon_meta']
[0.912s] Level 1:colcon.colcon_core.package_identification:_identify(src/mujoco_menagerie/kuka_iiwa_14/assets) by extension 'colcon_meta'
[0.912s] Level 1:colcon.colcon_core.package_identification:_identify(src/mujoco_menagerie/kuka_iiwa_14/assets) by extensions ['ros']
[0.912s] Level 1:colcon.colcon_core.package_identification:_identify(src/mujoco_menagerie/kuka_iiwa_14/assets) by extension 'ros'
[0.912s] Level 1:colcon.colcon_core.package_identification:_identify(src/mujoco_menagerie/kuka_iiwa_14/assets) by extensions ['cmake', 'python']
[0.912s] Level 1:colcon.colcon_core.package_identification:_identify(src/mujoco_menagerie/kuka_iiwa_14/assets) by extension 'cmake'
[0.912s] Level 1:colcon.colcon_core.package_identification:_identify(src/mujoco_menagerie/kuka_iiwa_14/assets) by extension 'python'
[0.912s] Level 1:colcon.colcon_core.package_identification:_identify(src/mujoco_menagerie/kuka_iiwa_14/assets) by extensions ['python_setup_py']
[0.912s] Level 1:colcon.colcon_core.package_identification:_identify(src/mujoco_menagerie/kuka_iiwa_14/assets) by extension 'python_setup_py'
[0.912s] Level 1:colcon.colcon_core.package_identification:_identify(src/mujoco_menagerie/leap_hand) by extensions ['ignore', 'ignore_ament_install']
[0.913s] Level 1:colcon.colcon_core.package_identification:_identify(src/mujoco_menagerie/leap_hand) by extension 'ignore'
[0.913s] Level 1:colcon.colcon_core.package_identification:_identify(src/mujoco_menagerie/leap_hand) by extension 'ignore_ament_install'
[0.913s] Level 1:colcon.colcon_core.package_identification:_identify(src/mujoco_menagerie/leap_hand) by extensions ['colcon_pkg']
[0.913s] Level 1:colcon.colcon_core.package_identification:_identify(src/mujoco_menagerie/leap_hand) by extension 'colcon_pkg'
[0.913s] Level 1:colcon.colcon_core.package_identification:_identify(src/mujoco_menagerie/leap_hand) by extensions ['colcon_meta']
[0.913s] Level 1:colcon.colcon_core.package_identification:_identify(src/mujoco_menagerie/leap_hand) by extension 'colcon_meta'
[0.913s] Level 1:colcon.colcon_core.package_identification:_identify(src/mujoco_menagerie/leap_hand) by extensions ['ros']
[0.913s] Level 1:colcon.colcon_core.package_identification:_identify(src/mujoco_menagerie/leap_hand) by extension 'ros'
[0.913s] Level 1:colcon.colcon_core.package_identification:_identify(src/mujoco_menagerie/leap_hand) by extensions ['cmake', 'python']
[0.913s] Level 1:colcon.colcon_core.package_identification:_identify(src/mujoco_menagerie/leap_hand) by extension 'cmake'
[0.913s] Level 1:colcon.colcon_core.package_identification:_identify(src/mujoco_menagerie/leap_hand) by extension 'python'
[0.913s] Level 1:colcon.colcon_core.package_identification:_identify(src/mujoco_menagerie/leap_hand) by extensions ['python_setup_py']
[0.913s] Level 1:colcon.colcon_core.package_identification:_identify(src/mujoco_menagerie/leap_hand) by extension 'python_setup_py'
[0.913s] Level 1:colcon.colcon_core.package_identification:_identify(src/mujoco_menagerie/leap_hand/assets) by extensions ['ignore', 'ignore_ament_install']
[0.915s] Level 1:colcon.colcon_core.package_identification:_identify(src/mujoco_menagerie/leap_hand/assets) by extension 'ignore'
[0.916s] Level 1:colcon.colcon_core.package_identification:_identify(src/mujoco_menagerie/leap_hand/assets) by extension 'ignore_ament_install'
[0.916s] Level 1:colcon.colcon_core.package_identification:_identify(src/mujoco_menagerie/leap_hand/assets) by extensions ['colcon_pkg']
[0.916s] Level 1:colcon.colcon_core.package_identification:_identify(src/mujoco_menagerie/leap_hand/assets) by extension 'colcon_pkg'
[0.916s] Level 1:colcon.colcon_core.package_identification:_identify(src/mujoco_menagerie/leap_hand/assets) by extensions ['colcon_meta']
[0.916s] Level 1:colcon.colcon_core.package_identification:_identify(src/mujoco_menagerie/leap_hand/assets) by extension 'colcon_meta'
[0.916s] Level 1:colcon.colcon_core.package_identification:_identify(src/mujoco_menagerie/leap_hand/assets) by extensions ['ros']
[0.916s] Level 1:colcon.colcon_core.package_identification:_identify(src/mujoco_menagerie/leap_hand/assets) by extension 'ros'
[0.916s] Level 1:colcon.colcon_core.package_identification:_identify(src/mujoco_menagerie/leap_hand/assets) by extensions ['cmake', 'python']
[0.916s] Level 1:colcon.colcon_core.package_identification:_identify(src/mujoco_menagerie/leap_hand/assets) by extension 'cmake'
[0.916s] Level 1:colcon.colcon_core.package_identification:_identify(src/mujoco_menagerie/leap_hand/assets) by extension 'python'
[0.916s] Level 1:colcon.colcon_core.package_identification:_identify(src/mujoco_menagerie/leap_hand/assets) by extensions ['python_setup_py']
[0.916s] Level 1:colcon.colcon_core.package_identification:_identify(src/mujoco_menagerie/leap_hand/assets) by extension 'python_setup_py'
[0.916s] Level 1:colcon.colcon_core.package_identification:_identify(src/mujoco_menagerie/low_cost_robot_arm) by extensions ['ignore', 'ignore_ament_install']
[0.916s] Level 1:colcon.colcon_core.package_identification:_identify(src/mujoco_menagerie/low_cost_robot_arm) by extension 'ignore'
[0.916s] Level 1:colcon.colcon_core.package_identification:_identify(src/mujoco_menagerie/low_cost_robot_arm) by extension 'ignore_ament_install'
[0.917s] Level 1:colcon.colcon_core.package_identification:_identify(src/mujoco_menagerie/low_cost_robot_arm) by extensions ['colcon_pkg']
[0.917s] Level 1:colcon.colcon_core.package_identification:_identify(src/mujoco_menagerie/low_cost_robot_arm) by extension 'colcon_pkg'
[0.917s] Level 1:colcon.colcon_core.package_identification:_identify(src/mujoco_menagerie/low_cost_robot_arm) by extensions ['colcon_meta']
[0.917s] Level 1:colcon.colcon_core.package_identification:_identify(src/mujoco_menagerie/low_cost_robot_arm) by extension 'colcon_meta'
[0.917s] Level 1:colcon.colcon_core.package_identification:_identify(src/mujoco_menagerie/low_cost_robot_arm) by extensions ['ros']
[0.917s] Level 1:colcon.colcon_core.package_identification:_identify(src/mujoco_menagerie/low_cost_robot_arm) by extension 'ros'
[0.917s] Level 1:colcon.colcon_core.package_identification:_identify(src/mujoco_menagerie/low_cost_robot_arm) by extensions ['cmake', 'python']
[0.917s] Level 1:colcon.colcon_core.package_identification:_identify(src/mujoco_menagerie/low_cost_robot_arm) by extension 'cmake'
[0.917s] Level 1:colcon.colcon_core.package_identification:_identify(src/mujoco_menagerie/low_cost_robot_arm) by extension 'python'
[0.917s] Level 1:colcon.colcon_core.package_identification:_identify(src/mujoco_menagerie/low_cost_robot_arm) by extensions ['python_setup_py']
[0.917s] Level 1:colcon.colcon_core.package_identification:_identify(src/mujoco_menagerie/low_cost_robot_arm) by extension 'python_setup_py'
[0.917s] Level 1:colcon.colcon_core.package_identification:_identify(src/mujoco_menagerie/low_cost_robot_arm/assets) by extensions ['ignore', 'ignore_ament_install']
[0.917s] Level 1:colcon.colcon_core.package_identification:_identify(src/mujoco_menagerie/low_cost_robot_arm/assets) by extension 'ignore'
[0.917s] Level 1:colcon.colcon_core.package_identification:_identify(src/mujoco_menagerie/low_cost_robot_arm/assets) by extension 'ignore_ament_install'
[0.917s] Level 1:colcon.colcon_core.package_identification:_identify(src/mujoco_menagerie/low_cost_robot_arm/assets) by extensions ['colcon_pkg']
[0.917s] Level 1:colcon.colcon_core.package_identification:_identify(src/mujoco_menagerie/low_cost_robot_arm/assets) by extension 'colcon_pkg'
[0.917s] Level 1:colcon.colcon_core.package_identification:_identify(src/mujoco_menagerie/low_cost_robot_arm/assets) by extensions ['colcon_meta']
[0.918s] Level 1:colcon.colcon_core.package_identification:_identify(src/mujoco_menagerie/low_cost_robot_arm/assets) by extension 'colcon_meta'
[0.918s] Level 1:colcon.colcon_core.package_identification:_identify(src/mujoco_menagerie/low_cost_robot_arm/assets) by extensions ['ros']
[0.918s] Level 1:colcon.colcon_core.package_identification:_identify(src/mujoco_menagerie/low_cost_robot_arm/assets) by extension 'ros'
[0.918s] Level 1:colcon.colcon_core.package_identification:_identify(src/mujoco_menagerie/low_cost_robot_arm/assets) by extensions ['cmake', 'python']
[0.918s] Level 1:colcon.colcon_core.package_identification:_identify(src/mujoco_menagerie/low_cost_robot_arm/assets) by extension 'cmake'
[0.918s] Level 1:colcon.colcon_core.package_identification:_identify(src/mujoco_menagerie/low_cost_robot_arm/assets) by extension 'python'
[0.918s] Level 1:colcon.colcon_core.package_identification:_identify(src/mujoco_menagerie/low_cost_robot_arm/assets) by extensions ['python_setup_py']
[0.918s] Level 1:colcon.colcon_core.package_identification:_identify(src/mujoco_menagerie/low_cost_robot_arm/assets) by extension 'python_setup_py'
[0.918s] Level 1:colcon.colcon_core.package_identification:_identify(src/mujoco_menagerie/pal_talos) by extensions ['ignore', 'ignore_ament_install']
[0.918s] Level 1:colcon.colcon_core.package_identification:_identify(src/mujoco_menagerie/pal_talos) by extension 'ignore'
[0.918s] Level 1:colcon.colcon_core.package_identification:_identify(src/mujoco_menagerie/pal_talos) by extension 'ignore_ament_install'
[0.918s] Level 1:colcon.colcon_core.package_identification:_identify(src/mujoco_menagerie/pal_talos) by extensions ['colcon_pkg']
[0.918s] Level 1:colcon.colcon_core.package_identification:_identify(src/mujoco_menagerie/pal_talos) by extension 'colcon_pkg'
[0.918s] Level 1:colcon.colcon_core.package_identification:_identify(src/mujoco_menagerie/pal_talos) by extensions ['colcon_meta']
[0.918s] Level 1:colcon.colcon_core.package_identification:_identify(src/mujoco_menagerie/pal_talos) by extension 'colcon_meta'
[0.918s] Level 1:colcon.colcon_core.package_identification:_identify(src/mujoco_menagerie/pal_talos) by extensions ['ros']
[0.918s] Level 1:colcon.colcon_core.package_identification:_identify(src/mujoco_menagerie/pal_talos) by extension 'ros'
[0.919s] Level 1:colcon.colcon_core.package_identification:_identify(src/mujoco_menagerie/pal_talos) by extensions ['cmake', 'python']
[0.919s] Level 1:colcon.colcon_core.package_identification:_identify(src/mujoco_menagerie/pal_talos) by extension 'cmake'
[0.919s] Level 1:colcon.colcon_core.package_identification:_identify(src/mujoco_menagerie/pal_talos) by extension 'python'
[0.919s] Level 1:colcon.colcon_core.package_identification:_identify(src/mujoco_menagerie/pal_talos) by extensions ['python_setup_py']
[0.919s] Level 1:colcon.colcon_core.package_identification:_identify(src/mujoco_menagerie/pal_talos) by extension 'python_setup_py'
[0.919s] Level 1:colcon.colcon_core.package_identification:_identify(src/mujoco_menagerie/pal_talos/assets) by extensions ['ignore', 'ignore_ament_install']
[0.919s] Level 1:colcon.colcon_core.package_identification:_identify(src/mujoco_menagerie/pal_talos/assets) by extension 'ignore'
[0.919s] Level 1:colcon.colcon_core.package_identification:_identify(src/mujoco_menagerie/pal_talos/assets) by extension 'ignore_ament_install'
[0.919s] Level 1:colcon.colcon_core.package_identification:_identify(src/mujoco_menagerie/pal_talos/assets) by extensions ['colcon_pkg']
[0.919s] Level 1:colcon.colcon_core.package_identification:_identify(src/mujoco_menagerie/pal_talos/assets) by extension 'colcon_pkg'
[0.919s] Level 1:colcon.colcon_core.package_identification:_identify(src/mujoco_menagerie/pal_talos/assets) by extensions ['colcon_meta']
[0.919s] Level 1:colcon.colcon_core.package_identification:_identify(src/mujoco_menagerie/pal_talos/assets) by extension 'colcon_meta'
[0.920s] Level 1:colcon.colcon_core.package_identification:_identify(src/mujoco_menagerie/pal_talos/assets) by extensions ['ros']
[0.920s] Level 1:colcon.colcon_core.package_identification:_identify(src/mujoco_menagerie/pal_talos/assets) by extension 'ros'
[0.920s] Level 1:colcon.colcon_core.package_identification:_identify(src/mujoco_menagerie/pal_talos/assets) by extensions ['cmake', 'python']
[0.920s] Level 1:colcon.colcon_core.package_identification:_identify(src/mujoco_menagerie/pal_talos/assets) by extension 'cmake'
[0.920s] Level 1:colcon.colcon_core.package_identification:_identify(src/mujoco_menagerie/pal_talos/assets) by extension 'python'
[0.920s] Level 1:colcon.colcon_core.package_identification:_identify(src/mujoco_menagerie/pal_talos/assets) by extensions ['python_setup_py']
[0.920s] Level 1:colcon.colcon_core.package_identification:_identify(src/mujoco_menagerie/pal_talos/assets) by extension 'python_setup_py'
[0.920s] Level 1:colcon.colcon_core.package_identification:_identify(src/mujoco_menagerie/pal_talos/assets/arm) by extensions ['ignore', 'ignore_ament_install']
[0.920s] Level 1:colcon.colcon_core.package_identification:_identify(src/mujoco_menagerie/pal_talos/assets/arm) by extension 'ignore'
[0.920s] Level 1:colcon.colcon_core.package_identification:_identify(src/mujoco_menagerie/pal_talos/assets/arm) by extension 'ignore_ament_install'
[0.920s] Level 1:colcon.colcon_core.package_identification:_identify(src/mujoco_menagerie/pal_talos/assets/arm) by extensions ['colcon_pkg']
[0.920s] Level 1:colcon.colcon_core.package_identification:_identify(src/mujoco_menagerie/pal_talos/assets/arm) by extension 'colcon_pkg'
[0.920s] Level 1:colcon.colcon_core.package_identification:_identify(src/mujoco_menagerie/pal_talos/assets/arm) by extensions ['colcon_meta']
[0.920s] Level 1:colcon.colcon_core.package_identification:_identify(src/mujoco_menagerie/pal_talos/assets/arm) by extension 'colcon_meta'
[0.920s] Level 1:colcon.colcon_core.package_identification:_identify(src/mujoco_menagerie/pal_talos/assets/arm) by extensions ['ros']
[0.921s] Level 1:colcon.colcon_core.package_identification:_identify(src/mujoco_menagerie/pal_talos/assets/arm) by extension 'ros'
[0.921s] Level 1:colcon.colcon_core.package_identification:_identify(src/mujoco_menagerie/pal_talos/assets/arm) by extensions ['cmake', 'python']
[0.921s] Level 1:colcon.colcon_core.package_identification:_identify(src/mujoco_menagerie/pal_talos/assets/arm) by extension 'cmake'
[0.921s] Level 1:colcon.colcon_core.package_identification:_identify(src/mujoco_menagerie/pal_talos/assets/arm) by extension 'python'
[0.921s] Level 1:colcon.colcon_core.package_identification:_identify(src/mujoco_menagerie/pal_talos/assets/arm) by extensions ['python_setup_py']
[0.921s] Level 1:colcon.colcon_core.package_identification:_identify(src/mujoco_menagerie/pal_talos/assets/arm) by extension 'python_setup_py'
[0.921s] Level 1:colcon.colcon_core.package_identification:_identify(src/mujoco_menagerie/pal_talos/assets/gripper) by extensions ['ignore', 'ignore_ament_install']
[0.921s] Level 1:colcon.colcon_core.package_identification:_identify(src/mujoco_menagerie/pal_talos/assets/gripper) by extension 'ignore'
[0.921s] Level 1:colcon.colcon_core.package_identification:_identify(src/mujoco_menagerie/pal_talos/assets/gripper) by extension 'ignore_ament_install'
[0.921s] Level 1:colcon.colcon_core.package_identification:_identify(src/mujoco_menagerie/pal_talos/assets/gripper) by extensions ['colcon_pkg']
[0.921s] Level 1:colcon.colcon_core.package_identification:_identify(src/mujoco_menagerie/pal_talos/assets/gripper) by extension 'colcon_pkg'
[0.921s] Level 1:colcon.colcon_core.package_identification:_identify(src/mujoco_menagerie/pal_talos/assets/gripper) by extensions ['colcon_meta']
[0.921s] Level 1:colcon.colcon_core.package_identification:_identify(src/mujoco_menagerie/pal_talos/assets/gripper) by extension 'colcon_meta'
[0.922s] Level 1:colcon.colcon_core.package_identification:_identify(src/mujoco_menagerie/pal_talos/assets/gripper) by extensions ['ros']
[0.922s] Level 1:colcon.colcon_core.package_identification:_identify(src/mujoco_menagerie/pal_talos/assets/gripper) by extension 'ros'
[0.922s] Level 1:colcon.colcon_core.package_identification:_identify(src/mujoco_menagerie/pal_talos/assets/gripper) by extensions ['cmake', 'python']
[0.922s] Level 1:colcon.colcon_core.package_identification:_identify(src/mujoco_menagerie/pal_talos/assets/gripper) by extension 'cmake'
[0.922s] Level 1:colcon.colcon_core.package_identification:_identify(src/mujoco_menagerie/pal_talos/assets/gripper) by extension 'python'
[0.922s] Level 1:colcon.colcon_core.package_identification:_identify(src/mujoco_menagerie/pal_talos/assets/gripper) by extensions ['python_setup_py']
[0.922s] Level 1:colcon.colcon_core.package_identification:_identify(src/mujoco_menagerie/pal_talos/assets/gripper) by extension 'python_setup_py'
[0.922s] Level 1:colcon.colcon_core.package_identification:_identify(src/mujoco_menagerie/pal_talos/assets/head) by extensions ['ignore', 'ignore_ament_install']
[0.922s] Level 1:colcon.colcon_core.package_identification:_identify(src/mujoco_menagerie/pal_talos/assets/head) by extension 'ignore'
[0.922s] Level 1:colcon.colcon_core.package_identification:_identify(src/mujoco_menagerie/pal_talos/assets/head) by extension 'ignore_ament_install'
[0.922s] Level 1:colcon.colcon_core.package_identification:_identify(src/mujoco_menagerie/pal_talos/assets/head) by extensions ['colcon_pkg']
[0.922s] Level 1:colcon.colcon_core.package_identification:_identify(src/mujoco_menagerie/pal_talos/assets/head) by extension 'colcon_pkg'
[0.922s] Level 1:colcon.colcon_core.package_identification:_identify(src/mujoco_menagerie/pal_talos/assets/head) by extensions ['colcon_meta']
[0.922s] Level 1:colcon.colcon_core.package_identification:_identify(src/mujoco_menagerie/pal_talos/assets/head) by extension 'colcon_meta'
[0.922s] Level 1:colcon.colcon_core.package_identification:_identify(src/mujoco_menagerie/pal_talos/assets/head) by extensions ['ros']
[0.922s] Level 1:colcon.colcon_core.package_identification:_identify(src/mujoco_menagerie/pal_talos/assets/head) by extension 'ros'
[0.923s] Level 1:colcon.colcon_core.package_identification:_identify(src/mujoco_menagerie/pal_talos/assets/head) by extensions ['cmake', 'python']
[0.923s] Level 1:colcon.colcon_core.package_identification:_identify(src/mujoco_menagerie/pal_talos/assets/head) by extension 'cmake'
[0.923s] Level 1:colcon.colcon_core.package_identification:_identify(src/mujoco_menagerie/pal_talos/assets/head) by extension 'python'
[0.923s] Level 1:colcon.colcon_core.package_identification:_identify(src/mujoco_menagerie/pal_talos/assets/head) by extensions ['python_setup_py']
[0.923s] Level 1:colcon.colcon_core.package_identification:_identify(src/mujoco_menagerie/pal_talos/assets/head) by extension 'python_setup_py'
[0.923s] Level 1:colcon.colcon_core.package_identification:_identify(src/mujoco_menagerie/pal_talos/assets/sensors) by extensions ['ignore', 'ignore_ament_install']
[0.923s] Level 1:colcon.colcon_core.package_identification:_identify(src/mujoco_menagerie/pal_talos/assets/sensors) by extension 'ignore'
[0.923s] Level 1:colcon.colcon_core.package_identification:_identify(src/mujoco_menagerie/pal_talos/assets/sensors) by extension 'ignore_ament_install'
[0.923s] Level 1:colcon.colcon_core.package_identification:_identify(src/mujoco_menagerie/pal_talos/assets/sensors) by extensions ['colcon_pkg']
[0.923s] Level 1:colcon.colcon_core.package_identification:_identify(src/mujoco_menagerie/pal_talos/assets/sensors) by extension 'colcon_pkg'
[0.923s] Level 1:colcon.colcon_core.package_identification:_identify(src/mujoco_menagerie/pal_talos/assets/sensors) by extensions ['colcon_meta']
[0.923s] Level 1:colcon.colcon_core.package_identification:_identify(src/mujoco_menagerie/pal_talos/assets/sensors) by extension 'colcon_meta'
[0.923s] Level 1:colcon.colcon_core.package_identification:_identify(src/mujoco_menagerie/pal_talos/assets/sensors) by extensions ['ros']
[0.923s] Level 1:colcon.colcon_core.package_identification:_identify(src/mujoco_menagerie/pal_talos/assets/sensors) by extension 'ros'
[0.923s] Level 1:colcon.colcon_core.package_identification:_identify(src/mujoco_menagerie/pal_talos/assets/sensors) by extensions ['cmake', 'python']
[0.923s] Level 1:colcon.colcon_core.package_identification:_identify(src/mujoco_menagerie/pal_talos/assets/sensors) by extension 'cmake'
[0.923s] Level 1:colcon.colcon_core.package_identification:_identify(src/mujoco_menagerie/pal_talos/assets/sensors) by extension 'python'
[0.924s] Level 1:colcon.colcon_core.package_identification:_identify(src/mujoco_menagerie/pal_talos/assets/sensors) by extensions ['python_setup_py']
[0.924s] Level 1:colcon.colcon_core.package_identification:_identify(src/mujoco_menagerie/pal_talos/assets/sensors) by extension 'python_setup_py'
[0.924s] Level 1:colcon.colcon_core.package_identification:_identify(src/mujoco_menagerie/pal_talos/assets/sensors/orbbec) by extensions ['ignore', 'ignore_ament_install']
[0.924s] Level 1:colcon.colcon_core.package_identification:_identify(src/mujoco_menagerie/pal_talos/assets/sensors/orbbec) by extension 'ignore'
[0.924s] Level 1:colcon.colcon_core.package_identification:_identify(src/mujoco_menagerie/pal_talos/assets/sensors/orbbec) by extension 'ignore_ament_install'
[0.924s] Level 1:colcon.colcon_core.package_identification:_identify(src/mujoco_menagerie/pal_talos/assets/sensors/orbbec) by extensions ['colcon_pkg']
[0.924s] Level 1:colcon.colcon_core.package_identification:_identify(src/mujoco_menagerie/pal_talos/assets/sensors/orbbec) by extension 'colcon_pkg'
[0.924s] Level 1:colcon.colcon_core.package_identification:_identify(src/mujoco_menagerie/pal_talos/assets/sensors/orbbec) by extensions ['colcon_meta']
[0.924s] Level 1:colcon.colcon_core.package_identification:_identify(src/mujoco_menagerie/pal_talos/assets/sensors/orbbec) by extension 'colcon_meta'
[0.924s] Level 1:colcon.colcon_core.package_identification:_identify(src/mujoco_menagerie/pal_talos/assets/sensors/orbbec) by extensions ['ros']
[0.924s] Level 1:colcon.colcon_core.package_identification:_identify(src/mujoco_menagerie/pal_talos/assets/sensors/orbbec) by extension 'ros'
[0.924s] Level 1:colcon.colcon_core.package_identification:_identify(src/mujoco_menagerie/pal_talos/assets/sensors/orbbec) by extensions ['cmake', 'python']
[0.924s] Level 1:colcon.colcon_core.package_identification:_identify(src/mujoco_menagerie/pal_talos/assets/sensors/orbbec) by extension 'cmake'
[0.924s] Level 1:colcon.colcon_core.package_identification:_identify(src/mujoco_menagerie/pal_talos/assets/sensors/orbbec) by extension 'python'
[0.924s] Level 1:colcon.colcon_core.package_identification:_identify(src/mujoco_menagerie/pal_talos/assets/sensors/orbbec) by extensions ['python_setup_py']
[0.924s] Level 1:colcon.colcon_core.package_identification:_identify(src/mujoco_menagerie/pal_talos/assets/sensors/orbbec) by extension 'python_setup_py'
[0.925s] Level 1:colcon.colcon_core.package_identification:_identify(src/mujoco_menagerie/pal_talos/assets/torso) by extensions ['ignore', 'ignore_ament_install']
[0.925s] Level 1:colcon.colcon_core.package_identification:_identify(src/mujoco_menagerie/pal_talos/assets/torso) by extension 'ignore'
[0.925s] Level 1:colcon.colcon_core.package_identification:_identify(src/mujoco_menagerie/pal_talos/assets/torso) by extension 'ignore_ament_install'
[0.925s] Level 1:colcon.colcon_core.package_identification:_identify(src/mujoco_menagerie/pal_talos/assets/torso) by extensions ['colcon_pkg']
[0.925s] Level 1:colcon.colcon_core.package_identification:_identify(src/mujoco_menagerie/pal_talos/assets/torso) by extension 'colcon_pkg'
[0.925s] Level 1:colcon.colcon_core.package_identification:_identify(src/mujoco_menagerie/pal_talos/assets/torso) by extensions ['colcon_meta']
[0.925s] Level 1:colcon.colcon_core.package_identification:_identify(src/mujoco_menagerie/pal_talos/assets/torso) by extension 'colcon_meta'
[0.925s] Level 1:colcon.colcon_core.package_identification:_identify(src/mujoco_menagerie/pal_talos/assets/torso) by extensions ['ros']
[0.925s] Level 1:colcon.colcon_core.package_identification:_identify(src/mujoco_menagerie/pal_talos/assets/torso) by extension 'ros'
[0.925s] Level 1:colcon.colcon_core.package_identification:_identify(src/mujoco_menagerie/pal_talos/assets/torso) by extensions ['cmake', 'python']
[0.925s] Level 1:colcon.colcon_core.package_identification:_identify(src/mujoco_menagerie/pal_talos/assets/torso) by extension 'cmake'
[0.925s] Level 1:colcon.colcon_core.package_identification:_identify(src/mujoco_menagerie/pal_talos/assets/torso) by extension 'python'
[0.925s] Level 1:colcon.colcon_core.package_identification:_identify(src/mujoco_menagerie/pal_talos/assets/torso) by extensions ['python_setup_py']
[0.925s] Level 1:colcon.colcon_core.package_identification:_identify(src/mujoco_menagerie/pal_talos/assets/torso) by extension 'python_setup_py'
[0.926s] Level 1:colcon.colcon_core.package_identification:_identify(src/mujoco_menagerie/pal_talos/assets/v2) by extensions ['ignore', 'ignore_ament_install']
[0.926s] Level 1:colcon.colcon_core.package_identification:_identify(src/mujoco_menagerie/pal_talos/assets/v2) by extension 'ignore'
[0.926s] Level 1:colcon.colcon_core.package_identification:_identify(src/mujoco_menagerie/pal_talos/assets/v2) by extension 'ignore_ament_install'
[0.926s] Level 1:colcon.colcon_core.package_identification:_identify(src/mujoco_menagerie/pal_talos/assets/v2) by extensions ['colcon_pkg']
[0.926s] Level 1:colcon.colcon_core.package_identification:_identify(src/mujoco_menagerie/pal_talos/assets/v2) by extension 'colcon_pkg'
[0.926s] Level 1:colcon.colcon_core.package_identification:_identify(src/mujoco_menagerie/pal_talos/assets/v2) by extensions ['colcon_meta']
[0.926s] Level 1:colcon.colcon_core.package_identification:_identify(src/mujoco_menagerie/pal_talos/assets/v2) by extension 'colcon_meta'
[0.926s] Level 1:colcon.colcon_core.package_identification:_identify(src/mujoco_menagerie/pal_talos/assets/v2) by extensions ['ros']
[0.926s] Level 1:colcon.colcon_core.package_identification:_identify(src/mujoco_menagerie/pal_talos/assets/v2) by extension 'ros'
[0.926s] Level 1:colcon.colcon_core.package_identification:_identify(src/mujoco_menagerie/pal_talos/assets/v2) by extensions ['cmake', 'python']
[0.926s] Level 1:colcon.colcon_core.package_identification:_identify(src/mujoco_menagerie/pal_talos/assets/v2) by extension 'cmake'
[0.926s] Level 1:colcon.colcon_core.package_identification:_identify(src/mujoco_menagerie/pal_talos/assets/v2) by extension 'python'
[0.926s] Level 1:colcon.colcon_core.package_identification:_identify(src/mujoco_menagerie/pal_talos/assets/v2) by extensions ['python_setup_py']
[0.926s] Level 1:colcon.colcon_core.package_identification:_identify(src/mujoco_menagerie/pal_talos/assets/v2) by extension 'python_setup_py'
[0.926s] Level 1:colcon.colcon_core.package_identification:_identify(src/mujoco_menagerie/pal_tiago) by extensions ['ignore', 'ignore_ament_install']
[0.927s] Level 1:colcon.colcon_core.package_identification:_identify(src/mujoco_menagerie/pal_tiago) by extension 'ignore'
[0.927s] Level 1:colcon.colcon_core.package_identification:_identify(src/mujoco_menagerie/pal_tiago) by extension 'ignore_ament_install'
[0.927s] Level 1:colcon.colcon_core.package_identification:_identify(src/mujoco_menagerie/pal_tiago) by extensions ['colcon_pkg']
[0.927s] Level 1:colcon.colcon_core.package_identification:_identify(src/mujoco_menagerie/pal_tiago) by extension 'colcon_pkg'
[0.927s] Level 1:colcon.colcon_core.package_identification:_identify(src/mujoco_menagerie/pal_tiago) by extensions ['colcon_meta']
[0.927s] Level 1:colcon.colcon_core.package_identification:_identify(src/mujoco_menagerie/pal_tiago) by extension 'colcon_meta'
[0.927s] Level 1:colcon.colcon_core.package_identification:_identify(src/mujoco_menagerie/pal_tiago) by extensions ['ros']
[0.927s] Level 1:colcon.colcon_core.package_identification:_identify(src/mujoco_menagerie/pal_tiago) by extension 'ros'
[0.927s] Level 1:colcon.colcon_core.package_identification:_identify(src/mujoco_menagerie/pal_tiago) by extensions ['cmake', 'python']
[0.927s] Level 1:colcon.colcon_core.package_identification:_identify(src/mujoco_menagerie/pal_tiago) by extension 'cmake'
[0.927s] Level 1:colcon.colcon_core.package_identification:_identify(src/mujoco_menagerie/pal_tiago) by extension 'python'
[0.927s] Level 1:colcon.colcon_core.package_identification:_identify(src/mujoco_menagerie/pal_tiago) by extensions ['python_setup_py']
[0.927s] Level 1:colcon.colcon_core.package_identification:_identify(src/mujoco_menagerie/pal_tiago) by extension 'python_setup_py'
[0.927s] Level 1:colcon.colcon_core.package_identification:_identify(src/mujoco_menagerie/pal_tiago/assets) by extensions ['ignore', 'ignore_ament_install']
[0.928s] Level 1:colcon.colcon_core.package_identification:_identify(src/mujoco_menagerie/pal_tiago/assets) by extension 'ignore'
[0.928s] Level 1:colcon.colcon_core.package_identification:_identify(src/mujoco_menagerie/pal_tiago/assets) by extension 'ignore_ament_install'
[0.928s] Level 1:colcon.colcon_core.package_identification:_identify(src/mujoco_menagerie/pal_tiago/assets) by extensions ['colcon_pkg']
[0.928s] Level 1:colcon.colcon_core.package_identification:_identify(src/mujoco_menagerie/pal_tiago/assets) by extension 'colcon_pkg'
[0.928s] Level 1:colcon.colcon_core.package_identification:_identify(src/mujoco_menagerie/pal_tiago/assets) by extensions ['colcon_meta']
[0.928s] Level 1:colcon.colcon_core.package_identification:_identify(src/mujoco_menagerie/pal_tiago/assets) by extension 'colcon_meta'
[0.928s] Level 1:colcon.colcon_core.package_identification:_identify(src/mujoco_menagerie/pal_tiago/assets) by extensions ['ros']
[0.928s] Level 1:colcon.colcon_core.package_identification:_identify(src/mujoco_menagerie/pal_tiago/assets) by extension 'ros'
[0.928s] Level 1:colcon.colcon_core.package_identification:_identify(src/mujoco_menagerie/pal_tiago/assets) by extensions ['cmake', 'python']
[0.928s] Level 1:colcon.colcon_core.package_identification:_identify(src/mujoco_menagerie/pal_tiago/assets) by extension 'cmake'
[0.928s] Level 1:colcon.colcon_core.package_identification:_identify(src/mujoco_menagerie/pal_tiago/assets) by extension 'python'
[0.928s] Level 1:colcon.colcon_core.package_identification:_identify(src/mujoco_menagerie/pal_tiago/assets) by extensions ['python_setup_py']
[0.928s] Level 1:colcon.colcon_core.package_identification:_identify(src/mujoco_menagerie/pal_tiago/assets) by extension 'python_setup_py'
[0.928s] Level 1:colcon.colcon_core.package_identification:_identify(src/mujoco_menagerie/pal_tiago/assets/arm) by extensions ['ignore', 'ignore_ament_install']
[0.928s] Level 1:colcon.colcon_core.package_identification:_identify(src/mujoco_menagerie/pal_tiago/assets/arm) by extension 'ignore'
[0.929s] Level 1:colcon.colcon_core.package_identification:_identify(src/mujoco_menagerie/pal_tiago/assets/arm) by extension 'ignore_ament_install'
[0.929s] Level 1:colcon.colcon_core.package_identification:_identify(src/mujoco_menagerie/pal_tiago/assets/arm) by extensions ['colcon_pkg']
[0.929s] Level 1:colcon.colcon_core.package_identification:_identify(src/mujoco_menagerie/pal_tiago/assets/arm) by extension 'colcon_pkg'
[0.929s] Level 1:colcon.colcon_core.package_identification:_identify(src/mujoco_menagerie/pal_tiago/assets/arm) by extensions ['colcon_meta']
[0.929s] Level 1:colcon.colcon_core.package_identification:_identify(src/mujoco_menagerie/pal_tiago/assets/arm) by extension 'colcon_meta'
[0.929s] Level 1:colcon.colcon_core.package_identification:_identify(src/mujoco_menagerie/pal_tiago/assets/arm) by extensions ['ros']
[0.929s] Level 1:colcon.colcon_core.package_identification:_identify(src/mujoco_menagerie/pal_tiago/assets/arm) by extension 'ros'
[0.929s] Level 1:colcon.colcon_core.package_identification:_identify(src/mujoco_menagerie/pal_tiago/assets/arm) by extensions ['cmake', 'python']
[0.929s] Level 1:colcon.colcon_core.package_identification:_identify(src/mujoco_menagerie/pal_tiago/assets/arm) by extension 'cmake'
[0.929s] Level 1:colcon.colcon_core.package_identification:_identify(src/mujoco_menagerie/pal_tiago/assets/arm) by extension 'python'
[0.929s] Level 1:colcon.colcon_core.package_identification:_identify(src/mujoco_menagerie/pal_tiago/assets/arm) by extensions ['python_setup_py']
[0.929s] Level 1:colcon.colcon_core.package_identification:_identify(src/mujoco_menagerie/pal_tiago/assets/arm) by extension 'python_setup_py'
[0.929s] Level 1:colcon.colcon_core.package_identification:_identify(src/mujoco_menagerie/pal_tiago/assets/base) by extensions ['ignore', 'ignore_ament_install']
[0.929s] Level 1:colcon.colcon_core.package_identification:_identify(src/mujoco_menagerie/pal_tiago/assets/base) by extension 'ignore'
[0.929s] Level 1:colcon.colcon_core.package_identification:_identify(src/mujoco_menagerie/pal_tiago/assets/base) by extension 'ignore_ament_install'
[0.929s] Level 1:colcon.colcon_core.package_identification:_identify(src/mujoco_menagerie/pal_tiago/assets/base) by extensions ['colcon_pkg']
[0.929s] Level 1:colcon.colcon_core.package_identification:_identify(src/mujoco_menagerie/pal_tiago/assets/base) by extension 'colcon_pkg'
[0.930s] Level 1:colcon.colcon_core.package_identification:_identify(src/mujoco_menagerie/pal_tiago/assets/base) by extensions ['colcon_meta']
[0.930s] Level 1:colcon.colcon_core.package_identification:_identify(src/mujoco_menagerie/pal_tiago/assets/base) by extension 'colcon_meta'
[0.930s] Level 1:colcon.colcon_core.package_identification:_identify(src/mujoco_menagerie/pal_tiago/assets/base) by extensions ['ros']
[0.930s] Level 1:colcon.colcon_core.package_identification:_identify(src/mujoco_menagerie/pal_tiago/assets/base) by extension 'ros'
[0.930s] Level 1:colcon.colcon_core.package_identification:_identify(src/mujoco_menagerie/pal_tiago/assets/base) by extensions ['cmake', 'python']
[0.930s] Level 1:colcon.colcon_core.package_identification:_identify(src/mujoco_menagerie/pal_tiago/assets/base) by extension 'cmake'
[0.930s] Level 1:colcon.colcon_core.package_identification:_identify(src/mujoco_menagerie/pal_tiago/assets/base) by extension 'python'
[0.930s] Level 1:colcon.colcon_core.package_identification:_identify(src/mujoco_menagerie/pal_tiago/assets/base) by extensions ['python_setup_py']
[0.930s] Level 1:colcon.colcon_core.package_identification:_identify(src/mujoco_menagerie/pal_tiago/assets/base) by extension 'python_setup_py'
[0.930s] Level 1:colcon.colcon_core.package_identification:_identify(src/mujoco_menagerie/pal_tiago/assets/gripper) by extensions ['ignore', 'ignore_ament_install']
[0.930s] Level 1:colcon.colcon_core.package_identification:_identify(src/mujoco_menagerie/pal_tiago/assets/gripper) by extension 'ignore'
[0.930s] Level 1:colcon.colcon_core.package_identification:_identify(src/mujoco_menagerie/pal_tiago/assets/gripper) by extension 'ignore_ament_install'
[0.930s] Level 1:colcon.colcon_core.package_identification:_identify(src/mujoco_menagerie/pal_tiago/assets/gripper) by extensions ['colcon_pkg']
[0.930s] Level 1:colcon.colcon_core.package_identification:_identify(src/mujoco_menagerie/pal_tiago/assets/gripper) by extension 'colcon_pkg'
[0.930s] Level 1:colcon.colcon_core.package_identification:_identify(src/mujoco_menagerie/pal_tiago/assets/gripper) by extensions ['colcon_meta']
[0.930s] Level 1:colcon.colcon_core.package_identification:_identify(src/mujoco_menagerie/pal_tiago/assets/gripper) by extension 'colcon_meta'
[0.931s] Level 1:colcon.colcon_core.package_identification:_identify(src/mujoco_menagerie/pal_tiago/assets/gripper) by extensions ['ros']
[0.931s] Level 1:colcon.colcon_core.package_identification:_identify(src/mujoco_menagerie/pal_tiago/assets/gripper) by extension 'ros'
[0.931s] Level 1:colcon.colcon_core.package_identification:_identify(src/mujoco_menagerie/pal_tiago/assets/gripper) by extensions ['cmake', 'python']
[0.931s] Level 1:colcon.colcon_core.package_identification:_identify(src/mujoco_menagerie/pal_tiago/assets/gripper) by extension 'cmake'
[0.931s] Level 1:colcon.colcon_core.package_identification:_identify(src/mujoco_menagerie/pal_tiago/assets/gripper) by extension 'python'
[0.931s] Level 1:colcon.colcon_core.package_identification:_identify(src/mujoco_menagerie/pal_tiago/assets/gripper) by extensions ['python_setup_py']
[0.931s] Level 1:colcon.colcon_core.package_identification:_identify(src/mujoco_menagerie/pal_tiago/assets/gripper) by extension 'python_setup_py'
[0.931s] Level 1:colcon.colcon_core.package_identification:_identify(src/mujoco_menagerie/pal_tiago/assets/head) by extensions ['ignore', 'ignore_ament_install']
[0.931s] Level 1:colcon.colcon_core.package_identification:_identify(src/mujoco_menagerie/pal_tiago/assets/head) by extension 'ignore'
[0.931s] Level 1:colcon.colcon_core.package_identification:_identify(src/mujoco_menagerie/pal_tiago/assets/head) by extension 'ignore_ament_install'
[0.931s] Level 1:colcon.colcon_core.package_identification:_identify(src/mujoco_menagerie/pal_tiago/assets/head) by extensions ['colcon_pkg']
[0.931s] Level 1:colcon.colcon_core.package_identification:_identify(src/mujoco_menagerie/pal_tiago/assets/head) by extension 'colcon_pkg'
[0.931s] Level 1:colcon.colcon_core.package_identification:_identify(src/mujoco_menagerie/pal_tiago/assets/head) by extensions ['colcon_meta']
[0.931s] Level 1:colcon.colcon_core.package_identification:_identify(src/mujoco_menagerie/pal_tiago/assets/head) by extension 'colcon_meta'
[0.931s] Level 1:colcon.colcon_core.package_identification:_identify(src/mujoco_menagerie/pal_tiago/assets/head) by extensions ['ros']
[0.931s] Level 1:colcon.colcon_core.package_identification:_identify(src/mujoco_menagerie/pal_tiago/assets/head) by extension 'ros'
[0.932s] Level 1:colcon.colcon_core.package_identification:_identify(src/mujoco_menagerie/pal_tiago/assets/head) by extensions ['cmake', 'python']
[0.932s] Level 1:colcon.colcon_core.package_identification:_identify(src/mujoco_menagerie/pal_tiago/assets/head) by extension 'cmake'
[0.932s] Level 1:colcon.colcon_core.package_identification:_identify(src/mujoco_menagerie/pal_tiago/assets/head) by extension 'python'
[0.932s] Level 1:colcon.colcon_core.package_identification:_identify(src/mujoco_menagerie/pal_tiago/assets/head) by extensions ['python_setup_py']
[0.932s] Level 1:colcon.colcon_core.package_identification:_identify(src/mujoco_menagerie/pal_tiago/assets/head) by extension 'python_setup_py'
[0.932s] Level 1:colcon.colcon_core.package_identification:_identify(src/mujoco_menagerie/pal_tiago/assets/objects) by extensions ['ignore', 'ignore_ament_install']
[0.932s] Level 1:colcon.colcon_core.package_identification:_identify(src/mujoco_menagerie/pal_tiago/assets/objects) by extension 'ignore'
[0.932s] Level 1:colcon.colcon_core.package_identification:_identify(src/mujoco_menagerie/pal_tiago/assets/objects) by extension 'ignore_ament_install'
[0.932s] Level 1:colcon.colcon_core.package_identification:_identify(src/mujoco_menagerie/pal_tiago/assets/objects) by extensions ['colcon_pkg']
[0.932s] Level 1:colcon.colcon_core.package_identification:_identify(src/mujoco_menagerie/pal_tiago/assets/objects) by extension 'colcon_pkg'
[0.932s] Level 1:colcon.colcon_core.package_identification:_identify(src/mujoco_menagerie/pal_tiago/assets/objects) by extensions ['colcon_meta']
[0.932s] Level 1:colcon.colcon_core.package_identification:_identify(src/mujoco_menagerie/pal_tiago/assets/objects) by extension 'colcon_meta'
[0.932s] Level 1:colcon.colcon_core.package_identification:_identify(src/mujoco_menagerie/pal_tiago/assets/objects) by extensions ['ros']
[0.932s] Level 1:colcon.colcon_core.package_identification:_identify(src/mujoco_menagerie/pal_tiago/assets/objects) by extension 'ros'
[0.932s] Level 1:colcon.colcon_core.package_identification:_identify(src/mujoco_menagerie/pal_tiago/assets/objects) by extensions ['cmake', 'python']
[0.932s] Level 1:colcon.colcon_core.package_identification:_identify(src/mujoco_menagerie/pal_tiago/assets/objects) by extension 'cmake'
[0.933s] Level 1:colcon.colcon_core.package_identification:_identify(src/mujoco_menagerie/pal_tiago/assets/objects) by extension 'python'
[0.933s] Level 1:colcon.colcon_core.package_identification:_identify(src/mujoco_menagerie/pal_tiago/assets/objects) by extensions ['python_setup_py']
[0.933s] Level 1:colcon.colcon_core.package_identification:_identify(src/mujoco_menagerie/pal_tiago/assets/objects) by extension 'python_setup_py'
[0.933s] Level 1:colcon.colcon_core.package_identification:_identify(src/mujoco_menagerie/pal_tiago/assets/sensors) by extensions ['ignore', 'ignore_ament_install']
[0.933s] Level 1:colcon.colcon_core.package_identification:_identify(src/mujoco_menagerie/pal_tiago/assets/sensors) by extension 'ignore'
[0.933s] Level 1:colcon.colcon_core.package_identification:_identify(src/mujoco_menagerie/pal_tiago/assets/sensors) by extension 'ignore_ament_install'
[0.933s] Level 1:colcon.colcon_core.package_identification:_identify(src/mujoco_menagerie/pal_tiago/assets/sensors) by extensions ['colcon_pkg']
[0.933s] Level 1:colcon.colcon_core.package_identification:_identify(src/mujoco_menagerie/pal_tiago/assets/sensors) by extension 'colcon_pkg'
[0.933s] Level 1:colcon.colcon_core.package_identification:_identify(src/mujoco_menagerie/pal_tiago/assets/sensors) by extensions ['colcon_meta']
[0.934s] Level 1:colcon.colcon_core.package_identification:_identify(src/mujoco_menagerie/pal_tiago/assets/sensors) by extension 'colcon_meta'
[0.934s] Level 1:colcon.colcon_core.package_identification:_identify(src/mujoco_menagerie/pal_tiago/assets/sensors) by extensions ['ros']
[0.934s] Level 1:colcon.colcon_core.package_identification:_identify(src/mujoco_menagerie/pal_tiago/assets/sensors) by extension 'ros'
[0.934s] Level 1:colcon.colcon_core.package_identification:_identify(src/mujoco_menagerie/pal_tiago/assets/sensors) by extensions ['cmake', 'python']
[0.934s] Level 1:colcon.colcon_core.package_identification:_identify(src/mujoco_menagerie/pal_tiago/assets/sensors) by extension 'cmake'
[0.934s] Level 1:colcon.colcon_core.package_identification:_identify(src/mujoco_menagerie/pal_tiago/assets/sensors) by extension 'python'
[0.934s] Level 1:colcon.colcon_core.package_identification:_identify(src/mujoco_menagerie/pal_tiago/assets/sensors) by extensions ['python_setup_py']
[0.934s] Level 1:colcon.colcon_core.package_identification:_identify(src/mujoco_menagerie/pal_tiago/assets/sensors) by extension 'python_setup_py'
[0.934s] Level 1:colcon.colcon_core.package_identification:_identify(src/mujoco_menagerie/pal_tiago/assets/torso) by extensions ['ignore', 'ignore_ament_install']
[0.934s] Level 1:colcon.colcon_core.package_identification:_identify(src/mujoco_menagerie/pal_tiago/assets/torso) by extension 'ignore'
[0.934s] Level 1:colcon.colcon_core.package_identification:_identify(src/mujoco_menagerie/pal_tiago/assets/torso) by extension 'ignore_ament_install'
[0.934s] Level 1:colcon.colcon_core.package_identification:_identify(src/mujoco_menagerie/pal_tiago/assets/torso) by extensions ['colcon_pkg']
[0.934s] Level 1:colcon.colcon_core.package_identification:_identify(src/mujoco_menagerie/pal_tiago/assets/torso) by extension 'colcon_pkg'
[0.934s] Level 1:colcon.colcon_core.package_identification:_identify(src/mujoco_menagerie/pal_tiago/assets/torso) by extensions ['colcon_meta']
[0.934s] Level 1:colcon.colcon_core.package_identification:_identify(src/mujoco_menagerie/pal_tiago/assets/torso) by extension 'colcon_meta'
[0.935s] Level 1:colcon.colcon_core.package_identification:_identify(src/mujoco_menagerie/pal_tiago/assets/torso) by extensions ['ros']
[0.935s] Level 1:colcon.colcon_core.package_identification:_identify(src/mujoco_menagerie/pal_tiago/assets/torso) by extension 'ros'
[0.935s] Level 1:colcon.colcon_core.package_identification:_identify(src/mujoco_menagerie/pal_tiago/assets/torso) by extensions ['cmake', 'python']
[0.935s] Level 1:colcon.colcon_core.package_identification:_identify(src/mujoco_menagerie/pal_tiago/assets/torso) by extension 'cmake'
[0.935s] Level 1:colcon.colcon_core.package_identification:_identify(src/mujoco_menagerie/pal_tiago/assets/torso) by extension 'python'
[0.935s] Level 1:colcon.colcon_core.package_identification:_identify(src/mujoco_menagerie/pal_tiago/assets/torso) by extensions ['python_setup_py']
[0.935s] Level 1:colcon.colcon_core.package_identification:_identify(src/mujoco_menagerie/pal_tiago/assets/torso) by extension 'python_setup_py'
[0.935s] Level 1:colcon.colcon_core.package_identification:_identify(src/mujoco_menagerie/pal_tiago/assets/wheels) by extensions ['ignore', 'ignore_ament_install']
[0.935s] Level 1:colcon.colcon_core.package_identification:_identify(src/mujoco_menagerie/pal_tiago/assets/wheels) by extension 'ignore'
[0.935s] Level 1:colcon.colcon_core.package_identification:_identify(src/mujoco_menagerie/pal_tiago/assets/wheels) by extension 'ignore_ament_install'
[0.935s] Level 1:colcon.colcon_core.package_identification:_identify(src/mujoco_menagerie/pal_tiago/assets/wheels) by extensions ['colcon_pkg']
[0.935s] Level 1:colcon.colcon_core.package_identification:_identify(src/mujoco_menagerie/pal_tiago/assets/wheels) by extension 'colcon_pkg'
[0.935s] Level 1:colcon.colcon_core.package_identification:_identify(src/mujoco_menagerie/pal_tiago/assets/wheels) by extensions ['colcon_meta']
[0.935s] Level 1:colcon.colcon_core.package_identification:_identify(src/mujoco_menagerie/pal_tiago/assets/wheels) by extension 'colcon_meta'
[0.936s] Level 1:colcon.colcon_core.package_identification:_identify(src/mujoco_menagerie/pal_tiago/assets/wheels) by extensions ['ros']
[0.936s] Level 1:colcon.colcon_core.package_identification:_identify(src/mujoco_menagerie/pal_tiago/assets/wheels) by extension 'ros'
[0.936s] Level 1:colcon.colcon_core.package_identification:_identify(src/mujoco_menagerie/pal_tiago/assets/wheels) by extensions ['cmake', 'python']
[0.936s] Level 1:colcon.colcon_core.package_identification:_identify(src/mujoco_menagerie/pal_tiago/assets/wheels) by extension 'cmake'
[0.936s] Level 1:colcon.colcon_core.package_identification:_identify(src/mujoco_menagerie/pal_tiago/assets/wheels) by extension 'python'
[0.936s] Level 1:colcon.colcon_core.package_identification:_identify(src/mujoco_menagerie/pal_tiago/assets/wheels) by extensions ['python_setup_py']
[0.936s] Level 1:colcon.colcon_core.package_identification:_identify(src/mujoco_menagerie/pal_tiago/assets/wheels) by extension 'python_setup_py'
[0.936s] Level 1:colcon.colcon_core.package_identification:_identify(src/mujoco_menagerie/pal_tiago_dual) by extensions ['ignore', 'ignore_ament_install']
[0.936s] Level 1:colcon.colcon_core.package_identification:_identify(src/mujoco_menagerie/pal_tiago_dual) by extension 'ignore'
[0.936s] Level 1:colcon.colcon_core.package_identification:_identify(src/mujoco_menagerie/pal_tiago_dual) by extension 'ignore_ament_install'
[0.936s] Level 1:colcon.colcon_core.package_identification:_identify(src/mujoco_menagerie/pal_tiago_dual) by extensions ['colcon_pkg']
[0.936s] Level 1:colcon.colcon_core.package_identification:_identify(src/mujoco_menagerie/pal_tiago_dual) by extension 'colcon_pkg'
[0.936s] Level 1:colcon.colcon_core.package_identification:_identify(src/mujoco_menagerie/pal_tiago_dual) by extensions ['colcon_meta']
[0.936s] Level 1:colcon.colcon_core.package_identification:_identify(src/mujoco_menagerie/pal_tiago_dual) by extension 'colcon_meta'
[0.937s] Level 1:colcon.colcon_core.package_identification:_identify(src/mujoco_menagerie/pal_tiago_dual) by extensions ['ros']
[0.937s] Level 1:colcon.colcon_core.package_identification:_identify(src/mujoco_menagerie/pal_tiago_dual) by extension 'ros'
[0.937s] Level 1:colcon.colcon_core.package_identification:_identify(src/mujoco_menagerie/pal_tiago_dual) by extensions ['cmake', 'python']
[0.937s] Level 1:colcon.colcon_core.package_identification:_identify(src/mujoco_menagerie/pal_tiago_dual) by extension 'cmake'
[0.937s] Level 1:colcon.colcon_core.package_identification:_identify(src/mujoco_menagerie/pal_tiago_dual) by extension 'python'
[0.937s] Level 1:colcon.colcon_core.package_identification:_identify(src/mujoco_menagerie/pal_tiago_dual) by extensions ['python_setup_py']
[0.937s] Level 1:colcon.colcon_core.package_identification:_identify(src/mujoco_menagerie/pal_tiago_dual) by extension 'python_setup_py'
[0.937s] Level 1:colcon.colcon_core.package_identification:_identify(src/mujoco_menagerie/pal_tiago_dual/assets) by extensions ['ignore', 'ignore_ament_install']
[0.937s] Level 1:colcon.colcon_core.package_identification:_identify(src/mujoco_menagerie/pal_tiago_dual/assets) by extension 'ignore'
[0.937s] Level 1:colcon.colcon_core.package_identification:_identify(src/mujoco_menagerie/pal_tiago_dual/assets) by extension 'ignore_ament_install'
[0.937s] Level 1:colcon.colcon_core.package_identification:_identify(src/mujoco_menagerie/pal_tiago_dual/assets) by extensions ['colcon_pkg']
[0.937s] Level 1:colcon.colcon_core.package_identification:_identify(src/mujoco_menagerie/pal_tiago_dual/assets) by extension 'colcon_pkg'
[0.937s] Level 1:colcon.colcon_core.package_identification:_identify(src/mujoco_menagerie/pal_tiago_dual/assets) by extensions ['colcon_meta']
[0.937s] Level 1:colcon.colcon_core.package_identification:_identify(src/mujoco_menagerie/pal_tiago_dual/assets) by extension 'colcon_meta'
[0.937s] Level 1:colcon.colcon_core.package_identification:_identify(src/mujoco_menagerie/pal_tiago_dual/assets) by extensions ['ros']
[0.937s] Level 1:colcon.colcon_core.package_identification:_identify(src/mujoco_menagerie/pal_tiago_dual/assets) by extension 'ros'
[0.938s] Level 1:colcon.colcon_core.package_identification:_identify(src/mujoco_menagerie/pal_tiago_dual/assets) by extensions ['cmake', 'python']
[0.938s] Level 1:colcon.colcon_core.package_identification:_identify(src/mujoco_menagerie/pal_tiago_dual/assets) by extension 'cmake'
[0.938s] Level 1:colcon.colcon_core.package_identification:_identify(src/mujoco_menagerie/pal_tiago_dual/assets) by extension 'python'
[0.938s] Level 1:colcon.colcon_core.package_identification:_identify(src/mujoco_menagerie/pal_tiago_dual/assets) by extensions ['python_setup_py']
[0.938s] Level 1:colcon.colcon_core.package_identification:_identify(src/mujoco_menagerie/pal_tiago_dual/assets) by extension 'python_setup_py'
[0.938s] Level 1:colcon.colcon_core.package_identification:_identify(src/mujoco_menagerie/pal_tiago_dual/assets/arm) by extensions ['ignore', 'ignore_ament_install']
[0.938s] Level 1:colcon.colcon_core.package_identification:_identify(src/mujoco_menagerie/pal_tiago_dual/assets/arm) by extension 'ignore'
[0.938s] Level 1:colcon.colcon_core.package_identification:_identify(src/mujoco_menagerie/pal_tiago_dual/assets/arm) by extension 'ignore_ament_install'
[0.938s] Level 1:colcon.colcon_core.package_identification:_identify(src/mujoco_menagerie/pal_tiago_dual/assets/arm) by extensions ['colcon_pkg']
[0.938s] Level 1:colcon.colcon_core.package_identification:_identify(src/mujoco_menagerie/pal_tiago_dual/assets/arm) by extension 'colcon_pkg'
[0.938s] Level 1:colcon.colcon_core.package_identification:_identify(src/mujoco_menagerie/pal_tiago_dual/assets/arm) by extensions ['colcon_meta']
[0.938s] Level 1:colcon.colcon_core.package_identification:_identify(src/mujoco_menagerie/pal_tiago_dual/assets/arm) by extension 'colcon_meta'
[0.938s] Level 1:colcon.colcon_core.package_identification:_identify(src/mujoco_menagerie/pal_tiago_dual/assets/arm) by extensions ['ros']
[0.938s] Level 1:colcon.colcon_core.package_identification:_identify(src/mujoco_menagerie/pal_tiago_dual/assets/arm) by extension 'ros'
[0.938s] Level 1:colcon.colcon_core.package_identification:_identify(src/mujoco_menagerie/pal_tiago_dual/assets/arm) by extensions ['cmake', 'python']
[0.938s] Level 1:colcon.colcon_core.package_identification:_identify(src/mujoco_menagerie/pal_tiago_dual/assets/arm) by extension 'cmake'
[0.938s] Level 1:colcon.colcon_core.package_identification:_identify(src/mujoco_menagerie/pal_tiago_dual/assets/arm) by extension 'python'
[0.939s] Level 1:colcon.colcon_core.package_identification:_identify(src/mujoco_menagerie/pal_tiago_dual/assets/arm) by extensions ['python_setup_py']
[0.939s] Level 1:colcon.colcon_core.package_identification:_identify(src/mujoco_menagerie/pal_tiago_dual/assets/arm) by extension 'python_setup_py'
[0.939s] Level 1:colcon.colcon_core.package_identification:_identify(src/mujoco_menagerie/pal_tiago_dual/assets/base) by extensions ['ignore', 'ignore_ament_install']
[0.939s] Level 1:colcon.colcon_core.package_identification:_identify(src/mujoco_menagerie/pal_tiago_dual/assets/base) by extension 'ignore'
[0.939s] Level 1:colcon.colcon_core.package_identification:_identify(src/mujoco_menagerie/pal_tiago_dual/assets/base) by extension 'ignore_ament_install'
[0.939s] Level 1:colcon.colcon_core.package_identification:_identify(src/mujoco_menagerie/pal_tiago_dual/assets/base) by extensions ['colcon_pkg']
[0.939s] Level 1:colcon.colcon_core.package_identification:_identify(src/mujoco_menagerie/pal_tiago_dual/assets/base) by extension 'colcon_pkg'
[0.939s] Level 1:colcon.colcon_core.package_identification:_identify(src/mujoco_menagerie/pal_tiago_dual/assets/base) by extensions ['colcon_meta']
[0.939s] Level 1:colcon.colcon_core.package_identification:_identify(src/mujoco_menagerie/pal_tiago_dual/assets/base) by extension 'colcon_meta'
[0.939s] Level 1:colcon.colcon_core.package_identification:_identify(src/mujoco_menagerie/pal_tiago_dual/assets/base) by extensions ['ros']
[0.939s] Level 1:colcon.colcon_core.package_identification:_identify(src/mujoco_menagerie/pal_tiago_dual/assets/base) by extension 'ros'
[0.939s] Level 1:colcon.colcon_core.package_identification:_identify(src/mujoco_menagerie/pal_tiago_dual/assets/base) by extensions ['cmake', 'python']
[0.939s] Level 1:colcon.colcon_core.package_identification:_identify(src/mujoco_menagerie/pal_tiago_dual/assets/base) by extension 'cmake'
[0.939s] Level 1:colcon.colcon_core.package_identification:_identify(src/mujoco_menagerie/pal_tiago_dual/assets/base) by extension 'python'
[0.939s] Level 1:colcon.colcon_core.package_identification:_identify(src/mujoco_menagerie/pal_tiago_dual/assets/base) by extensions ['python_setup_py']
[0.939s] Level 1:colcon.colcon_core.package_identification:_identify(src/mujoco_menagerie/pal_tiago_dual/assets/base) by extension 'python_setup_py'
[0.940s] Level 1:colcon.colcon_core.package_identification:_identify(src/mujoco_menagerie/pal_tiago_dual/assets/dock) by extensions ['ignore', 'ignore_ament_install']
[0.940s] Level 1:colcon.colcon_core.package_identification:_identify(src/mujoco_menagerie/pal_tiago_dual/assets/dock) by extension 'ignore'
[0.940s] Level 1:colcon.colcon_core.package_identification:_identify(src/mujoco_menagerie/pal_tiago_dual/assets/dock) by extension 'ignore_ament_install'
[0.940s] Level 1:colcon.colcon_core.package_identification:_identify(src/mujoco_menagerie/pal_tiago_dual/assets/dock) by extensions ['colcon_pkg']
[0.940s] Level 1:colcon.colcon_core.package_identification:_identify(src/mujoco_menagerie/pal_tiago_dual/assets/dock) by extension 'colcon_pkg'
[0.940s] Level 1:colcon.colcon_core.package_identification:_identify(src/mujoco_menagerie/pal_tiago_dual/assets/dock) by extensions ['colcon_meta']
[0.940s] Level 1:colcon.colcon_core.package_identification:_identify(src/mujoco_menagerie/pal_tiago_dual/assets/dock) by extension 'colcon_meta'
[0.940s] Level 1:colcon.colcon_core.package_identification:_identify(src/mujoco_menagerie/pal_tiago_dual/assets/dock) by extensions ['ros']
[0.940s] Level 1:colcon.colcon_core.package_identification:_identify(src/mujoco_menagerie/pal_tiago_dual/assets/dock) by extension 'ros'
[0.940s] Level 1:colcon.colcon_core.package_identification:_identify(src/mujoco_menagerie/pal_tiago_dual/assets/dock) by extensions ['cmake', 'python']
[0.940s] Level 1:colcon.colcon_core.package_identification:_identify(src/mujoco_menagerie/pal_tiago_dual/assets/dock) by extension 'cmake'
[0.940s] Level 1:colcon.colcon_core.package_identification:_identify(src/mujoco_menagerie/pal_tiago_dual/assets/dock) by extension 'python'
[0.940s] Level 1:colcon.colcon_core.package_identification:_identify(src/mujoco_menagerie/pal_tiago_dual/assets/dock) by extensions ['python_setup_py']
[0.940s] Level 1:colcon.colcon_core.package_identification:_identify(src/mujoco_menagerie/pal_tiago_dual/assets/dock) by extension 'python_setup_py'
[0.940s] Level 1:colcon.colcon_core.package_identification:_identify(src/mujoco_menagerie/pal_tiago_dual/assets/gripper) by extensions ['ignore', 'ignore_ament_install']
[0.941s] Level 1:colcon.colcon_core.package_identification:_identify(src/mujoco_menagerie/pal_tiago_dual/assets/gripper) by extension 'ignore'
[0.941s] Level 1:colcon.colcon_core.package_identification:_identify(src/mujoco_menagerie/pal_tiago_dual/assets/gripper) by extension 'ignore_ament_install'
[0.941s] Level 1:colcon.colcon_core.package_identification:_identify(src/mujoco_menagerie/pal_tiago_dual/assets/gripper) by extensions ['colcon_pkg']
[0.941s] Level 1:colcon.colcon_core.package_identification:_identify(src/mujoco_menagerie/pal_tiago_dual/assets/gripper) by extension 'colcon_pkg'
[0.941s] Level 1:colcon.colcon_core.package_identification:_identify(src/mujoco_menagerie/pal_tiago_dual/assets/gripper) by extensions ['colcon_meta']
[0.941s] Level 1:colcon.colcon_core.package_identification:_identify(src/mujoco_menagerie/pal_tiago_dual/assets/gripper) by extension 'colcon_meta'
[0.941s] Level 1:colcon.colcon_core.package_identification:_identify(src/mujoco_menagerie/pal_tiago_dual/assets/gripper) by extensions ['ros']
[0.941s] Level 1:colcon.colcon_core.package_identification:_identify(src/mujoco_menagerie/pal_tiago_dual/assets/gripper) by extension 'ros'
[0.941s] Level 1:colcon.colcon_core.package_identification:_identify(src/mujoco_menagerie/pal_tiago_dual/assets/gripper) by extensions ['cmake', 'python']
[0.941s] Level 1:colcon.colcon_core.package_identification:_identify(src/mujoco_menagerie/pal_tiago_dual/assets/gripper) by extension 'cmake'
[0.941s] Level 1:colcon.colcon_core.package_identification:_identify(src/mujoco_menagerie/pal_tiago_dual/assets/gripper) by extension 'python'
[0.941s] Level 1:colcon.colcon_core.package_identification:_identify(src/mujoco_menagerie/pal_tiago_dual/assets/gripper) by extensions ['python_setup_py']
[0.941s] Level 1:colcon.colcon_core.package_identification:_identify(src/mujoco_menagerie/pal_tiago_dual/assets/gripper) by extension 'python_setup_py'
[0.941s] Level 1:colcon.colcon_core.package_identification:_identify(src/mujoco_menagerie/pal_tiago_dual/assets/head) by extensions ['ignore', 'ignore_ament_install']
[0.941s] Level 1:colcon.colcon_core.package_identification:_identify(src/mujoco_menagerie/pal_tiago_dual/assets/head) by extension 'ignore'
[0.941s] Level 1:colcon.colcon_core.package_identification:_identify(src/mujoco_menagerie/pal_tiago_dual/assets/head) by extension 'ignore_ament_install'
[0.942s] Level 1:colcon.colcon_core.package_identification:_identify(src/mujoco_menagerie/pal_tiago_dual/assets/head) by extensions ['colcon_pkg']
[0.942s] Level 1:colcon.colcon_core.package_identification:_identify(src/mujoco_menagerie/pal_tiago_dual/assets/head) by extension 'colcon_pkg'
[0.942s] Level 1:colcon.colcon_core.package_identification:_identify(src/mujoco_menagerie/pal_tiago_dual/assets/head) by extensions ['colcon_meta']
[0.942s] Level 1:colcon.colcon_core.package_identification:_identify(src/mujoco_menagerie/pal_tiago_dual/assets/head) by extension 'colcon_meta'
[0.942s] Level 1:colcon.colcon_core.package_identification:_identify(src/mujoco_menagerie/pal_tiago_dual/assets/head) by extensions ['ros']
[0.942s] Level 1:colcon.colcon_core.package_identification:_identify(src/mujoco_menagerie/pal_tiago_dual/assets/head) by extension 'ros'
[0.942s] Level 1:colcon.colcon_core.package_identification:_identify(src/mujoco_menagerie/pal_tiago_dual/assets/head) by extensions ['cmake', 'python']
[0.942s] Level 1:colcon.colcon_core.package_identification:_identify(src/mujoco_menagerie/pal_tiago_dual/assets/head) by extension 'cmake'
[0.942s] Level 1:colcon.colcon_core.package_identification:_identify(src/mujoco_menagerie/pal_tiago_dual/assets/head) by extension 'python'
[0.942s] Level 1:colcon.colcon_core.package_identification:_identify(src/mujoco_menagerie/pal_tiago_dual/assets/head) by extensions ['python_setup_py']
[0.942s] Level 1:colcon.colcon_core.package_identification:_identify(src/mujoco_menagerie/pal_tiago_dual/assets/head) by extension 'python_setup_py'
[0.942s] Level 1:colcon.colcon_core.package_identification:_identify(src/mujoco_menagerie/pal_tiago_dual/assets/objects) by extensions ['ignore', 'ignore_ament_install']
[0.942s] Level 1:colcon.colcon_core.package_identification:_identify(src/mujoco_menagerie/pal_tiago_dual/assets/objects) by extension 'ignore'
[0.942s] Level 1:colcon.colcon_core.package_identification:_identify(src/mujoco_menagerie/pal_tiago_dual/assets/objects) by extension 'ignore_ament_install'
[0.942s] Level 1:colcon.colcon_core.package_identification:_identify(src/mujoco_menagerie/pal_tiago_dual/assets/objects) by extensions ['colcon_pkg']
[0.942s] Level 1:colcon.colcon_core.package_identification:_identify(src/mujoco_menagerie/pal_tiago_dual/assets/objects) by extension 'colcon_pkg'
[0.942s] Level 1:colcon.colcon_core.package_identification:_identify(src/mujoco_menagerie/pal_tiago_dual/assets/objects) by extensions ['colcon_meta']
[0.942s] Level 1:colcon.colcon_core.package_identification:_identify(src/mujoco_menagerie/pal_tiago_dual/assets/objects) by extension 'colcon_meta'
[0.943s] Level 1:colcon.colcon_core.package_identification:_identify(src/mujoco_menagerie/pal_tiago_dual/assets/objects) by extensions ['ros']
[0.943s] Level 1:colcon.colcon_core.package_identification:_identify(src/mujoco_menagerie/pal_tiago_dual/assets/objects) by extension 'ros'
[0.943s] Level 1:colcon.colcon_core.package_identification:_identify(src/mujoco_menagerie/pal_tiago_dual/assets/objects) by extensions ['cmake', 'python']
[0.943s] Level 1:colcon.colcon_core.package_identification:_identify(src/mujoco_menagerie/pal_tiago_dual/assets/objects) by extension 'cmake'
[0.943s] Level 1:colcon.colcon_core.package_identification:_identify(src/mujoco_menagerie/pal_tiago_dual/assets/objects) by extension 'python'
[0.943s] Level 1:colcon.colcon_core.package_identification:_identify(src/mujoco_menagerie/pal_tiago_dual/assets/objects) by extensions ['python_setup_py']
[0.943s] Level 1:colcon.colcon_core.package_identification:_identify(src/mujoco_menagerie/pal_tiago_dual/assets/objects) by extension 'python_setup_py'
[0.943s] Level 1:colcon.colcon_core.package_identification:_identify(src/mujoco_menagerie/pal_tiago_dual/assets/sensors) by extensions ['ignore', 'ignore_ament_install']
[0.943s] Level 1:colcon.colcon_core.package_identification:_identify(src/mujoco_menagerie/pal_tiago_dual/assets/sensors) by extension 'ignore'
[0.943s] Level 1:colcon.colcon_core.package_identification:_identify(src/mujoco_menagerie/pal_tiago_dual/assets/sensors) by extension 'ignore_ament_install'
[0.943s] Level 1:colcon.colcon_core.package_identification:_identify(src/mujoco_menagerie/pal_tiago_dual/assets/sensors) by extensions ['colcon_pkg']
[0.943s] Level 1:colcon.colcon_core.package_identification:_identify(src/mujoco_menagerie/pal_tiago_dual/assets/sensors) by extension 'colcon_pkg'
[0.943s] Level 1:colcon.colcon_core.package_identification:_identify(src/mujoco_menagerie/pal_tiago_dual/assets/sensors) by extensions ['colcon_meta']
[0.943s] Level 1:colcon.colcon_core.package_identification:_identify(src/mujoco_menagerie/pal_tiago_dual/assets/sensors) by extension 'colcon_meta'
[0.943s] Level 1:colcon.colcon_core.package_identification:_identify(src/mujoco_menagerie/pal_tiago_dual/assets/sensors) by extensions ['ros']
[0.943s] Level 1:colcon.colcon_core.package_identification:_identify(src/mujoco_menagerie/pal_tiago_dual/assets/sensors) by extension 'ros'
[0.944s] Level 1:colcon.colcon_core.package_identification:_identify(src/mujoco_menagerie/pal_tiago_dual/assets/sensors) by extensions ['cmake', 'python']
[0.944s] Level 1:colcon.colcon_core.package_identification:_identify(src/mujoco_menagerie/pal_tiago_dual/assets/sensors) by extension 'cmake'
[0.944s] Level 1:colcon.colcon_core.package_identification:_identify(src/mujoco_menagerie/pal_tiago_dual/assets/sensors) by extension 'python'
[0.944s] Level 1:colcon.colcon_core.package_identification:_identify(src/mujoco_menagerie/pal_tiago_dual/assets/sensors) by extensions ['python_setup_py']
[0.944s] Level 1:colcon.colcon_core.package_identification:_identify(src/mujoco_menagerie/pal_tiago_dual/assets/sensors) by extension 'python_setup_py'
[0.944s] Level 1:colcon.colcon_core.package_identification:_identify(src/mujoco_menagerie/pal_tiago_dual/assets/torso) by extensions ['ignore', 'ignore_ament_install']
[0.944s] Level 1:colcon.colcon_core.package_identification:_identify(src/mujoco_menagerie/pal_tiago_dual/assets/torso) by extension 'ignore'
[0.944s] Level 1:colcon.colcon_core.package_identification:_identify(src/mujoco_menagerie/pal_tiago_dual/assets/torso) by extension 'ignore_ament_install'
[0.944s] Level 1:colcon.colcon_core.package_identification:_identify(src/mujoco_menagerie/pal_tiago_dual/assets/torso) by extensions ['colcon_pkg']
[0.944s] Level 1:colcon.colcon_core.package_identification:_identify(src/mujoco_menagerie/pal_tiago_dual/assets/torso) by extension 'colcon_pkg'
[0.944s] Level 1:colcon.colcon_core.package_identification:_identify(src/mujoco_menagerie/pal_tiago_dual/assets/torso) by extensions ['colcon_meta']
[0.944s] Level 1:colcon.colcon_core.package_identification:_identify(src/mujoco_menagerie/pal_tiago_dual/assets/torso) by extension 'colcon_meta'
[0.944s] Level 1:colcon.colcon_core.package_identification:_identify(src/mujoco_menagerie/pal_tiago_dual/assets/torso) by extensions ['ros']
[0.944s] Level 1:colcon.colcon_core.package_identification:_identify(src/mujoco_menagerie/pal_tiago_dual/assets/torso) by extension 'ros'
[0.944s] Level 1:colcon.colcon_core.package_identification:_identify(src/mujoco_menagerie/pal_tiago_dual/assets/torso) by extensions ['cmake', 'python']
[0.944s] Level 1:colcon.colcon_core.package_identification:_identify(src/mujoco_menagerie/pal_tiago_dual/assets/torso) by extension 'cmake'
[0.944s] Level 1:colcon.colcon_core.package_identification:_identify(src/mujoco_menagerie/pal_tiago_dual/assets/torso) by extension 'python'
[0.944s] Level 1:colcon.colcon_core.package_identification:_identify(src/mujoco_menagerie/pal_tiago_dual/assets/torso) by extensions ['python_setup_py']
[0.945s] Level 1:colcon.colcon_core.package_identification:_identify(src/mujoco_menagerie/pal_tiago_dual/assets/torso) by extension 'python_setup_py'
[0.945s] Level 1:colcon.colcon_core.package_identification:_identify(src/mujoco_menagerie/pal_tiago_dual/assets/wheels) by extensions ['ignore', 'ignore_ament_install']
[0.945s] Level 1:colcon.colcon_core.package_identification:_identify(src/mujoco_menagerie/pal_tiago_dual/assets/wheels) by extension 'ignore'
[0.945s] Level 1:colcon.colcon_core.package_identification:_identify(src/mujoco_menagerie/pal_tiago_dual/assets/wheels) by extension 'ignore_ament_install'
[0.945s] Level 1:colcon.colcon_core.package_identification:_identify(src/mujoco_menagerie/pal_tiago_dual/assets/wheels) by extensions ['colcon_pkg']
[0.945s] Level 1:colcon.colcon_core.package_identification:_identify(src/mujoco_menagerie/pal_tiago_dual/assets/wheels) by extension 'colcon_pkg'
[0.945s] Level 1:colcon.colcon_core.package_identification:_identify(src/mujoco_menagerie/pal_tiago_dual/assets/wheels) by extensions ['colcon_meta']
[0.945s] Level 1:colcon.colcon_core.package_identification:_identify(src/mujoco_menagerie/pal_tiago_dual/assets/wheels) by extension 'colcon_meta'
[0.945s] Level 1:colcon.colcon_core.package_identification:_identify(src/mujoco_menagerie/pal_tiago_dual/assets/wheels) by extensions ['ros']
[0.945s] Level 1:colcon.colcon_core.package_identification:_identify(src/mujoco_menagerie/pal_tiago_dual/assets/wheels) by extension 'ros'
[0.945s] Level 1:colcon.colcon_core.package_identification:_identify(src/mujoco_menagerie/pal_tiago_dual/assets/wheels) by extensions ['cmake', 'python']
[0.945s] Level 1:colcon.colcon_core.package_identification:_identify(src/mujoco_menagerie/pal_tiago_dual/assets/wheels) by extension 'cmake'
[0.945s] Level 1:colcon.colcon_core.package_identification:_identify(src/mujoco_menagerie/pal_tiago_dual/assets/wheels) by extension 'python'
[0.945s] Level 1:colcon.colcon_core.package_identification:_identify(src/mujoco_menagerie/pal_tiago_dual/assets/wheels) by extensions ['python_setup_py']
[0.945s] Level 1:colcon.colcon_core.package_identification:_identify(src/mujoco_menagerie/pal_tiago_dual/assets/wheels) by extension 'python_setup_py'
[0.946s] Level 1:colcon.colcon_core.package_identification:_identify(src/mujoco_menagerie/pndbotics_adam_lite) by extensions ['ignore', 'ignore_ament_install']
[0.946s] Level 1:colcon.colcon_core.package_identification:_identify(src/mujoco_menagerie/pndbotics_adam_lite) by extension 'ignore'
[0.946s] Level 1:colcon.colcon_core.package_identification:_identify(src/mujoco_menagerie/pndbotics_adam_lite) by extension 'ignore_ament_install'
[0.946s] Level 1:colcon.colcon_core.package_identification:_identify(src/mujoco_menagerie/pndbotics_adam_lite) by extensions ['colcon_pkg']
[0.946s] Level 1:colcon.colcon_core.package_identification:_identify(src/mujoco_menagerie/pndbotics_adam_lite) by extension 'colcon_pkg'
[0.946s] Level 1:colcon.colcon_core.package_identification:_identify(src/mujoco_menagerie/pndbotics_adam_lite) by extensions ['colcon_meta']
[0.946s] Level 1:colcon.colcon_core.package_identification:_identify(src/mujoco_menagerie/pndbotics_adam_lite) by extension 'colcon_meta'
[0.946s] Level 1:colcon.colcon_core.package_identification:_identify(src/mujoco_menagerie/pndbotics_adam_lite) by extensions ['ros']
[0.946s] Level 1:colcon.colcon_core.package_identification:_identify(src/mujoco_menagerie/pndbotics_adam_lite) by extension 'ros'
[0.946s] Level 1:colcon.colcon_core.package_identification:_identify(src/mujoco_menagerie/pndbotics_adam_lite) by extensions ['cmake', 'python']
[0.946s] Level 1:colcon.colcon_core.package_identification:_identify(src/mujoco_menagerie/pndbotics_adam_lite) by extension 'cmake'
[0.946s] Level 1:colcon.colcon_core.package_identification:_identify(src/mujoco_menagerie/pndbotics_adam_lite) by extension 'python'
[0.946s] Level 1:colcon.colcon_core.package_identification:_identify(src/mujoco_menagerie/pndbotics_adam_lite) by extensions ['python_setup_py']
[0.946s] Level 1:colcon.colcon_core.package_identification:_identify(src/mujoco_menagerie/pndbotics_adam_lite) by extension 'python_setup_py'
[0.947s] Level 1:colcon.colcon_core.package_identification:_identify(src/mujoco_menagerie/pndbotics_adam_lite/assets) by extensions ['ignore', 'ignore_ament_install']
[0.947s] Level 1:colcon.colcon_core.package_identification:_identify(src/mujoco_menagerie/pndbotics_adam_lite/assets) by extension 'ignore'
[0.947s] Level 1:colcon.colcon_core.package_identification:_identify(src/mujoco_menagerie/pndbotics_adam_lite/assets) by extension 'ignore_ament_install'
[0.947s] Level 1:colcon.colcon_core.package_identification:_identify(src/mujoco_menagerie/pndbotics_adam_lite/assets) by extensions ['colcon_pkg']
[0.947s] Level 1:colcon.colcon_core.package_identification:_identify(src/mujoco_menagerie/pndbotics_adam_lite/assets) by extension 'colcon_pkg'
[0.947s] Level 1:colcon.colcon_core.package_identification:_identify(src/mujoco_menagerie/pndbotics_adam_lite/assets) by extensions ['colcon_meta']
[0.947s] Level 1:colcon.colcon_core.package_identification:_identify(src/mujoco_menagerie/pndbotics_adam_lite/assets) by extension 'colcon_meta'
[0.947s] Level 1:colcon.colcon_core.package_identification:_identify(src/mujoco_menagerie/pndbotics_adam_lite/assets) by extensions ['ros']
[0.947s] Level 1:colcon.colcon_core.package_identification:_identify(src/mujoco_menagerie/pndbotics_adam_lite/assets) by extension 'ros'
[0.947s] Level 1:colcon.colcon_core.package_identification:_identify(src/mujoco_menagerie/pndbotics_adam_lite/assets) by extensions ['cmake', 'python']
[0.947s] Level 1:colcon.colcon_core.package_identification:_identify(src/mujoco_menagerie/pndbotics_adam_lite/assets) by extension 'cmake'
[0.947s] Level 1:colcon.colcon_core.package_identification:_identify(src/mujoco_menagerie/pndbotics_adam_lite/assets) by extension 'python'
[0.947s] Level 1:colcon.colcon_core.package_identification:_identify(src/mujoco_menagerie/pndbotics_adam_lite/assets) by extensions ['python_setup_py']
[0.947s] Level 1:colcon.colcon_core.package_identification:_identify(src/mujoco_menagerie/pndbotics_adam_lite/assets) by extension 'python_setup_py'
[0.948s] Level 1:colcon.colcon_core.package_identification:_identify(src/mujoco_menagerie/realsense_d435i) by extensions ['ignore', 'ignore_ament_install']
[0.948s] Level 1:colcon.colcon_core.package_identification:_identify(src/mujoco_menagerie/realsense_d435i) by extension 'ignore'
[0.948s] Level 1:colcon.colcon_core.package_identification:_identify(src/mujoco_menagerie/realsense_d435i) by extension 'ignore_ament_install'
[0.948s] Level 1:colcon.colcon_core.package_identification:_identify(src/mujoco_menagerie/realsense_d435i) by extensions ['colcon_pkg']
[0.948s] Level 1:colcon.colcon_core.package_identification:_identify(src/mujoco_menagerie/realsense_d435i) by extension 'colcon_pkg'
[0.948s] Level 1:colcon.colcon_core.package_identification:_identify(src/mujoco_menagerie/realsense_d435i) by extensions ['colcon_meta']
[0.948s] Level 1:colcon.colcon_core.package_identification:_identify(src/mujoco_menagerie/realsense_d435i) by extension 'colcon_meta'
[0.948s] Level 1:colcon.colcon_core.package_identification:_identify(src/mujoco_menagerie/realsense_d435i) by extensions ['ros']
[0.948s] Level 1:colcon.colcon_core.package_identification:_identify(src/mujoco_menagerie/realsense_d435i) by extension 'ros'
[0.948s] Level 1:colcon.colcon_core.package_identification:_identify(src/mujoco_menagerie/realsense_d435i) by extensions ['cmake', 'python']
[0.948s] Level 1:colcon.colcon_core.package_identification:_identify(src/mujoco_menagerie/realsense_d435i) by extension 'cmake'
[0.948s] Level 1:colcon.colcon_core.package_identification:_identify(src/mujoco_menagerie/realsense_d435i) by extension 'python'
[0.948s] Level 1:colcon.colcon_core.package_identification:_identify(src/mujoco_menagerie/realsense_d435i) by extensions ['python_setup_py']
[0.948s] Level 1:colcon.colcon_core.package_identification:_identify(src/mujoco_menagerie/realsense_d435i) by extension 'python_setup_py'
[0.948s] Level 1:colcon.colcon_core.package_identification:_identify(src/mujoco_menagerie/realsense_d435i/assets) by extensions ['ignore', 'ignore_ament_install']
[0.948s] Level 1:colcon.colcon_core.package_identification:_identify(src/mujoco_menagerie/realsense_d435i/assets) by extension 'ignore'
[0.949s] Level 1:colcon.colcon_core.package_identification:_identify(src/mujoco_menagerie/realsense_d435i/assets) by extension 'ignore_ament_install'
[0.949s] Level 1:colcon.colcon_core.package_identification:_identify(src/mujoco_menagerie/realsense_d435i/assets) by extensions ['colcon_pkg']
[0.949s] Level 1:colcon.colcon_core.package_identification:_identify(src/mujoco_menagerie/realsense_d435i/assets) by extension 'colcon_pkg'
[0.949s] Level 1:colcon.colcon_core.package_identification:_identify(src/mujoco_menagerie/realsense_d435i/assets) by extensions ['colcon_meta']
[0.949s] Level 1:colcon.colcon_core.package_identification:_identify(src/mujoco_menagerie/realsense_d435i/assets) by extension 'colcon_meta'
[0.949s] Level 1:colcon.colcon_core.package_identification:_identify(src/mujoco_menagerie/realsense_d435i/assets) by extensions ['ros']
[0.949s] Level 1:colcon.colcon_core.package_identification:_identify(src/mujoco_menagerie/realsense_d435i/assets) by extension 'ros'
[0.949s] Level 1:colcon.colcon_core.package_identification:_identify(src/mujoco_menagerie/realsense_d435i/assets) by extensions ['cmake', 'python']
[0.949s] Level 1:colcon.colcon_core.package_identification:_identify(src/mujoco_menagerie/realsense_d435i/assets) by extension 'cmake'
[0.949s] Level 1:colcon.colcon_core.package_identification:_identify(src/mujoco_menagerie/realsense_d435i/assets) by extension 'python'
[0.949s] Level 1:colcon.colcon_core.package_identification:_identify(src/mujoco_menagerie/realsense_d435i/assets) by extensions ['python_setup_py']
[0.949s] Level 1:colcon.colcon_core.package_identification:_identify(src/mujoco_menagerie/realsense_d435i/assets) by extension 'python_setup_py'
[0.949s] Level 1:colcon.colcon_core.package_identification:_identify(src/mujoco_menagerie/rethink_robotics_sawyer) by extensions ['ignore', 'ignore_ament_install']
[0.949s] Level 1:colcon.colcon_core.package_identification:_identify(src/mujoco_menagerie/rethink_robotics_sawyer) by extension 'ignore'
[0.949s] Level 1:colcon.colcon_core.package_identification:_identify(src/mujoco_menagerie/rethink_robotics_sawyer) by extension 'ignore_ament_install'
[0.949s] Level 1:colcon.colcon_core.package_identification:_identify(src/mujoco_menagerie/rethink_robotics_sawyer) by extensions ['colcon_pkg']
[0.949s] Level 1:colcon.colcon_core.package_identification:_identify(src/mujoco_menagerie/rethink_robotics_sawyer) by extension 'colcon_pkg'
[0.950s] Level 1:colcon.colcon_core.package_identification:_identify(src/mujoco_menagerie/rethink_robotics_sawyer) by extensions ['colcon_meta']
[0.950s] Level 1:colcon.colcon_core.package_identification:_identify(src/mujoco_menagerie/rethink_robotics_sawyer) by extension 'colcon_meta'
[0.950s] Level 1:colcon.colcon_core.package_identification:_identify(src/mujoco_menagerie/rethink_robotics_sawyer) by extensions ['ros']
[0.950s] Level 1:colcon.colcon_core.package_identification:_identify(src/mujoco_menagerie/rethink_robotics_sawyer) by extension 'ros'
[0.950s] Level 1:colcon.colcon_core.package_identification:_identify(src/mujoco_menagerie/rethink_robotics_sawyer) by extensions ['cmake', 'python']
[0.950s] Level 1:colcon.colcon_core.package_identification:_identify(src/mujoco_menagerie/rethink_robotics_sawyer) by extension 'cmake'
[0.950s] Level 1:colcon.colcon_core.package_identification:_identify(src/mujoco_menagerie/rethink_robotics_sawyer) by extension 'python'
[0.950s] Level 1:colcon.colcon_core.package_identification:_identify(src/mujoco_menagerie/rethink_robotics_sawyer) by extensions ['python_setup_py']
[0.950s] Level 1:colcon.colcon_core.package_identification:_identify(src/mujoco_menagerie/rethink_robotics_sawyer) by extension 'python_setup_py'
[0.950s] Level 1:colcon.colcon_core.package_identification:_identify(src/mujoco_menagerie/rethink_robotics_sawyer/assets) by extensions ['ignore', 'ignore_ament_install']
[0.950s] Level 1:colcon.colcon_core.package_identification:_identify(src/mujoco_menagerie/rethink_robotics_sawyer/assets) by extension 'ignore'
[0.950s] Level 1:colcon.colcon_core.package_identification:_identify(src/mujoco_menagerie/rethink_robotics_sawyer/assets) by extension 'ignore_ament_install'
[0.950s] Level 1:colcon.colcon_core.package_identification:_identify(src/mujoco_menagerie/rethink_robotics_sawyer/assets) by extensions ['colcon_pkg']
[0.951s] Level 1:colcon.colcon_core.package_identification:_identify(src/mujoco_menagerie/rethink_robotics_sawyer/assets) by extension 'colcon_pkg'
[0.951s] Level 1:colcon.colcon_core.package_identification:_identify(src/mujoco_menagerie/rethink_robotics_sawyer/assets) by extensions ['colcon_meta']
[0.951s] Level 1:colcon.colcon_core.package_identification:_identify(src/mujoco_menagerie/rethink_robotics_sawyer/assets) by extension 'colcon_meta'
[0.951s] Level 1:colcon.colcon_core.package_identification:_identify(src/mujoco_menagerie/rethink_robotics_sawyer/assets) by extensions ['ros']
[0.951s] Level 1:colcon.colcon_core.package_identification:_identify(src/mujoco_menagerie/rethink_robotics_sawyer/assets) by extension 'ros'
[0.951s] Level 1:colcon.colcon_core.package_identification:_identify(src/mujoco_menagerie/rethink_robotics_sawyer/assets) by extensions ['cmake', 'python']
[0.951s] Level 1:colcon.colcon_core.package_identification:_identify(src/mujoco_menagerie/rethink_robotics_sawyer/assets) by extension 'cmake'
[0.951s] Level 1:colcon.colcon_core.package_identification:_identify(src/mujoco_menagerie/rethink_robotics_sawyer/assets) by extension 'python'
[0.951s] Level 1:colcon.colcon_core.package_identification:_identify(src/mujoco_menagerie/rethink_robotics_sawyer/assets) by extensions ['python_setup_py']
[0.951s] Level 1:colcon.colcon_core.package_identification:_identify(src/mujoco_menagerie/rethink_robotics_sawyer/assets) by extension 'python_setup_py'
[0.951s] Level 1:colcon.colcon_core.package_identification:_identify(src/mujoco_menagerie/robot_soccer_kit) by extensions ['ignore', 'ignore_ament_install']
[0.951s] Level 1:colcon.colcon_core.package_identification:_identify(src/mujoco_menagerie/robot_soccer_kit) by extension 'ignore'
[0.951s] Level 1:colcon.colcon_core.package_identification:_identify(src/mujoco_menagerie/robot_soccer_kit) by extension 'ignore_ament_install'
[0.951s] Level 1:colcon.colcon_core.package_identification:_identify(src/mujoco_menagerie/robot_soccer_kit) by extensions ['colcon_pkg']
[0.951s] Level 1:colcon.colcon_core.package_identification:_identify(src/mujoco_menagerie/robot_soccer_kit) by extension 'colcon_pkg'
[0.951s] Level 1:colcon.colcon_core.package_identification:_identify(src/mujoco_menagerie/robot_soccer_kit) by extensions ['colcon_meta']
[0.951s] Level 1:colcon.colcon_core.package_identification:_identify(src/mujoco_menagerie/robot_soccer_kit) by extension 'colcon_meta'
[0.952s] Level 1:colcon.colcon_core.package_identification:_identify(src/mujoco_menagerie/robot_soccer_kit) by extensions ['ros']
[0.952s] Level 1:colcon.colcon_core.package_identification:_identify(src/mujoco_menagerie/robot_soccer_kit) by extension 'ros'
[0.952s] Level 1:colcon.colcon_core.package_identification:_identify(src/mujoco_menagerie/robot_soccer_kit) by extensions ['cmake', 'python']
[0.952s] Level 1:colcon.colcon_core.package_identification:_identify(src/mujoco_menagerie/robot_soccer_kit) by extension 'cmake'
[0.952s] Level 1:colcon.colcon_core.package_identification:_identify(src/mujoco_menagerie/robot_soccer_kit) by extension 'python'
[0.952s] Level 1:colcon.colcon_core.package_identification:_identify(src/mujoco_menagerie/robot_soccer_kit) by extensions ['python_setup_py']
[0.952s] Level 1:colcon.colcon_core.package_identification:_identify(src/mujoco_menagerie/robot_soccer_kit) by extension 'python_setup_py'
[0.952s] Level 1:colcon.colcon_core.package_identification:_identify(src/mujoco_menagerie/robot_soccer_kit/assets) by extensions ['ignore', 'ignore_ament_install']
[0.952s] Level 1:colcon.colcon_core.package_identification:_identify(src/mujoco_menagerie/robot_soccer_kit/assets) by extension 'ignore'
[0.952s] Level 1:colcon.colcon_core.package_identification:_identify(src/mujoco_menagerie/robot_soccer_kit/assets) by extension 'ignore_ament_install'
[0.952s] Level 1:colcon.colcon_core.package_identification:_identify(src/mujoco_menagerie/robot_soccer_kit/assets) by extensions ['colcon_pkg']
[0.952s] Level 1:colcon.colcon_core.package_identification:_identify(src/mujoco_menagerie/robot_soccer_kit/assets) by extension 'colcon_pkg'
[0.952s] Level 1:colcon.colcon_core.package_identification:_identify(src/mujoco_menagerie/robot_soccer_kit/assets) by extensions ['colcon_meta']
[0.952s] Level 1:colcon.colcon_core.package_identification:_identify(src/mujoco_menagerie/robot_soccer_kit/assets) by extension 'colcon_meta'
[0.952s] Level 1:colcon.colcon_core.package_identification:_identify(src/mujoco_menagerie/robot_soccer_kit/assets) by extensions ['ros']
[0.952s] Level 1:colcon.colcon_core.package_identification:_identify(src/mujoco_menagerie/robot_soccer_kit/assets) by extension 'ros'
[0.953s] Level 1:colcon.colcon_core.package_identification:_identify(src/mujoco_menagerie/robot_soccer_kit/assets) by extensions ['cmake', 'python']
[0.953s] Level 1:colcon.colcon_core.package_identification:_identify(src/mujoco_menagerie/robot_soccer_kit/assets) by extension 'cmake'
[0.953s] Level 1:colcon.colcon_core.package_identification:_identify(src/mujoco_menagerie/robot_soccer_kit/assets) by extension 'python'
[0.953s] Level 1:colcon.colcon_core.package_identification:_identify(src/mujoco_menagerie/robot_soccer_kit/assets) by extensions ['python_setup_py']
[0.953s] Level 1:colcon.colcon_core.package_identification:_identify(src/mujoco_menagerie/robot_soccer_kit/assets) by extension 'python_setup_py'
[0.953s] Level 1:colcon.colcon_core.package_identification:_identify(src/mujoco_menagerie/robotiq_2f85) by extensions ['ignore', 'ignore_ament_install']
[0.953s] Level 1:colcon.colcon_core.package_identification:_identify(src/mujoco_menagerie/robotiq_2f85) by extension 'ignore'
[0.953s] Level 1:colcon.colcon_core.package_identification:_identify(src/mujoco_menagerie/robotiq_2f85) by extension 'ignore_ament_install'
[0.953s] Level 1:colcon.colcon_core.package_identification:_identify(src/mujoco_menagerie/robotiq_2f85) by extensions ['colcon_pkg']
[0.953s] Level 1:colcon.colcon_core.package_identification:_identify(src/mujoco_menagerie/robotiq_2f85) by extension 'colcon_pkg'
[0.953s] Level 1:colcon.colcon_core.package_identification:_identify(src/mujoco_menagerie/robotiq_2f85) by extensions ['colcon_meta']
[0.953s] Level 1:colcon.colcon_core.package_identification:_identify(src/mujoco_menagerie/robotiq_2f85) by extension 'colcon_meta'
[0.953s] Level 1:colcon.colcon_core.package_identification:_identify(src/mujoco_menagerie/robotiq_2f85) by extensions ['ros']
[0.953s] Level 1:colcon.colcon_core.package_identification:_identify(src/mujoco_menagerie/robotiq_2f85) by extension 'ros'
[0.953s] Level 1:colcon.colcon_core.package_identification:_identify(src/mujoco_menagerie/robotiq_2f85) by extensions ['cmake', 'python']
[0.953s] Level 1:colcon.colcon_core.package_identification:_identify(src/mujoco_menagerie/robotiq_2f85) by extension 'cmake'
[0.953s] Level 1:colcon.colcon_core.package_identification:_identify(src/mujoco_menagerie/robotiq_2f85) by extension 'python'
[0.954s] Level 1:colcon.colcon_core.package_identification:_identify(src/mujoco_menagerie/robotiq_2f85) by extensions ['python_setup_py']
[0.954s] Level 1:colcon.colcon_core.package_identification:_identify(src/mujoco_menagerie/robotiq_2f85) by extension 'python_setup_py'
[0.954s] Level 1:colcon.colcon_core.package_identification:_identify(src/mujoco_menagerie/robotiq_2f85/assets) by extensions ['ignore', 'ignore_ament_install']
[0.954s] Level 1:colcon.colcon_core.package_identification:_identify(src/mujoco_menagerie/robotiq_2f85/assets) by extension 'ignore'
[0.954s] Level 1:colcon.colcon_core.package_identification:_identify(src/mujoco_menagerie/robotiq_2f85/assets) by extension 'ignore_ament_install'
[0.954s] Level 1:colcon.colcon_core.package_identification:_identify(src/mujoco_menagerie/robotiq_2f85/assets) by extensions ['colcon_pkg']
[0.954s] Level 1:colcon.colcon_core.package_identification:_identify(src/mujoco_menagerie/robotiq_2f85/assets) by extension 'colcon_pkg'
[0.954s] Level 1:colcon.colcon_core.package_identification:_identify(src/mujoco_menagerie/robotiq_2f85/assets) by extensions ['colcon_meta']
[0.954s] Level 1:colcon.colcon_core.package_identification:_identify(src/mujoco_menagerie/robotiq_2f85/assets) by extension 'colcon_meta'
[0.954s] Level 1:colcon.colcon_core.package_identification:_identify(src/mujoco_menagerie/robotiq_2f85/assets) by extensions ['ros']
[0.954s] Level 1:colcon.colcon_core.package_identification:_identify(src/mujoco_menagerie/robotiq_2f85/assets) by extension 'ros'
[0.954s] Level 1:colcon.colcon_core.package_identification:_identify(src/mujoco_menagerie/robotiq_2f85/assets) by extensions ['cmake', 'python']
[0.954s] Level 1:colcon.colcon_core.package_identification:_identify(src/mujoco_menagerie/robotiq_2f85/assets) by extension 'cmake'
[0.954s] Level 1:colcon.colcon_core.package_identification:_identify(src/mujoco_menagerie/robotiq_2f85/assets) by extension 'python'
[0.954s] Level 1:colcon.colcon_core.package_identification:_identify(src/mujoco_menagerie/robotiq_2f85/assets) by extensions ['python_setup_py']
[0.954s] Level 1:colcon.colcon_core.package_identification:_identify(src/mujoco_menagerie/robotiq_2f85/assets) by extension 'python_setup_py'
[0.955s] Level 1:colcon.colcon_core.package_identification:_identify(src/mujoco_menagerie/robotiq_2f85_v4) by extensions ['ignore', 'ignore_ament_install']
[0.955s] Level 1:colcon.colcon_core.package_identification:_identify(src/mujoco_menagerie/robotiq_2f85_v4) by extension 'ignore'
[0.955s] Level 1:colcon.colcon_core.package_identification:_identify(src/mujoco_menagerie/robotiq_2f85_v4) by extension 'ignore_ament_install'
[0.955s] Level 1:colcon.colcon_core.package_identification:_identify(src/mujoco_menagerie/robotiq_2f85_v4) by extensions ['colcon_pkg']
[0.955s] Level 1:colcon.colcon_core.package_identification:_identify(src/mujoco_menagerie/robotiq_2f85_v4) by extension 'colcon_pkg'
[0.955s] Level 1:colcon.colcon_core.package_identification:_identify(src/mujoco_menagerie/robotiq_2f85_v4) by extensions ['colcon_meta']
[0.955s] Level 1:colcon.colcon_core.package_identification:_identify(src/mujoco_menagerie/robotiq_2f85_v4) by extension 'colcon_meta'
[0.955s] Level 1:colcon.colcon_core.package_identification:_identify(src/mujoco_menagerie/robotiq_2f85_v4) by extensions ['ros']
[0.955s] Level 1:colcon.colcon_core.package_identification:_identify(src/mujoco_menagerie/robotiq_2f85_v4) by extension 'ros'
[0.955s] Level 1:colcon.colcon_core.package_identification:_identify(src/mujoco_menagerie/robotiq_2f85_v4) by extensions ['cmake', 'python']
[0.955s] Level 1:colcon.colcon_core.package_identification:_identify(src/mujoco_menagerie/robotiq_2f85_v4) by extension 'cmake'
[0.955s] Level 1:colcon.colcon_core.package_identification:_identify(src/mujoco_menagerie/robotiq_2f85_v4) by extension 'python'
[0.955s] Level 1:colcon.colcon_core.package_identification:_identify(src/mujoco_menagerie/robotiq_2f85_v4) by extensions ['python_setup_py']
[0.955s] Level 1:colcon.colcon_core.package_identification:_identify(src/mujoco_menagerie/robotiq_2f85_v4) by extension 'python_setup_py'
[0.955s] Level 1:colcon.colcon_core.package_identification:_identify(src/mujoco_menagerie/robotiq_2f85_v4/assets) by extensions ['ignore', 'ignore_ament_install']
[0.956s] Level 1:colcon.colcon_core.package_identification:_identify(src/mujoco_menagerie/robotiq_2f85_v4/assets) by extension 'ignore'
[0.956s] Level 1:colcon.colcon_core.package_identification:_identify(src/mujoco_menagerie/robotiq_2f85_v4/assets) by extension 'ignore_ament_install'
[0.956s] Level 1:colcon.colcon_core.package_identification:_identify(src/mujoco_menagerie/robotiq_2f85_v4/assets) by extensions ['colcon_pkg']
[0.956s] Level 1:colcon.colcon_core.package_identification:_identify(src/mujoco_menagerie/robotiq_2f85_v4/assets) by extension 'colcon_pkg'
[0.956s] Level 1:colcon.colcon_core.package_identification:_identify(src/mujoco_menagerie/robotiq_2f85_v4/assets) by extensions ['colcon_meta']
[0.956s] Level 1:colcon.colcon_core.package_identification:_identify(src/mujoco_menagerie/robotiq_2f85_v4/assets) by extension 'colcon_meta'
[0.956s] Level 1:colcon.colcon_core.package_identification:_identify(src/mujoco_menagerie/robotiq_2f85_v4/assets) by extensions ['ros']
[0.956s] Level 1:colcon.colcon_core.package_identification:_identify(src/mujoco_menagerie/robotiq_2f85_v4/assets) by extension 'ros'
[0.956s] Level 1:colcon.colcon_core.package_identification:_identify(src/mujoco_menagerie/robotiq_2f85_v4/assets) by extensions ['cmake', 'python']
[0.956s] Level 1:colcon.colcon_core.package_identification:_identify(src/mujoco_menagerie/robotiq_2f85_v4/assets) by extension 'cmake'
[0.956s] Level 1:colcon.colcon_core.package_identification:_identify(src/mujoco_menagerie/robotiq_2f85_v4/assets) by extension 'python'
[0.956s] Level 1:colcon.colcon_core.package_identification:_identify(src/mujoco_menagerie/robotiq_2f85_v4/assets) by extensions ['python_setup_py']
[0.956s] Level 1:colcon.colcon_core.package_identification:_identify(src/mujoco_menagerie/robotiq_2f85_v4/assets) by extension 'python_setup_py'
[0.956s] Level 1:colcon.colcon_core.package_identification:_identify(src/mujoco_menagerie/robotis_op3) by extensions ['ignore', 'ignore_ament_install']
[0.956s] Level 1:colcon.colcon_core.package_identification:_identify(src/mujoco_menagerie/robotis_op3) by extension 'ignore'
[0.956s] Level 1:colcon.colcon_core.package_identification:_identify(src/mujoco_menagerie/robotis_op3) by extension 'ignore_ament_install'
[0.957s] Level 1:colcon.colcon_core.package_identification:_identify(src/mujoco_menagerie/robotis_op3) by extensions ['colcon_pkg']
[0.957s] Level 1:colcon.colcon_core.package_identification:_identify(src/mujoco_menagerie/robotis_op3) by extension 'colcon_pkg'
[0.957s] Level 1:colcon.colcon_core.package_identification:_identify(src/mujoco_menagerie/robotis_op3) by extensions ['colcon_meta']
[0.957s] Level 1:colcon.colcon_core.package_identification:_identify(src/mujoco_menagerie/robotis_op3) by extension 'colcon_meta'
[0.957s] Level 1:colcon.colcon_core.package_identification:_identify(src/mujoco_menagerie/robotis_op3) by extensions ['ros']
[0.957s] Level 1:colcon.colcon_core.package_identification:_identify(src/mujoco_menagerie/robotis_op3) by extension 'ros'
[0.957s] Level 1:colcon.colcon_core.package_identification:_identify(src/mujoco_menagerie/robotis_op3) by extensions ['cmake', 'python']
[0.957s] Level 1:colcon.colcon_core.package_identification:_identify(src/mujoco_menagerie/robotis_op3) by extension 'cmake'
[0.957s] Level 1:colcon.colcon_core.package_identification:_identify(src/mujoco_menagerie/robotis_op3) by extension 'python'
[0.957s] Level 1:colcon.colcon_core.package_identification:_identify(src/mujoco_menagerie/robotis_op3) by extensions ['python_setup_py']
[0.957s] Level 1:colcon.colcon_core.package_identification:_identify(src/mujoco_menagerie/robotis_op3) by extension 'python_setup_py'
[0.957s] Level 1:colcon.colcon_core.package_identification:_identify(src/mujoco_menagerie/robotis_op3/assets) by extensions ['ignore', 'ignore_ament_install']
[0.957s] Level 1:colcon.colcon_core.package_identification:_identify(src/mujoco_menagerie/robotis_op3/assets) by extension 'ignore'
[0.957s] Level 1:colcon.colcon_core.package_identification:_identify(src/mujoco_menagerie/robotis_op3/assets) by extension 'ignore_ament_install'
[0.957s] Level 1:colcon.colcon_core.package_identification:_identify(src/mujoco_menagerie/robotis_op3/assets) by extensions ['colcon_pkg']
[0.957s] Level 1:colcon.colcon_core.package_identification:_identify(src/mujoco_menagerie/robotis_op3/assets) by extension 'colcon_pkg'
[0.957s] Level 1:colcon.colcon_core.package_identification:_identify(src/mujoco_menagerie/robotis_op3/assets) by extensions ['colcon_meta']
[0.958s] Level 1:colcon.colcon_core.package_identification:_identify(src/mujoco_menagerie/robotis_op3/assets) by extension 'colcon_meta'
[0.958s] Level 1:colcon.colcon_core.package_identification:_identify(src/mujoco_menagerie/robotis_op3/assets) by extensions ['ros']
[0.958s] Level 1:colcon.colcon_core.package_identification:_identify(src/mujoco_menagerie/robotis_op3/assets) by extension 'ros'
[0.958s] Level 1:colcon.colcon_core.package_identification:_identify(src/mujoco_menagerie/robotis_op3/assets) by extensions ['cmake', 'python']
[0.958s] Level 1:colcon.colcon_core.package_identification:_identify(src/mujoco_menagerie/robotis_op3/assets) by extension 'cmake'
[0.958s] Level 1:colcon.colcon_core.package_identification:_identify(src/mujoco_menagerie/robotis_op3/assets) by extension 'python'
[0.958s] Level 1:colcon.colcon_core.package_identification:_identify(src/mujoco_menagerie/robotis_op3/assets) by extensions ['python_setup_py']
[0.958s] Level 1:colcon.colcon_core.package_identification:_identify(src/mujoco_menagerie/robotis_op3/assets) by extension 'python_setup_py'
[0.958s] Level 1:colcon.colcon_core.package_identification:_identify(src/mujoco_menagerie/robotis_op3/assets/simplified_convex) by extensions ['ignore', 'ignore_ament_install']
[0.958s] Level 1:colcon.colcon_core.package_identification:_identify(src/mujoco_menagerie/robotis_op3/assets/simplified_convex) by extension 'ignore'
[0.958s] Level 1:colcon.colcon_core.package_identification:_identify(src/mujoco_menagerie/robotis_op3/assets/simplified_convex) by extension 'ignore_ament_install'
[0.959s] Level 1:colcon.colcon_core.package_identification:_identify(src/mujoco_menagerie/robotis_op3/assets/simplified_convex) by extensions ['colcon_pkg']
[0.959s] Level 1:colcon.colcon_core.package_identification:_identify(src/mujoco_menagerie/robotis_op3/assets/simplified_convex) by extension 'colcon_pkg'
[0.959s] Level 1:colcon.colcon_core.package_identification:_identify(src/mujoco_menagerie/robotis_op3/assets/simplified_convex) by extensions ['colcon_meta']
[0.959s] Level 1:colcon.colcon_core.package_identification:_identify(src/mujoco_menagerie/robotis_op3/assets/simplified_convex) by extension 'colcon_meta'
[0.959s] Level 1:colcon.colcon_core.package_identification:_identify(src/mujoco_menagerie/robotis_op3/assets/simplified_convex) by extensions ['ros']
[0.959s] Level 1:colcon.colcon_core.package_identification:_identify(src/mujoco_menagerie/robotis_op3/assets/simplified_convex) by extension 'ros'
[0.959s] Level 1:colcon.colcon_core.package_identification:_identify(src/mujoco_menagerie/robotis_op3/assets/simplified_convex) by extensions ['cmake', 'python']
[0.959s] Level 1:colcon.colcon_core.package_identification:_identify(src/mujoco_menagerie/robotis_op3/assets/simplified_convex) by extension 'cmake'
[0.959s] Level 1:colcon.colcon_core.package_identification:_identify(src/mujoco_menagerie/robotis_op3/assets/simplified_convex) by extension 'python'
[0.959s] Level 1:colcon.colcon_core.package_identification:_identify(src/mujoco_menagerie/robotis_op3/assets/simplified_convex) by extensions ['python_setup_py']
[0.959s] Level 1:colcon.colcon_core.package_identification:_identify(src/mujoco_menagerie/robotis_op3/assets/simplified_convex) by extension 'python_setup_py'
[0.959s] Level 1:colcon.colcon_core.package_identification:_identify(src/mujoco_menagerie/shadow_dexee) by extensions ['ignore', 'ignore_ament_install']
[0.959s] Level 1:colcon.colcon_core.package_identification:_identify(src/mujoco_menagerie/shadow_dexee) by extension 'ignore'
[0.959s] Level 1:colcon.colcon_core.package_identification:_identify(src/mujoco_menagerie/shadow_dexee) by extension 'ignore_ament_install'
[0.960s] Level 1:colcon.colcon_core.package_identification:_identify(src/mujoco_menagerie/shadow_dexee) by extensions ['colcon_pkg']
[0.960s] Level 1:colcon.colcon_core.package_identification:_identify(src/mujoco_menagerie/shadow_dexee) by extension 'colcon_pkg'
[0.960s] Level 1:colcon.colcon_core.package_identification:_identify(src/mujoco_menagerie/shadow_dexee) by extensions ['colcon_meta']
[0.960s] Level 1:colcon.colcon_core.package_identification:_identify(src/mujoco_menagerie/shadow_dexee) by extension 'colcon_meta'
[0.960s] Level 1:colcon.colcon_core.package_identification:_identify(src/mujoco_menagerie/shadow_dexee) by extensions ['ros']
[0.960s] Level 1:colcon.colcon_core.package_identification:_identify(src/mujoco_menagerie/shadow_dexee) by extension 'ros'
[0.960s] Level 1:colcon.colcon_core.package_identification:_identify(src/mujoco_menagerie/shadow_dexee) by extensions ['cmake', 'python']
[0.960s] Level 1:colcon.colcon_core.package_identification:_identify(src/mujoco_menagerie/shadow_dexee) by extension 'cmake'
[0.960s] Level 1:colcon.colcon_core.package_identification:_identify(src/mujoco_menagerie/shadow_dexee) by extension 'python'
[0.960s] Level 1:colcon.colcon_core.package_identification:_identify(src/mujoco_menagerie/shadow_dexee) by extensions ['python_setup_py']
[0.960s] Level 1:colcon.colcon_core.package_identification:_identify(src/mujoco_menagerie/shadow_dexee) by extension 'python_setup_py'
[0.960s] Level 1:colcon.colcon_core.package_identification:_identify(src/mujoco_menagerie/shadow_dexee/assets) by extensions ['ignore', 'ignore_ament_install']
[0.960s] Level 1:colcon.colcon_core.package_identification:_identify(src/mujoco_menagerie/shadow_dexee/assets) by extension 'ignore'
[0.960s] Level 1:colcon.colcon_core.package_identification:_identify(src/mujoco_menagerie/shadow_dexee/assets) by extension 'ignore_ament_install'
[0.961s] Level 1:colcon.colcon_core.package_identification:_identify(src/mujoco_menagerie/shadow_dexee/assets) by extensions ['colcon_pkg']
[0.961s] Level 1:colcon.colcon_core.package_identification:_identify(src/mujoco_menagerie/shadow_dexee/assets) by extension 'colcon_pkg'
[0.961s] Level 1:colcon.colcon_core.package_identification:_identify(src/mujoco_menagerie/shadow_dexee/assets) by extensions ['colcon_meta']
[0.961s] Level 1:colcon.colcon_core.package_identification:_identify(src/mujoco_menagerie/shadow_dexee/assets) by extension 'colcon_meta'
[0.961s] Level 1:colcon.colcon_core.package_identification:_identify(src/mujoco_menagerie/shadow_dexee/assets) by extensions ['ros']
[0.961s] Level 1:colcon.colcon_core.package_identification:_identify(src/mujoco_menagerie/shadow_dexee/assets) by extension 'ros'
[0.961s] Level 1:colcon.colcon_core.package_identification:_identify(src/mujoco_menagerie/shadow_dexee/assets) by extensions ['cmake', 'python']
[0.961s] Level 1:colcon.colcon_core.package_identification:_identify(src/mujoco_menagerie/shadow_dexee/assets) by extension 'cmake'
[0.961s] Level 1:colcon.colcon_core.package_identification:_identify(src/mujoco_menagerie/shadow_dexee/assets) by extension 'python'
[0.961s] Level 1:colcon.colcon_core.package_identification:_identify(src/mujoco_menagerie/shadow_dexee/assets) by extensions ['python_setup_py']
[0.961s] Level 1:colcon.colcon_core.package_identification:_identify(src/mujoco_menagerie/shadow_dexee/assets) by extension 'python_setup_py'
[0.961s] Level 1:colcon.colcon_core.package_identification:_identify(src/mujoco_menagerie/shadow_hand) by extensions ['ignore', 'ignore_ament_install']
[0.961s] Level 1:colcon.colcon_core.package_identification:_identify(src/mujoco_menagerie/shadow_hand) by extension 'ignore'
[0.961s] Level 1:colcon.colcon_core.package_identification:_identify(src/mujoco_menagerie/shadow_hand) by extension 'ignore_ament_install'
[0.962s] Level 1:colcon.colcon_core.package_identification:_identify(src/mujoco_menagerie/shadow_hand) by extensions ['colcon_pkg']
[0.962s] Level 1:colcon.colcon_core.package_identification:_identify(src/mujoco_menagerie/shadow_hand) by extension 'colcon_pkg'
[0.962s] Level 1:colcon.colcon_core.package_identification:_identify(src/mujoco_menagerie/shadow_hand) by extensions ['colcon_meta']
[0.962s] Level 1:colcon.colcon_core.package_identification:_identify(src/mujoco_menagerie/shadow_hand) by extension 'colcon_meta'
[0.962s] Level 1:colcon.colcon_core.package_identification:_identify(src/mujoco_menagerie/shadow_hand) by extensions ['ros']
[0.962s] Level 1:colcon.colcon_core.package_identification:_identify(src/mujoco_menagerie/shadow_hand) by extension 'ros'
[0.962s] Level 1:colcon.colcon_core.package_identification:_identify(src/mujoco_menagerie/shadow_hand) by extensions ['cmake', 'python']
[0.962s] Level 1:colcon.colcon_core.package_identification:_identify(src/mujoco_menagerie/shadow_hand) by extension 'cmake'
[0.962s] Level 1:colcon.colcon_core.package_identification:_identify(src/mujoco_menagerie/shadow_hand) by extension 'python'
[0.962s] Level 1:colcon.colcon_core.package_identification:_identify(src/mujoco_menagerie/shadow_hand) by extensions ['python_setup_py']
[0.962s] Level 1:colcon.colcon_core.package_identification:_identify(src/mujoco_menagerie/shadow_hand) by extension 'python_setup_py'
[0.962s] Level 1:colcon.colcon_core.package_identification:_identify(src/mujoco_menagerie/shadow_hand/assets) by extensions ['ignore', 'ignore_ament_install']
[0.962s] Level 1:colcon.colcon_core.package_identification:_identify(src/mujoco_menagerie/shadow_hand/assets) by extension 'ignore'
[0.962s] Level 1:colcon.colcon_core.package_identification:_identify(src/mujoco_menagerie/shadow_hand/assets) by extension 'ignore_ament_install'
[0.963s] Level 1:colcon.colcon_core.package_identification:_identify(src/mujoco_menagerie/shadow_hand/assets) by extensions ['colcon_pkg']
[0.963s] Level 1:colcon.colcon_core.package_identification:_identify(src/mujoco_menagerie/shadow_hand/assets) by extension 'colcon_pkg'
[0.963s] Level 1:colcon.colcon_core.package_identification:_identify(src/mujoco_menagerie/shadow_hand/assets) by extensions ['colcon_meta']
[0.963s] Level 1:colcon.colcon_core.package_identification:_identify(src/mujoco_menagerie/shadow_hand/assets) by extension 'colcon_meta'
[0.963s] Level 1:colcon.colcon_core.package_identification:_identify(src/mujoco_menagerie/shadow_hand/assets) by extensions ['ros']
[0.963s] Level 1:colcon.colcon_core.package_identification:_identify(src/mujoco_menagerie/shadow_hand/assets) by extension 'ros'
[0.963s] Level 1:colcon.colcon_core.package_identification:_identify(src/mujoco_menagerie/shadow_hand/assets) by extensions ['cmake', 'python']
[0.963s] Level 1:colcon.colcon_core.package_identification:_identify(src/mujoco_menagerie/shadow_hand/assets) by extension 'cmake'
[0.963s] Level 1:colcon.colcon_core.package_identification:_identify(src/mujoco_menagerie/shadow_hand/assets) by extension 'python'
[0.963s] Level 1:colcon.colcon_core.package_identification:_identify(src/mujoco_menagerie/shadow_hand/assets) by extensions ['python_setup_py']
[0.963s] Level 1:colcon.colcon_core.package_identification:_identify(src/mujoco_menagerie/shadow_hand/assets) by extension 'python_setup_py'
[0.963s] Level 1:colcon.colcon_core.package_identification:_identify(src/mujoco_menagerie/skydio_x2) by extensions ['ignore', 'ignore_ament_install']
[0.963s] Level 1:colcon.colcon_core.package_identification:_identify(src/mujoco_menagerie/skydio_x2) by extension 'ignore'
[0.964s] Level 1:colcon.colcon_core.package_identification:_identify(src/mujoco_menagerie/skydio_x2) by extension 'ignore_ament_install'
[0.964s] Level 1:colcon.colcon_core.package_identification:_identify(src/mujoco_menagerie/skydio_x2) by extensions ['colcon_pkg']
[0.964s] Level 1:colcon.colcon_core.package_identification:_identify(src/mujoco_menagerie/skydio_x2) by extension 'colcon_pkg'
[0.964s] Level 1:colcon.colcon_core.package_identification:_identify(src/mujoco_menagerie/skydio_x2) by extensions ['colcon_meta']
[0.964s] Level 1:colcon.colcon_core.package_identification:_identify(src/mujoco_menagerie/skydio_x2) by extension 'colcon_meta'
[0.964s] Level 1:colcon.colcon_core.package_identification:_identify(src/mujoco_menagerie/skydio_x2) by extensions ['ros']
[0.964s] Level 1:colcon.colcon_core.package_identification:_identify(src/mujoco_menagerie/skydio_x2) by extension 'ros'
[0.964s] Level 1:colcon.colcon_core.package_identification:_identify(src/mujoco_menagerie/skydio_x2) by extensions ['cmake', 'python']
[0.964s] Level 1:colcon.colcon_core.package_identification:_identify(src/mujoco_menagerie/skydio_x2) by extension 'cmake'
[0.964s] Level 1:colcon.colcon_core.package_identification:_identify(src/mujoco_menagerie/skydio_x2) by extension 'python'
[0.964s] Level 1:colcon.colcon_core.package_identification:_identify(src/mujoco_menagerie/skydio_x2) by extensions ['python_setup_py']
[0.964s] Level 1:colcon.colcon_core.package_identification:_identify(src/mujoco_menagerie/skydio_x2) by extension 'python_setup_py'
[0.964s] Level 1:colcon.colcon_core.package_identification:_identify(src/mujoco_menagerie/skydio_x2/assets) by extensions ['ignore', 'ignore_ament_install']
[0.964s] Level 1:colcon.colcon_core.package_identification:_identify(src/mujoco_menagerie/skydio_x2/assets) by extension 'ignore'
[0.964s] Level 1:colcon.colcon_core.package_identification:_identify(src/mujoco_menagerie/skydio_x2/assets) by extension 'ignore_ament_install'
[0.965s] Level 1:colcon.colcon_core.package_identification:_identify(src/mujoco_menagerie/skydio_x2/assets) by extensions ['colcon_pkg']
[0.965s] Level 1:colcon.colcon_core.package_identification:_identify(src/mujoco_menagerie/skydio_x2/assets) by extension 'colcon_pkg'
[0.965s] Level 1:colcon.colcon_core.package_identification:_identify(src/mujoco_menagerie/skydio_x2/assets) by extensions ['colcon_meta']
[0.965s] Level 1:colcon.colcon_core.package_identification:_identify(src/mujoco_menagerie/skydio_x2/assets) by extension 'colcon_meta'
[0.965s] Level 1:colcon.colcon_core.package_identification:_identify(src/mujoco_menagerie/skydio_x2/assets) by extensions ['ros']
[0.965s] Level 1:colcon.colcon_core.package_identification:_identify(src/mujoco_menagerie/skydio_x2/assets) by extension 'ros'
[0.965s] Level 1:colcon.colcon_core.package_identification:_identify(src/mujoco_menagerie/skydio_x2/assets) by extensions ['cmake', 'python']
[0.965s] Level 1:colcon.colcon_core.package_identification:_identify(src/mujoco_menagerie/skydio_x2/assets) by extension 'cmake'
[0.965s] Level 1:colcon.colcon_core.package_identification:_identify(src/mujoco_menagerie/skydio_x2/assets) by extension 'python'
[0.965s] Level 1:colcon.colcon_core.package_identification:_identify(src/mujoco_menagerie/skydio_x2/assets) by extensions ['python_setup_py']
[0.965s] Level 1:colcon.colcon_core.package_identification:_identify(src/mujoco_menagerie/skydio_x2/assets) by extension 'python_setup_py'
[0.965s] Level 1:colcon.colcon_core.package_identification:_identify(src/mujoco_menagerie/stanford_tidybot) by extensions ['ignore', 'ignore_ament_install']
[0.965s] Level 1:colcon.colcon_core.package_identification:_identify(src/mujoco_menagerie/stanford_tidybot) by extension 'ignore'
[0.965s] Level 1:colcon.colcon_core.package_identification:_identify(src/mujoco_menagerie/stanford_tidybot) by extension 'ignore_ament_install'
[0.965s] Level 1:colcon.colcon_core.package_identification:_identify(src/mujoco_menagerie/stanford_tidybot) by extensions ['colcon_pkg']
[0.965s] Level 1:colcon.colcon_core.package_identification:_identify(src/mujoco_menagerie/stanford_tidybot) by extension 'colcon_pkg'
[0.966s] Level 1:colcon.colcon_core.package_identification:_identify(src/mujoco_menagerie/stanford_tidybot) by extensions ['colcon_meta']
[0.966s] Level 1:colcon.colcon_core.package_identification:_identify(src/mujoco_menagerie/stanford_tidybot) by extension 'colcon_meta'
[0.966s] Level 1:colcon.colcon_core.package_identification:_identify(src/mujoco_menagerie/stanford_tidybot) by extensions ['ros']
[0.966s] Level 1:colcon.colcon_core.package_identification:_identify(src/mujoco_menagerie/stanford_tidybot) by extension 'ros'
[0.966s] Level 1:colcon.colcon_core.package_identification:_identify(src/mujoco_menagerie/stanford_tidybot) by extensions ['cmake', 'python']
[0.966s] Level 1:colcon.colcon_core.package_identification:_identify(src/mujoco_menagerie/stanford_tidybot) by extension 'cmake'
[0.966s] Level 1:colcon.colcon_core.package_identification:_identify(src/mujoco_menagerie/stanford_tidybot) by extension 'python'
[0.966s] Level 1:colcon.colcon_core.package_identification:_identify(src/mujoco_menagerie/stanford_tidybot) by extensions ['python_setup_py']
[0.966s] Level 1:colcon.colcon_core.package_identification:_identify(src/mujoco_menagerie/stanford_tidybot) by extension 'python_setup_py'
[0.966s] Level 1:colcon.colcon_core.package_identification:_identify(src/mujoco_menagerie/stanford_tidybot/assets) by extensions ['ignore', 'ignore_ament_install']
[0.966s] Level 1:colcon.colcon_core.package_identification:_identify(src/mujoco_menagerie/stanford_tidybot/assets) by extension 'ignore'
[0.966s] Level 1:colcon.colcon_core.package_identification:_identify(src/mujoco_menagerie/stanford_tidybot/assets) by extension 'ignore_ament_install'
[0.966s] Level 1:colcon.colcon_core.package_identification:_identify(src/mujoco_menagerie/stanford_tidybot/assets) by extensions ['colcon_pkg']
[0.966s] Level 1:colcon.colcon_core.package_identification:_identify(src/mujoco_menagerie/stanford_tidybot/assets) by extension 'colcon_pkg'
[0.966s] Level 1:colcon.colcon_core.package_identification:_identify(src/mujoco_menagerie/stanford_tidybot/assets) by extensions ['colcon_meta']
[0.967s] Level 1:colcon.colcon_core.package_identification:_identify(src/mujoco_menagerie/stanford_tidybot/assets) by extension 'colcon_meta'
[0.967s] Level 1:colcon.colcon_core.package_identification:_identify(src/mujoco_menagerie/stanford_tidybot/assets) by extensions ['ros']
[0.967s] Level 1:colcon.colcon_core.package_identification:_identify(src/mujoco_menagerie/stanford_tidybot/assets) by extension 'ros'
[0.967s] Level 1:colcon.colcon_core.package_identification:_identify(src/mujoco_menagerie/stanford_tidybot/assets) by extensions ['cmake', 'python']
[0.967s] Level 1:colcon.colcon_core.package_identification:_identify(src/mujoco_menagerie/stanford_tidybot/assets) by extension 'cmake'
[0.967s] Level 1:colcon.colcon_core.package_identification:_identify(src/mujoco_menagerie/stanford_tidybot/assets) by extension 'python'
[0.967s] Level 1:colcon.colcon_core.package_identification:_identify(src/mujoco_menagerie/stanford_tidybot/assets) by extensions ['python_setup_py']
[0.967s] Level 1:colcon.colcon_core.package_identification:_identify(src/mujoco_menagerie/stanford_tidybot/assets) by extension 'python_setup_py'
[0.967s] Level 1:colcon.colcon_core.package_identification:_identify(src/mujoco_menagerie/stanford_tidybot/assets/2f85) by extensions ['ignore', 'ignore_ament_install']
[0.967s] Level 1:colcon.colcon_core.package_identification:_identify(src/mujoco_menagerie/stanford_tidybot/assets/2f85) by extension 'ignore'
[0.967s] Level 1:colcon.colcon_core.package_identification:_identify(src/mujoco_menagerie/stanford_tidybot/assets/2f85) by extension 'ignore_ament_install'
[0.967s] Level 1:colcon.colcon_core.package_identification:_identify(src/mujoco_menagerie/stanford_tidybot/assets/2f85) by extensions ['colcon_pkg']
[0.967s] Level 1:colcon.colcon_core.package_identification:_identify(src/mujoco_menagerie/stanford_tidybot/assets/2f85) by extension 'colcon_pkg'
[0.968s] Level 1:colcon.colcon_core.package_identification:_identify(src/mujoco_menagerie/stanford_tidybot/assets/2f85) by extensions ['colcon_meta']
[0.968s] Level 1:colcon.colcon_core.package_identification:_identify(src/mujoco_menagerie/stanford_tidybot/assets/2f85) by extension 'colcon_meta'
[0.968s] Level 1:colcon.colcon_core.package_identification:_identify(src/mujoco_menagerie/stanford_tidybot/assets/2f85) by extensions ['ros']
[0.968s] Level 1:colcon.colcon_core.package_identification:_identify(src/mujoco_menagerie/stanford_tidybot/assets/2f85) by extension 'ros'
[0.968s] Level 1:colcon.colcon_core.package_identification:_identify(src/mujoco_menagerie/stanford_tidybot/assets/2f85) by extensions ['cmake', 'python']
[0.968s] Level 1:colcon.colcon_core.package_identification:_identify(src/mujoco_menagerie/stanford_tidybot/assets/2f85) by extension 'cmake'
[0.968s] Level 1:colcon.colcon_core.package_identification:_identify(src/mujoco_menagerie/stanford_tidybot/assets/2f85) by extension 'python'
[0.968s] Level 1:colcon.colcon_core.package_identification:_identify(src/mujoco_menagerie/stanford_tidybot/assets/2f85) by extensions ['python_setup_py']
[0.968s] Level 1:colcon.colcon_core.package_identification:_identify(src/mujoco_menagerie/stanford_tidybot/assets/2f85) by extension 'python_setup_py'
[0.968s] Level 1:colcon.colcon_core.package_identification:_identify(src/mujoco_menagerie/stanford_tidybot/assets/base) by extensions ['ignore', 'ignore_ament_install']
[0.968s] Level 1:colcon.colcon_core.package_identification:_identify(src/mujoco_menagerie/stanford_tidybot/assets/base) by extension 'ignore'
[0.968s] Level 1:colcon.colcon_core.package_identification:_identify(src/mujoco_menagerie/stanford_tidybot/assets/base) by extension 'ignore_ament_install'
[0.968s] Level 1:colcon.colcon_core.package_identification:_identify(src/mujoco_menagerie/stanford_tidybot/assets/base) by extensions ['colcon_pkg']
[0.968s] Level 1:colcon.colcon_core.package_identification:_identify(src/mujoco_menagerie/stanford_tidybot/assets/base) by extension 'colcon_pkg'
[0.968s] Level 1:colcon.colcon_core.package_identification:_identify(src/mujoco_menagerie/stanford_tidybot/assets/base) by extensions ['colcon_meta']
[0.969s] Level 1:colcon.colcon_core.package_identification:_identify(src/mujoco_menagerie/stanford_tidybot/assets/base) by extension 'colcon_meta'
[0.969s] Level 1:colcon.colcon_core.package_identification:_identify(src/mujoco_menagerie/stanford_tidybot/assets/base) by extensions ['ros']
[0.969s] Level 1:colcon.colcon_core.package_identification:_identify(src/mujoco_menagerie/stanford_tidybot/assets/base) by extension 'ros'
[0.969s] Level 1:colcon.colcon_core.package_identification:_identify(src/mujoco_menagerie/stanford_tidybot/assets/base) by extensions ['cmake', 'python']
[0.969s] Level 1:colcon.colcon_core.package_identification:_identify(src/mujoco_menagerie/stanford_tidybot/assets/base) by extension 'cmake'
[0.969s] Level 1:colcon.colcon_core.package_identification:_identify(src/mujoco_menagerie/stanford_tidybot/assets/base) by extension 'python'
[0.969s] Level 1:colcon.colcon_core.package_identification:_identify(src/mujoco_menagerie/stanford_tidybot/assets/base) by extensions ['python_setup_py']
[0.969s] Level 1:colcon.colcon_core.package_identification:_identify(src/mujoco_menagerie/stanford_tidybot/assets/base) by extension 'python_setup_py'
[0.969s] Level 1:colcon.colcon_core.package_identification:_identify(src/mujoco_menagerie/stanford_tidybot/assets/gen3) by extensions ['ignore', 'ignore_ament_install']
[0.969s] Level 1:colcon.colcon_core.package_identification:_identify(src/mujoco_menagerie/stanford_tidybot/assets/gen3) by extension 'ignore'
[0.969s] Level 1:colcon.colcon_core.package_identification:_identify(src/mujoco_menagerie/stanford_tidybot/assets/gen3) by extension 'ignore_ament_install'
[0.969s] Level 1:colcon.colcon_core.package_identification:_identify(src/mujoco_menagerie/stanford_tidybot/assets/gen3) by extensions ['colcon_pkg']
[0.969s] Level 1:colcon.colcon_core.package_identification:_identify(src/mujoco_menagerie/stanford_tidybot/assets/gen3) by extension 'colcon_pkg'
[0.970s] Level 1:colcon.colcon_core.package_identification:_identify(src/mujoco_menagerie/stanford_tidybot/assets/gen3) by extensions ['colcon_meta']
[0.970s] Level 1:colcon.colcon_core.package_identification:_identify(src/mujoco_menagerie/stanford_tidybot/assets/gen3) by extension 'colcon_meta'
[0.970s] Level 1:colcon.colcon_core.package_identification:_identify(src/mujoco_menagerie/stanford_tidybot/assets/gen3) by extensions ['ros']
[0.970s] Level 1:colcon.colcon_core.package_identification:_identify(src/mujoco_menagerie/stanford_tidybot/assets/gen3) by extension 'ros'
[0.970s] Level 1:colcon.colcon_core.package_identification:_identify(src/mujoco_menagerie/stanford_tidybot/assets/gen3) by extensions ['cmake', 'python']
[0.970s] Level 1:colcon.colcon_core.package_identification:_identify(src/mujoco_menagerie/stanford_tidybot/assets/gen3) by extension 'cmake'
[0.970s] Level 1:colcon.colcon_core.package_identification:_identify(src/mujoco_menagerie/stanford_tidybot/assets/gen3) by extension 'python'
[0.970s] Level 1:colcon.colcon_core.package_identification:_identify(src/mujoco_menagerie/stanford_tidybot/assets/gen3) by extensions ['python_setup_py']
[0.970s] Level 1:colcon.colcon_core.package_identification:_identify(src/mujoco_menagerie/stanford_tidybot/assets/gen3) by extension 'python_setup_py'
[0.970s] Level 1:colcon.colcon_core.package_identification:_identify(src/mujoco_menagerie/test) by extensions ['ignore', 'ignore_ament_install']
[0.970s] Level 1:colcon.colcon_core.package_identification:_identify(src/mujoco_menagerie/test) by extension 'ignore'
[0.970s] Level 1:colcon.colcon_core.package_identification:_identify(src/mujoco_menagerie/test) by extension 'ignore_ament_install'
[0.970s] Level 1:colcon.colcon_core.package_identification:_identify(src/mujoco_menagerie/test) by extensions ['colcon_pkg']
[0.970s] Level 1:colcon.colcon_core.package_identification:_identify(src/mujoco_menagerie/test) by extension 'colcon_pkg'
[0.971s] Level 1:colcon.colcon_core.package_identification:_identify(src/mujoco_menagerie/test) by extensions ['colcon_meta']
[0.971s] Level 1:colcon.colcon_core.package_identification:_identify(src/mujoco_menagerie/test) by extension 'colcon_meta'
[0.971s] Level 1:colcon.colcon_core.package_identification:_identify(src/mujoco_menagerie/test) by extensions ['ros']
[0.971s] Level 1:colcon.colcon_core.package_identification:_identify(src/mujoco_menagerie/test) by extension 'ros'
[0.971s] Level 1:colcon.colcon_core.package_identification:_identify(src/mujoco_menagerie/test) by extensions ['cmake', 'python']
[0.971s] Level 1:colcon.colcon_core.package_identification:_identify(src/mujoco_menagerie/test) by extension 'cmake'
[0.971s] Level 1:colcon.colcon_core.package_identification:_identify(src/mujoco_menagerie/test) by extension 'python'
[0.971s] Level 1:colcon.colcon_core.package_identification:_identify(src/mujoco_menagerie/test) by extensions ['python_setup_py']
[0.971s] Level 1:colcon.colcon_core.package_identification:_identify(src/mujoco_menagerie/test) by extension 'python_setup_py'
[0.971s] Level 1:colcon.colcon_core.package_identification:_identify(src/mujoco_menagerie/trossen_vx300s) by extensions ['ignore', 'ignore_ament_install']
[0.971s] Level 1:colcon.colcon_core.package_identification:_identify(src/mujoco_menagerie/trossen_vx300s) by extension 'ignore'
[0.971s] Level 1:colcon.colcon_core.package_identification:_identify(src/mujoco_menagerie/trossen_vx300s) by extension 'ignore_ament_install'
[0.971s] Level 1:colcon.colcon_core.package_identification:_identify(src/mujoco_menagerie/trossen_vx300s) by extensions ['colcon_pkg']
[0.971s] Level 1:colcon.colcon_core.package_identification:_identify(src/mujoco_menagerie/trossen_vx300s) by extension 'colcon_pkg'
[0.971s] Level 1:colcon.colcon_core.package_identification:_identify(src/mujoco_menagerie/trossen_vx300s) by extensions ['colcon_meta']
[0.971s] Level 1:colcon.colcon_core.package_identification:_identify(src/mujoco_menagerie/trossen_vx300s) by extension 'colcon_meta'
[0.972s] Level 1:colcon.colcon_core.package_identification:_identify(src/mujoco_menagerie/trossen_vx300s) by extensions ['ros']
[0.972s] Level 1:colcon.colcon_core.package_identification:_identify(src/mujoco_menagerie/trossen_vx300s) by extension 'ros'
[0.972s] Level 1:colcon.colcon_core.package_identification:_identify(src/mujoco_menagerie/trossen_vx300s) by extensions ['cmake', 'python']
[0.972s] Level 1:colcon.colcon_core.package_identification:_identify(src/mujoco_menagerie/trossen_vx300s) by extension 'cmake'
[0.972s] Level 1:colcon.colcon_core.package_identification:_identify(src/mujoco_menagerie/trossen_vx300s) by extension 'python'
[0.972s] Level 1:colcon.colcon_core.package_identification:_identify(src/mujoco_menagerie/trossen_vx300s) by extensions ['python_setup_py']
[0.972s] Level 1:colcon.colcon_core.package_identification:_identify(src/mujoco_menagerie/trossen_vx300s) by extension 'python_setup_py'
[0.972s] Level 1:colcon.colcon_core.package_identification:_identify(src/mujoco_menagerie/trossen_vx300s/assets) by extensions ['ignore', 'ignore_ament_install']
[0.972s] Level 1:colcon.colcon_core.package_identification:_identify(src/mujoco_menagerie/trossen_vx300s/assets) by extension 'ignore'
[0.972s] Level 1:colcon.colcon_core.package_identification:_identify(src/mujoco_menagerie/trossen_vx300s/assets) by extension 'ignore_ament_install'
[0.972s] Level 1:colcon.colcon_core.package_identification:_identify(src/mujoco_menagerie/trossen_vx300s/assets) by extensions ['colcon_pkg']
[0.972s] Level 1:colcon.colcon_core.package_identification:_identify(src/mujoco_menagerie/trossen_vx300s/assets) by extension 'colcon_pkg'
[0.972s] Level 1:colcon.colcon_core.package_identification:_identify(src/mujoco_menagerie/trossen_vx300s/assets) by extensions ['colcon_meta']
[0.972s] Level 1:colcon.colcon_core.package_identification:_identify(src/mujoco_menagerie/trossen_vx300s/assets) by extension 'colcon_meta'
[0.973s] Level 1:colcon.colcon_core.package_identification:_identify(src/mujoco_menagerie/trossen_vx300s/assets) by extensions ['ros']
[0.973s] Level 1:colcon.colcon_core.package_identification:_identify(src/mujoco_menagerie/trossen_vx300s/assets) by extension 'ros'
[0.973s] Level 1:colcon.colcon_core.package_identification:_identify(src/mujoco_menagerie/trossen_vx300s/assets) by extensions ['cmake', 'python']
[0.973s] Level 1:colcon.colcon_core.package_identification:_identify(src/mujoco_menagerie/trossen_vx300s/assets) by extension 'cmake'
[0.973s] Level 1:colcon.colcon_core.package_identification:_identify(src/mujoco_menagerie/trossen_vx300s/assets) by extension 'python'
[0.973s] Level 1:colcon.colcon_core.package_identification:_identify(src/mujoco_menagerie/trossen_vx300s/assets) by extensions ['python_setup_py']
[0.973s] Level 1:colcon.colcon_core.package_identification:_identify(src/mujoco_menagerie/trossen_vx300s/assets) by extension 'python_setup_py'
[0.973s] Level 1:colcon.colcon_core.package_identification:_identify(src/mujoco_menagerie/trossen_wx250s) by extensions ['ignore', 'ignore_ament_install']
[0.973s] Level 1:colcon.colcon_core.package_identification:_identify(src/mujoco_menagerie/trossen_wx250s) by extension 'ignore'
[0.973s] Level 1:colcon.colcon_core.package_identification:_identify(src/mujoco_menagerie/trossen_wx250s) by extension 'ignore_ament_install'
[0.973s] Level 1:colcon.colcon_core.package_identification:_identify(src/mujoco_menagerie/trossen_wx250s) by extensions ['colcon_pkg']
[0.973s] Level 1:colcon.colcon_core.package_identification:_identify(src/mujoco_menagerie/trossen_wx250s) by extension 'colcon_pkg'
[0.973s] Level 1:colcon.colcon_core.package_identification:_identify(src/mujoco_menagerie/trossen_wx250s) by extensions ['colcon_meta']
[0.973s] Level 1:colcon.colcon_core.package_identification:_identify(src/mujoco_menagerie/trossen_wx250s) by extension 'colcon_meta'
[0.974s] Level 1:colcon.colcon_core.package_identification:_identify(src/mujoco_menagerie/trossen_wx250s) by extensions ['ros']
[0.974s] Level 1:colcon.colcon_core.package_identification:_identify(src/mujoco_menagerie/trossen_wx250s) by extension 'ros'
[0.974s] Level 1:colcon.colcon_core.package_identification:_identify(src/mujoco_menagerie/trossen_wx250s) by extensions ['cmake', 'python']
[0.974s] Level 1:colcon.colcon_core.package_identification:_identify(src/mujoco_menagerie/trossen_wx250s) by extension 'cmake'
[0.974s] Level 1:colcon.colcon_core.package_identification:_identify(src/mujoco_menagerie/trossen_wx250s) by extension 'python'
[0.974s] Level 1:colcon.colcon_core.package_identification:_identify(src/mujoco_menagerie/trossen_wx250s) by extensions ['python_setup_py']
[0.974s] Level 1:colcon.colcon_core.package_identification:_identify(src/mujoco_menagerie/trossen_wx250s) by extension 'python_setup_py'
[0.974s] Level 1:colcon.colcon_core.package_identification:_identify(src/mujoco_menagerie/trossen_wx250s/assets) by extensions ['ignore', 'ignore_ament_install']
[0.974s] Level 1:colcon.colcon_core.package_identification:_identify(src/mujoco_menagerie/trossen_wx250s/assets) by extension 'ignore'
[0.974s] Level 1:colcon.colcon_core.package_identification:_identify(src/mujoco_menagerie/trossen_wx250s/assets) by extension 'ignore_ament_install'
[0.974s] Level 1:colcon.colcon_core.package_identification:_identify(src/mujoco_menagerie/trossen_wx250s/assets) by extensions ['colcon_pkg']
[0.974s] Level 1:colcon.colcon_core.package_identification:_identify(src/mujoco_menagerie/trossen_wx250s/assets) by extension 'colcon_pkg'
[0.974s] Level 1:colcon.colcon_core.package_identification:_identify(src/mujoco_menagerie/trossen_wx250s/assets) by extensions ['colcon_meta']
[0.974s] Level 1:colcon.colcon_core.package_identification:_identify(src/mujoco_menagerie/trossen_wx250s/assets) by extension 'colcon_meta'
[0.975s] Level 1:colcon.colcon_core.package_identification:_identify(src/mujoco_menagerie/trossen_wx250s/assets) by extensions ['ros']
[0.975s] Level 1:colcon.colcon_core.package_identification:_identify(src/mujoco_menagerie/trossen_wx250s/assets) by extension 'ros'
[0.975s] Level 1:colcon.colcon_core.package_identification:_identify(src/mujoco_menagerie/trossen_wx250s/assets) by extensions ['cmake', 'python']
[0.975s] Level 1:colcon.colcon_core.package_identification:_identify(src/mujoco_menagerie/trossen_wx250s/assets) by extension 'cmake'
[0.975s] Level 1:colcon.colcon_core.package_identification:_identify(src/mujoco_menagerie/trossen_wx250s/assets) by extension 'python'
[0.975s] Level 1:colcon.colcon_core.package_identification:_identify(src/mujoco_menagerie/trossen_wx250s/assets) by extensions ['python_setup_py']
[0.975s] Level 1:colcon.colcon_core.package_identification:_identify(src/mujoco_menagerie/trossen_wx250s/assets) by extension 'python_setup_py'
[0.975s] Level 1:colcon.colcon_core.package_identification:_identify(src/mujoco_menagerie/trs_so_arm100) by extensions ['ignore', 'ignore_ament_install']
[0.975s] Level 1:colcon.colcon_core.package_identification:_identify(src/mujoco_menagerie/trs_so_arm100) by extension 'ignore'
[0.975s] Level 1:colcon.colcon_core.package_identification:_identify(src/mujoco_menagerie/trs_so_arm100) by extension 'ignore_ament_install'
[0.975s] Level 1:colcon.colcon_core.package_identification:_identify(src/mujoco_menagerie/trs_so_arm100) by extensions ['colcon_pkg']
[0.975s] Level 1:colcon.colcon_core.package_identification:_identify(src/mujoco_menagerie/trs_so_arm100) by extension 'colcon_pkg'
[0.975s] Level 1:colcon.colcon_core.package_identification:_identify(src/mujoco_menagerie/trs_so_arm100) by extensions ['colcon_meta']
[0.975s] Level 1:colcon.colcon_core.package_identification:_identify(src/mujoco_menagerie/trs_so_arm100) by extension 'colcon_meta'
[0.975s] Level 1:colcon.colcon_core.package_identification:_identify(src/mujoco_menagerie/trs_so_arm100) by extensions ['ros']
[0.975s] Level 1:colcon.colcon_core.package_identification:_identify(src/mujoco_menagerie/trs_so_arm100) by extension 'ros'
[0.976s] Level 1:colcon.colcon_core.package_identification:_identify(src/mujoco_menagerie/trs_so_arm100) by extensions ['cmake', 'python']
[0.976s] Level 1:colcon.colcon_core.package_identification:_identify(src/mujoco_menagerie/trs_so_arm100) by extension 'cmake'
[0.976s] Level 1:colcon.colcon_core.package_identification:_identify(src/mujoco_menagerie/trs_so_arm100) by extension 'python'
[0.976s] Level 1:colcon.colcon_core.package_identification:_identify(src/mujoco_menagerie/trs_so_arm100) by extensions ['python_setup_py']
[0.976s] Level 1:colcon.colcon_core.package_identification:_identify(src/mujoco_menagerie/trs_so_arm100) by extension 'python_setup_py'
[0.976s] Level 1:colcon.colcon_core.package_identification:_identify(src/mujoco_menagerie/trs_so_arm100/assets) by extensions ['ignore', 'ignore_ament_install']
[0.976s] Level 1:colcon.colcon_core.package_identification:_identify(src/mujoco_menagerie/trs_so_arm100/assets) by extension 'ignore'
[0.976s] Level 1:colcon.colcon_core.package_identification:_identify(src/mujoco_menagerie/trs_so_arm100/assets) by extension 'ignore_ament_install'
[0.976s] Level 1:colcon.colcon_core.package_identification:_identify(src/mujoco_menagerie/trs_so_arm100/assets) by extensions ['colcon_pkg']
[0.976s] Level 1:colcon.colcon_core.package_identification:_identify(src/mujoco_menagerie/trs_so_arm100/assets) by extension 'colcon_pkg'
[0.976s] Level 1:colcon.colcon_core.package_identification:_identify(src/mujoco_menagerie/trs_so_arm100/assets) by extensions ['colcon_meta']
[0.976s] Level 1:colcon.colcon_core.package_identification:_identify(src/mujoco_menagerie/trs_so_arm100/assets) by extension 'colcon_meta'
[0.976s] Level 1:colcon.colcon_core.package_identification:_identify(src/mujoco_menagerie/trs_so_arm100/assets) by extensions ['ros']
[0.976s] Level 1:colcon.colcon_core.package_identification:_identify(src/mujoco_menagerie/trs_so_arm100/assets) by extension 'ros'
[0.977s] Level 1:colcon.colcon_core.package_identification:_identify(src/mujoco_menagerie/trs_so_arm100/assets) by extensions ['cmake', 'python']
[0.977s] Level 1:colcon.colcon_core.package_identification:_identify(src/mujoco_menagerie/trs_so_arm100/assets) by extension 'cmake'
[0.977s] Level 1:colcon.colcon_core.package_identification:_identify(src/mujoco_menagerie/trs_so_arm100/assets) by extension 'python'
[0.977s] Level 1:colcon.colcon_core.package_identification:_identify(src/mujoco_menagerie/trs_so_arm100/assets) by extensions ['python_setup_py']
[0.977s] Level 1:colcon.colcon_core.package_identification:_identify(src/mujoco_menagerie/trs_so_arm100/assets) by extension 'python_setup_py'
[0.977s] Level 1:colcon.colcon_core.package_identification:_identify(src/mujoco_menagerie/ufactory_lite6) by extensions ['ignore', 'ignore_ament_install']
[0.977s] Level 1:colcon.colcon_core.package_identification:_identify(src/mujoco_menagerie/ufactory_lite6) by extension 'ignore'
[0.977s] Level 1:colcon.colcon_core.package_identification:_identify(src/mujoco_menagerie/ufactory_lite6) by extension 'ignore_ament_install'
[0.977s] Level 1:colcon.colcon_core.package_identification:_identify(src/mujoco_menagerie/ufactory_lite6) by extensions ['colcon_pkg']
[0.977s] Level 1:colcon.colcon_core.package_identification:_identify(src/mujoco_menagerie/ufactory_lite6) by extension 'colcon_pkg'
[0.977s] Level 1:colcon.colcon_core.package_identification:_identify(src/mujoco_menagerie/ufactory_lite6) by extensions ['colcon_meta']
[0.977s] Level 1:colcon.colcon_core.package_identification:_identify(src/mujoco_menagerie/ufactory_lite6) by extension 'colcon_meta'
[0.977s] Level 1:colcon.colcon_core.package_identification:_identify(src/mujoco_menagerie/ufactory_lite6) by extensions ['ros']
[0.977s] Level 1:colcon.colcon_core.package_identification:_identify(src/mujoco_menagerie/ufactory_lite6) by extension 'ros'
[0.978s] Level 1:colcon.colcon_core.package_identification:_identify(src/mujoco_menagerie/ufactory_lite6) by extensions ['cmake', 'python']
[0.978s] Level 1:colcon.colcon_core.package_identification:_identify(src/mujoco_menagerie/ufactory_lite6) by extension 'cmake'
[0.978s] Level 1:colcon.colcon_core.package_identification:_identify(src/mujoco_menagerie/ufactory_lite6) by extension 'python'
[0.978s] Level 1:colcon.colcon_core.package_identification:_identify(src/mujoco_menagerie/ufactory_lite6) by extensions ['python_setup_py']
[0.978s] Level 1:colcon.colcon_core.package_identification:_identify(src/mujoco_menagerie/ufactory_lite6) by extension 'python_setup_py'
[0.978s] Level 1:colcon.colcon_core.package_identification:_identify(src/mujoco_menagerie/ufactory_lite6/assets) by extensions ['ignore', 'ignore_ament_install']
[0.978s] Level 1:colcon.colcon_core.package_identification:_identify(src/mujoco_menagerie/ufactory_lite6/assets) by extension 'ignore'
[0.978s] Level 1:colcon.colcon_core.package_identification:_identify(src/mujoco_menagerie/ufactory_lite6/assets) by extension 'ignore_ament_install'
[0.978s] Level 1:colcon.colcon_core.package_identification:_identify(src/mujoco_menagerie/ufactory_lite6/assets) by extensions ['colcon_pkg']
[0.978s] Level 1:colcon.colcon_core.package_identification:_identify(src/mujoco_menagerie/ufactory_lite6/assets) by extension 'colcon_pkg'
[0.978s] Level 1:colcon.colcon_core.package_identification:_identify(src/mujoco_menagerie/ufactory_lite6/assets) by extensions ['colcon_meta']
[0.978s] Level 1:colcon.colcon_core.package_identification:_identify(src/mujoco_menagerie/ufactory_lite6/assets) by extension 'colcon_meta'
[0.978s] Level 1:colcon.colcon_core.package_identification:_identify(src/mujoco_menagerie/ufactory_lite6/assets) by extensions ['ros']
[0.978s] Level 1:colcon.colcon_core.package_identification:_identify(src/mujoco_menagerie/ufactory_lite6/assets) by extension 'ros'
[0.978s] Level 1:colcon.colcon_core.package_identification:_identify(src/mujoco_menagerie/ufactory_lite6/assets) by extensions ['cmake', 'python']
[0.978s] Level 1:colcon.colcon_core.package_identification:_identify(src/mujoco_menagerie/ufactory_lite6/assets) by extension 'cmake'
[0.979s] Level 1:colcon.colcon_core.package_identification:_identify(src/mujoco_menagerie/ufactory_lite6/assets) by extension 'python'
[0.979s] Level 1:colcon.colcon_core.package_identification:_identify(src/mujoco_menagerie/ufactory_lite6/assets) by extensions ['python_setup_py']
[0.979s] Level 1:colcon.colcon_core.package_identification:_identify(src/mujoco_menagerie/ufactory_lite6/assets) by extension 'python_setup_py'
[0.979s] Level 1:colcon.colcon_core.package_identification:_identify(src/mujoco_menagerie/ufactory_lite6/assets/collision) by extensions ['ignore', 'ignore_ament_install']
[0.979s] Level 1:colcon.colcon_core.package_identification:_identify(src/mujoco_menagerie/ufactory_lite6/assets/collision) by extension 'ignore'
[0.979s] Level 1:colcon.colcon_core.package_identification:_identify(src/mujoco_menagerie/ufactory_lite6/assets/collision) by extension 'ignore_ament_install'
[0.979s] Level 1:colcon.colcon_core.package_identification:_identify(src/mujoco_menagerie/ufactory_lite6/assets/collision) by extensions ['colcon_pkg']
[0.979s] Level 1:colcon.colcon_core.package_identification:_identify(src/mujoco_menagerie/ufactory_lite6/assets/collision) by extension 'colcon_pkg'
[0.979s] Level 1:colcon.colcon_core.package_identification:_identify(src/mujoco_menagerie/ufactory_lite6/assets/collision) by extensions ['colcon_meta']
[0.979s] Level 1:colcon.colcon_core.package_identification:_identify(src/mujoco_menagerie/ufactory_lite6/assets/collision) by extension 'colcon_meta'
[0.979s] Level 1:colcon.colcon_core.package_identification:_identify(src/mujoco_menagerie/ufactory_lite6/assets/collision) by extensions ['ros']
[0.979s] Level 1:colcon.colcon_core.package_identification:_identify(src/mujoco_menagerie/ufactory_lite6/assets/collision) by extension 'ros'
[0.979s] Level 1:colcon.colcon_core.package_identification:_identify(src/mujoco_menagerie/ufactory_lite6/assets/collision) by extensions ['cmake', 'python']
[0.979s] Level 1:colcon.colcon_core.package_identification:_identify(src/mujoco_menagerie/ufactory_lite6/assets/collision) by extension 'cmake'
[0.979s] Level 1:colcon.colcon_core.package_identification:_identify(src/mujoco_menagerie/ufactory_lite6/assets/collision) by extension 'python'
[0.979s] Level 1:colcon.colcon_core.package_identification:_identify(src/mujoco_menagerie/ufactory_lite6/assets/collision) by extensions ['python_setup_py']
[0.979s] Level 1:colcon.colcon_core.package_identification:_identify(src/mujoco_menagerie/ufactory_lite6/assets/collision) by extension 'python_setup_py'
[0.980s] Level 1:colcon.colcon_core.package_identification:_identify(src/mujoco_menagerie/ufactory_lite6/assets/visual) by extensions ['ignore', 'ignore_ament_install']
[0.980s] Level 1:colcon.colcon_core.package_identification:_identify(src/mujoco_menagerie/ufactory_lite6/assets/visual) by extension 'ignore'
[0.980s] Level 1:colcon.colcon_core.package_identification:_identify(src/mujoco_menagerie/ufactory_lite6/assets/visual) by extension 'ignore_ament_install'
[0.980s] Level 1:colcon.colcon_core.package_identification:_identify(src/mujoco_menagerie/ufactory_lite6/assets/visual) by extensions ['colcon_pkg']
[0.980s] Level 1:colcon.colcon_core.package_identification:_identify(src/mujoco_menagerie/ufactory_lite6/assets/visual) by extension 'colcon_pkg'
[0.980s] Level 1:colcon.colcon_core.package_identification:_identify(src/mujoco_menagerie/ufactory_lite6/assets/visual) by extensions ['colcon_meta']
[0.980s] Level 1:colcon.colcon_core.package_identification:_identify(src/mujoco_menagerie/ufactory_lite6/assets/visual) by extension 'colcon_meta'
[0.980s] Level 1:colcon.colcon_core.package_identification:_identify(src/mujoco_menagerie/ufactory_lite6/assets/visual) by extensions ['ros']
[0.980s] Level 1:colcon.colcon_core.package_identification:_identify(src/mujoco_menagerie/ufactory_lite6/assets/visual) by extension 'ros'
[0.980s] Level 1:colcon.colcon_core.package_identification:_identify(src/mujoco_menagerie/ufactory_lite6/assets/visual) by extensions ['cmake', 'python']
[0.980s] Level 1:colcon.colcon_core.package_identification:_identify(src/mujoco_menagerie/ufactory_lite6/assets/visual) by extension 'cmake'
[0.980s] Level 1:colcon.colcon_core.package_identification:_identify(src/mujoco_menagerie/ufactory_lite6/assets/visual) by extension 'python'
[0.980s] Level 1:colcon.colcon_core.package_identification:_identify(src/mujoco_menagerie/ufactory_lite6/assets/visual) by extensions ['python_setup_py']
[0.980s] Level 1:colcon.colcon_core.package_identification:_identify(src/mujoco_menagerie/ufactory_lite6/assets/visual) by extension 'python_setup_py'
[0.981s] Level 1:colcon.colcon_core.package_identification:_identify(src/mujoco_menagerie/ufactory_xarm7) by extensions ['ignore', 'ignore_ament_install']
[0.981s] Level 1:colcon.colcon_core.package_identification:_identify(src/mujoco_menagerie/ufactory_xarm7) by extension 'ignore'
[0.981s] Level 1:colcon.colcon_core.package_identification:_identify(src/mujoco_menagerie/ufactory_xarm7) by extension 'ignore_ament_install'
[0.981s] Level 1:colcon.colcon_core.package_identification:_identify(src/mujoco_menagerie/ufactory_xarm7) by extensions ['colcon_pkg']
[0.981s] Level 1:colcon.colcon_core.package_identification:_identify(src/mujoco_menagerie/ufactory_xarm7) by extension 'colcon_pkg'
[0.981s] Level 1:colcon.colcon_core.package_identification:_identify(src/mujoco_menagerie/ufactory_xarm7) by extensions ['colcon_meta']
[0.981s] Level 1:colcon.colcon_core.package_identification:_identify(src/mujoco_menagerie/ufactory_xarm7) by extension 'colcon_meta'
[0.981s] Level 1:colcon.colcon_core.package_identification:_identify(src/mujoco_menagerie/ufactory_xarm7) by extensions ['ros']
[0.981s] Level 1:colcon.colcon_core.package_identification:_identify(src/mujoco_menagerie/ufactory_xarm7) by extension 'ros'
[0.981s] Level 1:colcon.colcon_core.package_identification:_identify(src/mujoco_menagerie/ufactory_xarm7) by extensions ['cmake', 'python']
[0.981s] Level 1:colcon.colcon_core.package_identification:_identify(src/mujoco_menagerie/ufactory_xarm7) by extension 'cmake'
[0.981s] Level 1:colcon.colcon_core.package_identification:_identify(src/mujoco_menagerie/ufactory_xarm7) by extension 'python'
[0.981s] Level 1:colcon.colcon_core.package_identification:_identify(src/mujoco_menagerie/ufactory_xarm7) by extensions ['python_setup_py']
[0.981s] Level 1:colcon.colcon_core.package_identification:_identify(src/mujoco_menagerie/ufactory_xarm7) by extension 'python_setup_py'
[0.981s] Level 1:colcon.colcon_core.package_identification:_identify(src/mujoco_menagerie/ufactory_xarm7/assets) by extensions ['ignore', 'ignore_ament_install']
[0.981s] Level 1:colcon.colcon_core.package_identification:_identify(src/mujoco_menagerie/ufactory_xarm7/assets) by extension 'ignore'
[0.982s] Level 1:colcon.colcon_core.package_identification:_identify(src/mujoco_menagerie/ufactory_xarm7/assets) by extension 'ignore_ament_install'
[0.982s] Level 1:colcon.colcon_core.package_identification:_identify(src/mujoco_menagerie/ufactory_xarm7/assets) by extensions ['colcon_pkg']
[0.982s] Level 1:colcon.colcon_core.package_identification:_identify(src/mujoco_menagerie/ufactory_xarm7/assets) by extension 'colcon_pkg'
[0.982s] Level 1:colcon.colcon_core.package_identification:_identify(src/mujoco_menagerie/ufactory_xarm7/assets) by extensions ['colcon_meta']
[0.982s] Level 1:colcon.colcon_core.package_identification:_identify(src/mujoco_menagerie/ufactory_xarm7/assets) by extension 'colcon_meta'
[0.982s] Level 1:colcon.colcon_core.package_identification:_identify(src/mujoco_menagerie/ufactory_xarm7/assets) by extensions ['ros']
[0.982s] Level 1:colcon.colcon_core.package_identification:_identify(src/mujoco_menagerie/ufactory_xarm7/assets) by extension 'ros'
[0.982s] Level 1:colcon.colcon_core.package_identification:_identify(src/mujoco_menagerie/ufactory_xarm7/assets) by extensions ['cmake', 'python']
[0.982s] Level 1:colcon.colcon_core.package_identification:_identify(src/mujoco_menagerie/ufactory_xarm7/assets) by extension 'cmake'
[0.982s] Level 1:colcon.colcon_core.package_identification:_identify(src/mujoco_menagerie/ufactory_xarm7/assets) by extension 'python'
[0.982s] Level 1:colcon.colcon_core.package_identification:_identify(src/mujoco_menagerie/ufactory_xarm7/assets) by extensions ['python_setup_py']
[0.982s] Level 1:colcon.colcon_core.package_identification:_identify(src/mujoco_menagerie/ufactory_xarm7/assets) by extension 'python_setup_py'
[0.982s] Level 1:colcon.colcon_core.package_identification:_identify(src/mujoco_menagerie/umi_gripper) by extensions ['ignore', 'ignore_ament_install']
[0.982s] Level 1:colcon.colcon_core.package_identification:_identify(src/mujoco_menagerie/umi_gripper) by extension 'ignore'
[0.982s] Level 1:colcon.colcon_core.package_identification:_identify(src/mujoco_menagerie/umi_gripper) by extension 'ignore_ament_install'
[0.982s] Level 1:colcon.colcon_core.package_identification:_identify(src/mujoco_menagerie/umi_gripper) by extensions ['colcon_pkg']
[0.982s] Level 1:colcon.colcon_core.package_identification:_identify(src/mujoco_menagerie/umi_gripper) by extension 'colcon_pkg'
[0.983s] Level 1:colcon.colcon_core.package_identification:_identify(src/mujoco_menagerie/umi_gripper) by extensions ['colcon_meta']
[0.983s] Level 1:colcon.colcon_core.package_identification:_identify(src/mujoco_menagerie/umi_gripper) by extension 'colcon_meta'
[0.983s] Level 1:colcon.colcon_core.package_identification:_identify(src/mujoco_menagerie/umi_gripper) by extensions ['ros']
[0.983s] Level 1:colcon.colcon_core.package_identification:_identify(src/mujoco_menagerie/umi_gripper) by extension 'ros'
[0.983s] Level 1:colcon.colcon_core.package_identification:_identify(src/mujoco_menagerie/umi_gripper) by extensions ['cmake', 'python']
[0.983s] Level 1:colcon.colcon_core.package_identification:_identify(src/mujoco_menagerie/umi_gripper) by extension 'cmake'
[0.983s] Level 1:colcon.colcon_core.package_identification:_identify(src/mujoco_menagerie/umi_gripper) by extension 'python'
[0.983s] Level 1:colcon.colcon_core.package_identification:_identify(src/mujoco_menagerie/umi_gripper) by extensions ['python_setup_py']
[0.983s] Level 1:colcon.colcon_core.package_identification:_identify(src/mujoco_menagerie/umi_gripper) by extension 'python_setup_py'
[0.983s] Level 1:colcon.colcon_core.package_identification:_identify(src/mujoco_menagerie/umi_gripper/assets) by extensions ['ignore', 'ignore_ament_install']
[0.983s] Level 1:colcon.colcon_core.package_identification:_identify(src/mujoco_menagerie/umi_gripper/assets) by extension 'ignore'
[0.983s] Level 1:colcon.colcon_core.package_identification:_identify(src/mujoco_menagerie/umi_gripper/assets) by extension 'ignore_ament_install'
[0.983s] Level 1:colcon.colcon_core.package_identification:_identify(src/mujoco_menagerie/umi_gripper/assets) by extensions ['colcon_pkg']
[0.983s] Level 1:colcon.colcon_core.package_identification:_identify(src/mujoco_menagerie/umi_gripper/assets) by extension 'colcon_pkg'
[0.984s] Level 1:colcon.colcon_core.package_identification:_identify(src/mujoco_menagerie/umi_gripper/assets) by extensions ['colcon_meta']
[0.984s] Level 1:colcon.colcon_core.package_identification:_identify(src/mujoco_menagerie/umi_gripper/assets) by extension 'colcon_meta'
[0.984s] Level 1:colcon.colcon_core.package_identification:_identify(src/mujoco_menagerie/umi_gripper/assets) by extensions ['ros']
[0.984s] Level 1:colcon.colcon_core.package_identification:_identify(src/mujoco_menagerie/umi_gripper/assets) by extension 'ros'
[0.984s] Level 1:colcon.colcon_core.package_identification:_identify(src/mujoco_menagerie/umi_gripper/assets) by extensions ['cmake', 'python']
[0.984s] Level 1:colcon.colcon_core.package_identification:_identify(src/mujoco_menagerie/umi_gripper/assets) by extension 'cmake'
[0.984s] Level 1:colcon.colcon_core.package_identification:_identify(src/mujoco_menagerie/umi_gripper/assets) by extension 'python'
[0.984s] Level 1:colcon.colcon_core.package_identification:_identify(src/mujoco_menagerie/umi_gripper/assets) by extensions ['python_setup_py']
[0.984s] Level 1:colcon.colcon_core.package_identification:_identify(src/mujoco_menagerie/umi_gripper/assets) by extension 'python_setup_py'
[0.984s] Level 1:colcon.colcon_core.package_identification:_identify(src/mujoco_menagerie/unitree_a1) by extensions ['ignore', 'ignore_ament_install']
[0.984s] Level 1:colcon.colcon_core.package_identification:_identify(src/mujoco_menagerie/unitree_a1) by extension 'ignore'
[0.984s] Level 1:colcon.colcon_core.package_identification:_identify(src/mujoco_menagerie/unitree_a1) by extension 'ignore_ament_install'
[0.985s] Level 1:colcon.colcon_core.package_identification:_identify(src/mujoco_menagerie/unitree_a1) by extensions ['colcon_pkg']
[0.985s] Level 1:colcon.colcon_core.package_identification:_identify(src/mujoco_menagerie/unitree_a1) by extension 'colcon_pkg'
[0.985s] Level 1:colcon.colcon_core.package_identification:_identify(src/mujoco_menagerie/unitree_a1) by extensions ['colcon_meta']
[0.985s] Level 1:colcon.colcon_core.package_identification:_identify(src/mujoco_menagerie/unitree_a1) by extension 'colcon_meta'
[0.985s] Level 1:colcon.colcon_core.package_identification:_identify(src/mujoco_menagerie/unitree_a1) by extensions ['ros']
[0.985s] Level 1:colcon.colcon_core.package_identification:_identify(src/mujoco_menagerie/unitree_a1) by extension 'ros'
[0.985s] Level 1:colcon.colcon_core.package_identification:_identify(src/mujoco_menagerie/unitree_a1) by extensions ['cmake', 'python']
[0.985s] Level 1:colcon.colcon_core.package_identification:_identify(src/mujoco_menagerie/unitree_a1) by extension 'cmake'
[0.985s] Level 1:colcon.colcon_core.package_identification:_identify(src/mujoco_menagerie/unitree_a1) by extension 'python'
[0.985s] Level 1:colcon.colcon_core.package_identification:_identify(src/mujoco_menagerie/unitree_a1) by extensions ['python_setup_py']
[0.985s] Level 1:colcon.colcon_core.package_identification:_identify(src/mujoco_menagerie/unitree_a1) by extension 'python_setup_py'
[0.985s] Level 1:colcon.colcon_core.package_identification:_identify(src/mujoco_menagerie/unitree_a1/assets) by extensions ['ignore', 'ignore_ament_install']
[0.985s] Level 1:colcon.colcon_core.package_identification:_identify(src/mujoco_menagerie/unitree_a1/assets) by extension 'ignore'
[0.985s] Level 1:colcon.colcon_core.package_identification:_identify(src/mujoco_menagerie/unitree_a1/assets) by extension 'ignore_ament_install'
[0.985s] Level 1:colcon.colcon_core.package_identification:_identify(src/mujoco_menagerie/unitree_a1/assets) by extensions ['colcon_pkg']
[0.985s] Level 1:colcon.colcon_core.package_identification:_identify(src/mujoco_menagerie/unitree_a1/assets) by extension 'colcon_pkg'
[0.985s] Level 1:colcon.colcon_core.package_identification:_identify(src/mujoco_menagerie/unitree_a1/assets) by extensions ['colcon_meta']
[0.985s] Level 1:colcon.colcon_core.package_identification:_identify(src/mujoco_menagerie/unitree_a1/assets) by extension 'colcon_meta'
[0.986s] Level 1:colcon.colcon_core.package_identification:_identify(src/mujoco_menagerie/unitree_a1/assets) by extensions ['ros']
[0.986s] Level 1:colcon.colcon_core.package_identification:_identify(src/mujoco_menagerie/unitree_a1/assets) by extension 'ros'
[0.986s] Level 1:colcon.colcon_core.package_identification:_identify(src/mujoco_menagerie/unitree_a1/assets) by extensions ['cmake', 'python']
[0.986s] Level 1:colcon.colcon_core.package_identification:_identify(src/mujoco_menagerie/unitree_a1/assets) by extension 'cmake'
[0.986s] Level 1:colcon.colcon_core.package_identification:_identify(src/mujoco_menagerie/unitree_a1/assets) by extension 'python'
[0.986s] Level 1:colcon.colcon_core.package_identification:_identify(src/mujoco_menagerie/unitree_a1/assets) by extensions ['python_setup_py']
[0.986s] Level 1:colcon.colcon_core.package_identification:_identify(src/mujoco_menagerie/unitree_a1/assets) by extension 'python_setup_py'
[0.986s] Level 1:colcon.colcon_core.package_identification:_identify(src/mujoco_menagerie/unitree_g1) by extensions ['ignore', 'ignore_ament_install']
[0.986s] Level 1:colcon.colcon_core.package_identification:_identify(src/mujoco_menagerie/unitree_g1) by extension 'ignore'
[0.986s] Level 1:colcon.colcon_core.package_identification:_identify(src/mujoco_menagerie/unitree_g1) by extension 'ignore_ament_install'
[0.986s] Level 1:colcon.colcon_core.package_identification:_identify(src/mujoco_menagerie/unitree_g1) by extensions ['colcon_pkg']
[0.986s] Level 1:colcon.colcon_core.package_identification:_identify(src/mujoco_menagerie/unitree_g1) by extension 'colcon_pkg'
[0.986s] Level 1:colcon.colcon_core.package_identification:_identify(src/mujoco_menagerie/unitree_g1) by extensions ['colcon_meta']
[0.986s] Level 1:colcon.colcon_core.package_identification:_identify(src/mujoco_menagerie/unitree_g1) by extension 'colcon_meta'
[0.986s] Level 1:colcon.colcon_core.package_identification:_identify(src/mujoco_menagerie/unitree_g1) by extensions ['ros']
[0.987s] Level 1:colcon.colcon_core.package_identification:_identify(src/mujoco_menagerie/unitree_g1) by extension 'ros'
[0.987s] Level 1:colcon.colcon_core.package_identification:_identify(src/mujoco_menagerie/unitree_g1) by extensions ['cmake', 'python']
[0.987s] Level 1:colcon.colcon_core.package_identification:_identify(src/mujoco_menagerie/unitree_g1) by extension 'cmake'
[0.987s] Level 1:colcon.colcon_core.package_identification:_identify(src/mujoco_menagerie/unitree_g1) by extension 'python'
[0.987s] Level 1:colcon.colcon_core.package_identification:_identify(src/mujoco_menagerie/unitree_g1) by extensions ['python_setup_py']
[0.987s] Level 1:colcon.colcon_core.package_identification:_identify(src/mujoco_menagerie/unitree_g1) by extension 'python_setup_py'
[0.987s] Level 1:colcon.colcon_core.package_identification:_identify(src/mujoco_menagerie/unitree_g1/assets) by extensions ['ignore', 'ignore_ament_install']
[0.987s] Level 1:colcon.colcon_core.package_identification:_identify(src/mujoco_menagerie/unitree_g1/assets) by extension 'ignore'
[0.987s] Level 1:colcon.colcon_core.package_identification:_identify(src/mujoco_menagerie/unitree_g1/assets) by extension 'ignore_ament_install'
[0.987s] Level 1:colcon.colcon_core.package_identification:_identify(src/mujoco_menagerie/unitree_g1/assets) by extensions ['colcon_pkg']
[0.987s] Level 1:colcon.colcon_core.package_identification:_identify(src/mujoco_menagerie/unitree_g1/assets) by extension 'colcon_pkg'
[0.987s] Level 1:colcon.colcon_core.package_identification:_identify(src/mujoco_menagerie/unitree_g1/assets) by extensions ['colcon_meta']
[0.987s] Level 1:colcon.colcon_core.package_identification:_identify(src/mujoco_menagerie/unitree_g1/assets) by extension 'colcon_meta'
[0.987s] Level 1:colcon.colcon_core.package_identification:_identify(src/mujoco_menagerie/unitree_g1/assets) by extensions ['ros']
[0.987s] Level 1:colcon.colcon_core.package_identification:_identify(src/mujoco_menagerie/unitree_g1/assets) by extension 'ros'
[0.988s] Level 1:colcon.colcon_core.package_identification:_identify(src/mujoco_menagerie/unitree_g1/assets) by extensions ['cmake', 'python']
[0.988s] Level 1:colcon.colcon_core.package_identification:_identify(src/mujoco_menagerie/unitree_g1/assets) by extension 'cmake'
[0.988s] Level 1:colcon.colcon_core.package_identification:_identify(src/mujoco_menagerie/unitree_g1/assets) by extension 'python'
[0.988s] Level 1:colcon.colcon_core.package_identification:_identify(src/mujoco_menagerie/unitree_g1/assets) by extensions ['python_setup_py']
[0.988s] Level 1:colcon.colcon_core.package_identification:_identify(src/mujoco_menagerie/unitree_g1/assets) by extension 'python_setup_py'
[0.988s] Level 1:colcon.colcon_core.package_identification:_identify(src/mujoco_menagerie/unitree_go1) by extensions ['ignore', 'ignore_ament_install']
[0.988s] Level 1:colcon.colcon_core.package_identification:_identify(src/mujoco_menagerie/unitree_go1) by extension 'ignore'
[0.988s] Level 1:colcon.colcon_core.package_identification:_identify(src/mujoco_menagerie/unitree_go1) by extension 'ignore_ament_install'
[0.988s] Level 1:colcon.colcon_core.package_identification:_identify(src/mujoco_menagerie/unitree_go1) by extensions ['colcon_pkg']
[0.988s] Level 1:colcon.colcon_core.package_identification:_identify(src/mujoco_menagerie/unitree_go1) by extension 'colcon_pkg'
[0.988s] Level 1:colcon.colcon_core.package_identification:_identify(src/mujoco_menagerie/unitree_go1) by extensions ['colcon_meta']
[0.988s] Level 1:colcon.colcon_core.package_identification:_identify(src/mujoco_menagerie/unitree_go1) by extension 'colcon_meta'
[0.988s] Level 1:colcon.colcon_core.package_identification:_identify(src/mujoco_menagerie/unitree_go1) by extensions ['ros']
[0.988s] Level 1:colcon.colcon_core.package_identification:_identify(src/mujoco_menagerie/unitree_go1) by extension 'ros'
[0.988s] Level 1:colcon.colcon_core.package_identification:_identify(src/mujoco_menagerie/unitree_go1) by extensions ['cmake', 'python']
[0.988s] Level 1:colcon.colcon_core.package_identification:_identify(src/mujoco_menagerie/unitree_go1) by extension 'cmake'
[0.988s] Level 1:colcon.colcon_core.package_identification:_identify(src/mujoco_menagerie/unitree_go1) by extension 'python'
[0.988s] Level 1:colcon.colcon_core.package_identification:_identify(src/mujoco_menagerie/unitree_go1) by extensions ['python_setup_py']
[0.989s] Level 1:colcon.colcon_core.package_identification:_identify(src/mujoco_menagerie/unitree_go1) by extension 'python_setup_py'
[0.989s] Level 1:colcon.colcon_core.package_identification:_identify(src/mujoco_menagerie/unitree_go1/assets) by extensions ['ignore', 'ignore_ament_install']
[0.989s] Level 1:colcon.colcon_core.package_identification:_identify(src/mujoco_menagerie/unitree_go1/assets) by extension 'ignore'
[0.989s] Level 1:colcon.colcon_core.package_identification:_identify(src/mujoco_menagerie/unitree_go1/assets) by extension 'ignore_ament_install'
[0.989s] Level 1:colcon.colcon_core.package_identification:_identify(src/mujoco_menagerie/unitree_go1/assets) by extensions ['colcon_pkg']
[0.989s] Level 1:colcon.colcon_core.package_identification:_identify(src/mujoco_menagerie/unitree_go1/assets) by extension 'colcon_pkg'
[0.989s] Level 1:colcon.colcon_core.package_identification:_identify(src/mujoco_menagerie/unitree_go1/assets) by extensions ['colcon_meta']
[0.989s] Level 1:colcon.colcon_core.package_identification:_identify(src/mujoco_menagerie/unitree_go1/assets) by extension 'colcon_meta'
[0.989s] Level 1:colcon.colcon_core.package_identification:_identify(src/mujoco_menagerie/unitree_go1/assets) by extensions ['ros']
[0.989s] Level 1:colcon.colcon_core.package_identification:_identify(src/mujoco_menagerie/unitree_go1/assets) by extension 'ros'
[0.989s] Level 1:colcon.colcon_core.package_identification:_identify(src/mujoco_menagerie/unitree_go1/assets) by extensions ['cmake', 'python']
[0.989s] Level 1:colcon.colcon_core.package_identification:_identify(src/mujoco_menagerie/unitree_go1/assets) by extension 'cmake'
[0.989s] Level 1:colcon.colcon_core.package_identification:_identify(src/mujoco_menagerie/unitree_go1/assets) by extension 'python'
[0.989s] Level 1:colcon.colcon_core.package_identification:_identify(src/mujoco_menagerie/unitree_go1/assets) by extensions ['python_setup_py']
[0.989s] Level 1:colcon.colcon_core.package_identification:_identify(src/mujoco_menagerie/unitree_go1/assets) by extension 'python_setup_py'
[0.990s] Level 1:colcon.colcon_core.package_identification:_identify(src/mujoco_menagerie/unitree_go2) by extensions ['ignore', 'ignore_ament_install']
[0.990s] Level 1:colcon.colcon_core.package_identification:_identify(src/mujoco_menagerie/unitree_go2) by extension 'ignore'
[0.990s] Level 1:colcon.colcon_core.package_identification:_identify(src/mujoco_menagerie/unitree_go2) by extension 'ignore_ament_install'
[0.990s] Level 1:colcon.colcon_core.package_identification:_identify(src/mujoco_menagerie/unitree_go2) by extensions ['colcon_pkg']
[0.990s] Level 1:colcon.colcon_core.package_identification:_identify(src/mujoco_menagerie/unitree_go2) by extension 'colcon_pkg'
[0.990s] Level 1:colcon.colcon_core.package_identification:_identify(src/mujoco_menagerie/unitree_go2) by extensions ['colcon_meta']
[0.990s] Level 1:colcon.colcon_core.package_identification:_identify(src/mujoco_menagerie/unitree_go2) by extension 'colcon_meta'
[0.990s] Level 1:colcon.colcon_core.package_identification:_identify(src/mujoco_menagerie/unitree_go2) by extensions ['ros']
[0.990s] Level 1:colcon.colcon_core.package_identification:_identify(src/mujoco_menagerie/unitree_go2) by extension 'ros'
[0.990s] Level 1:colcon.colcon_core.package_identification:_identify(src/mujoco_menagerie/unitree_go2) by extensions ['cmake', 'python']
[0.990s] Level 1:colcon.colcon_core.package_identification:_identify(src/mujoco_menagerie/unitree_go2) by extension 'cmake'
[0.990s] Level 1:colcon.colcon_core.package_identification:_identify(src/mujoco_menagerie/unitree_go2) by extension 'python'
[0.990s] Level 1:colcon.colcon_core.package_identification:_identify(src/mujoco_menagerie/unitree_go2) by extensions ['python_setup_py']
[0.990s] Level 1:colcon.colcon_core.package_identification:_identify(src/mujoco_menagerie/unitree_go2) by extension 'python_setup_py'
[0.990s] Level 1:colcon.colcon_core.package_identification:_identify(src/mujoco_menagerie/unitree_go2/assets) by extensions ['ignore', 'ignore_ament_install']
[0.991s] Level 1:colcon.colcon_core.package_identification:_identify(src/mujoco_menagerie/unitree_go2/assets) by extension 'ignore'
[0.991s] Level 1:colcon.colcon_core.package_identification:_identify(src/mujoco_menagerie/unitree_go2/assets) by extension 'ignore_ament_install'
[0.991s] Level 1:colcon.colcon_core.package_identification:_identify(src/mujoco_menagerie/unitree_go2/assets) by extensions ['colcon_pkg']
[0.991s] Level 1:colcon.colcon_core.package_identification:_identify(src/mujoco_menagerie/unitree_go2/assets) by extension 'colcon_pkg'
[0.991s] Level 1:colcon.colcon_core.package_identification:_identify(src/mujoco_menagerie/unitree_go2/assets) by extensions ['colcon_meta']
[0.991s] Level 1:colcon.colcon_core.package_identification:_identify(src/mujoco_menagerie/unitree_go2/assets) by extension 'colcon_meta'
[0.991s] Level 1:colcon.colcon_core.package_identification:_identify(src/mujoco_menagerie/unitree_go2/assets) by extensions ['ros']
[0.991s] Level 1:colcon.colcon_core.package_identification:_identify(src/mujoco_menagerie/unitree_go2/assets) by extension 'ros'
[0.991s] Level 1:colcon.colcon_core.package_identification:_identify(src/mujoco_menagerie/unitree_go2/assets) by extensions ['cmake', 'python']
[0.991s] Level 1:colcon.colcon_core.package_identification:_identify(src/mujoco_menagerie/unitree_go2/assets) by extension 'cmake'
[0.991s] Level 1:colcon.colcon_core.package_identification:_identify(src/mujoco_menagerie/unitree_go2/assets) by extension 'python'
[0.991s] Level 1:colcon.colcon_core.package_identification:_identify(src/mujoco_menagerie/unitree_go2/assets) by extensions ['python_setup_py']
[0.991s] Level 1:colcon.colcon_core.package_identification:_identify(src/mujoco_menagerie/unitree_go2/assets) by extension 'python_setup_py'
[0.991s] Level 1:colcon.colcon_core.package_identification:_identify(src/mujoco_menagerie/unitree_h1) by extensions ['ignore', 'ignore_ament_install']
[0.991s] Level 1:colcon.colcon_core.package_identification:_identify(src/mujoco_menagerie/unitree_h1) by extension 'ignore'
[0.991s] Level 1:colcon.colcon_core.package_identification:_identify(src/mujoco_menagerie/unitree_h1) by extension 'ignore_ament_install'
[0.992s] Level 1:colcon.colcon_core.package_identification:_identify(src/mujoco_menagerie/unitree_h1) by extensions ['colcon_pkg']
[0.992s] Level 1:colcon.colcon_core.package_identification:_identify(src/mujoco_menagerie/unitree_h1) by extension 'colcon_pkg'
[0.992s] Level 1:colcon.colcon_core.package_identification:_identify(src/mujoco_menagerie/unitree_h1) by extensions ['colcon_meta']
[0.992s] Level 1:colcon.colcon_core.package_identification:_identify(src/mujoco_menagerie/unitree_h1) by extension 'colcon_meta'
[0.992s] Level 1:colcon.colcon_core.package_identification:_identify(src/mujoco_menagerie/unitree_h1) by extensions ['ros']
[0.992s] Level 1:colcon.colcon_core.package_identification:_identify(src/mujoco_menagerie/unitree_h1) by extension 'ros'
[0.992s] Level 1:colcon.colcon_core.package_identification:_identify(src/mujoco_menagerie/unitree_h1) by extensions ['cmake', 'python']
[0.992s] Level 1:colcon.colcon_core.package_identification:_identify(src/mujoco_menagerie/unitree_h1) by extension 'cmake'
[0.992s] Level 1:colcon.colcon_core.package_identification:_identify(src/mujoco_menagerie/unitree_h1) by extension 'python'
[0.992s] Level 1:colcon.colcon_core.package_identification:_identify(src/mujoco_menagerie/unitree_h1) by extensions ['python_setup_py']
[0.992s] Level 1:colcon.colcon_core.package_identification:_identify(src/mujoco_menagerie/unitree_h1) by extension 'python_setup_py'
[0.992s] Level 1:colcon.colcon_core.package_identification:_identify(src/mujoco_menagerie/unitree_h1/assets) by extensions ['ignore', 'ignore_ament_install']
[0.992s] Level 1:colcon.colcon_core.package_identification:_identify(src/mujoco_menagerie/unitree_h1/assets) by extension 'ignore'
[0.992s] Level 1:colcon.colcon_core.package_identification:_identify(src/mujoco_menagerie/unitree_h1/assets) by extension 'ignore_ament_install'
[0.992s] Level 1:colcon.colcon_core.package_identification:_identify(src/mujoco_menagerie/unitree_h1/assets) by extensions ['colcon_pkg']
[0.992s] Level 1:colcon.colcon_core.package_identification:_identify(src/mujoco_menagerie/unitree_h1/assets) by extension 'colcon_pkg'
[0.992s] Level 1:colcon.colcon_core.package_identification:_identify(src/mujoco_menagerie/unitree_h1/assets) by extensions ['colcon_meta']
[0.992s] Level 1:colcon.colcon_core.package_identification:_identify(src/mujoco_menagerie/unitree_h1/assets) by extension 'colcon_meta'
[0.993s] Level 1:colcon.colcon_core.package_identification:_identify(src/mujoco_menagerie/unitree_h1/assets) by extensions ['ros']
[0.993s] Level 1:colcon.colcon_core.package_identification:_identify(src/mujoco_menagerie/unitree_h1/assets) by extension 'ros'
[0.993s] Level 1:colcon.colcon_core.package_identification:_identify(src/mujoco_menagerie/unitree_h1/assets) by extensions ['cmake', 'python']
[0.993s] Level 1:colcon.colcon_core.package_identification:_identify(src/mujoco_menagerie/unitree_h1/assets) by extension 'cmake'
[0.993s] Level 1:colcon.colcon_core.package_identification:_identify(src/mujoco_menagerie/unitree_h1/assets) by extension 'python'
[0.993s] Level 1:colcon.colcon_core.package_identification:_identify(src/mujoco_menagerie/unitree_h1/assets) by extensions ['python_setup_py']
[0.993s] Level 1:colcon.colcon_core.package_identification:_identify(src/mujoco_menagerie/unitree_h1/assets) by extension 'python_setup_py'
[0.993s] Level 1:colcon.colcon_core.package_identification:_identify(src/mujoco_menagerie/unitree_z1) by extensions ['ignore', 'ignore_ament_install']
[0.993s] Level 1:colcon.colcon_core.package_identification:_identify(src/mujoco_menagerie/unitree_z1) by extension 'ignore'
[0.993s] Level 1:colcon.colcon_core.package_identification:_identify(src/mujoco_menagerie/unitree_z1) by extension 'ignore_ament_install'
[0.993s] Level 1:colcon.colcon_core.package_identification:_identify(src/mujoco_menagerie/unitree_z1) by extensions ['colcon_pkg']
[0.993s] Level 1:colcon.colcon_core.package_identification:_identify(src/mujoco_menagerie/unitree_z1) by extension 'colcon_pkg'
[0.993s] Level 1:colcon.colcon_core.package_identification:_identify(src/mujoco_menagerie/unitree_z1) by extensions ['colcon_meta']
[0.993s] Level 1:colcon.colcon_core.package_identification:_identify(src/mujoco_menagerie/unitree_z1) by extension 'colcon_meta'
[0.993s] Level 1:colcon.colcon_core.package_identification:_identify(src/mujoco_menagerie/unitree_z1) by extensions ['ros']
[0.993s] Level 1:colcon.colcon_core.package_identification:_identify(src/mujoco_menagerie/unitree_z1) by extension 'ros'
[0.993s] Level 1:colcon.colcon_core.package_identification:_identify(src/mujoco_menagerie/unitree_z1) by extensions ['cmake', 'python']
[0.994s] Level 1:colcon.colcon_core.package_identification:_identify(src/mujoco_menagerie/unitree_z1) by extension 'cmake'
[0.994s] Level 1:colcon.colcon_core.package_identification:_identify(src/mujoco_menagerie/unitree_z1) by extension 'python'
[0.994s] Level 1:colcon.colcon_core.package_identification:_identify(src/mujoco_menagerie/unitree_z1) by extensions ['python_setup_py']
[0.994s] Level 1:colcon.colcon_core.package_identification:_identify(src/mujoco_menagerie/unitree_z1) by extension 'python_setup_py'
[0.994s] Level 1:colcon.colcon_core.package_identification:_identify(src/mujoco_menagerie/unitree_z1/assets) by extensions ['ignore', 'ignore_ament_install']
[0.994s] Level 1:colcon.colcon_core.package_identification:_identify(src/mujoco_menagerie/unitree_z1/assets) by extension 'ignore'
[0.994s] Level 1:colcon.colcon_core.package_identification:_identify(src/mujoco_menagerie/unitree_z1/assets) by extension 'ignore_ament_install'
[0.994s] Level 1:colcon.colcon_core.package_identification:_identify(src/mujoco_menagerie/unitree_z1/assets) by extensions ['colcon_pkg']
[0.994s] Level 1:colcon.colcon_core.package_identification:_identify(src/mujoco_menagerie/unitree_z1/assets) by extension 'colcon_pkg'
[0.994s] Level 1:colcon.colcon_core.package_identification:_identify(src/mujoco_menagerie/unitree_z1/assets) by extensions ['colcon_meta']
[0.994s] Level 1:colcon.colcon_core.package_identification:_identify(src/mujoco_menagerie/unitree_z1/assets) by extension 'colcon_meta'
[0.994s] Level 1:colcon.colcon_core.package_identification:_identify(src/mujoco_menagerie/unitree_z1/assets) by extensions ['ros']
[0.994s] Level 1:colcon.colcon_core.package_identification:_identify(src/mujoco_menagerie/unitree_z1/assets) by extension 'ros'
[0.994s] Level 1:colcon.colcon_core.package_identification:_identify(src/mujoco_menagerie/unitree_z1/assets) by extensions ['cmake', 'python']
[0.994s] Level 1:colcon.colcon_core.package_identification:_identify(src/mujoco_menagerie/unitree_z1/assets) by extension 'cmake'
[0.994s] Level 1:colcon.colcon_core.package_identification:_identify(src/mujoco_menagerie/unitree_z1/assets) by extension 'python'
[0.994s] Level 1:colcon.colcon_core.package_identification:_identify(src/mujoco_menagerie/unitree_z1/assets) by extensions ['python_setup_py']
[0.994s] Level 1:colcon.colcon_core.package_identification:_identify(src/mujoco_menagerie/unitree_z1/assets) by extension 'python_setup_py'
[0.995s] Level 1:colcon.colcon_core.package_identification:_identify(src/mujoco_menagerie/universal_robots_ur10e) by extensions ['ignore', 'ignore_ament_install']
[0.995s] Level 1:colcon.colcon_core.package_identification:_identify(src/mujoco_menagerie/universal_robots_ur10e) by extension 'ignore'
[0.995s] Level 1:colcon.colcon_core.package_identification:_identify(src/mujoco_menagerie/universal_robots_ur10e) by extension 'ignore_ament_install'
[0.995s] Level 1:colcon.colcon_core.package_identification:_identify(src/mujoco_menagerie/universal_robots_ur10e) by extensions ['colcon_pkg']
[0.995s] Level 1:colcon.colcon_core.package_identification:_identify(src/mujoco_menagerie/universal_robots_ur10e) by extension 'colcon_pkg'
[0.995s] Level 1:colcon.colcon_core.package_identification:_identify(src/mujoco_menagerie/universal_robots_ur10e) by extensions ['colcon_meta']
[0.995s] Level 1:colcon.colcon_core.package_identification:_identify(src/mujoco_menagerie/universal_robots_ur10e) by extension 'colcon_meta'
[0.995s] Level 1:colcon.colcon_core.package_identification:_identify(src/mujoco_menagerie/universal_robots_ur10e) by extensions ['ros']
[0.995s] Level 1:colcon.colcon_core.package_identification:_identify(src/mujoco_menagerie/universal_robots_ur10e) by extension 'ros'
[0.995s] Level 1:colcon.colcon_core.package_identification:_identify(src/mujoco_menagerie/universal_robots_ur10e) by extensions ['cmake', 'python']
[0.995s] Level 1:colcon.colcon_core.package_identification:_identify(src/mujoco_menagerie/universal_robots_ur10e) by extension 'cmake'
[0.995s] Level 1:colcon.colcon_core.package_identification:_identify(src/mujoco_menagerie/universal_robots_ur10e) by extension 'python'
[0.995s] Level 1:colcon.colcon_core.package_identification:_identify(src/mujoco_menagerie/universal_robots_ur10e) by extensions ['python_setup_py']
[0.995s] Level 1:colcon.colcon_core.package_identification:_identify(src/mujoco_menagerie/universal_robots_ur10e) by extension 'python_setup_py'
[0.995s] Level 1:colcon.colcon_core.package_identification:_identify(src/mujoco_menagerie/universal_robots_ur10e/assets) by extensions ['ignore', 'ignore_ament_install']
[0.996s] Level 1:colcon.colcon_core.package_identification:_identify(src/mujoco_menagerie/universal_robots_ur10e/assets) by extension 'ignore'
[0.996s] Level 1:colcon.colcon_core.package_identification:_identify(src/mujoco_menagerie/universal_robots_ur10e/assets) by extension 'ignore_ament_install'
[0.996s] Level 1:colcon.colcon_core.package_identification:_identify(src/mujoco_menagerie/universal_robots_ur10e/assets) by extensions ['colcon_pkg']
[0.996s] Level 1:colcon.colcon_core.package_identification:_identify(src/mujoco_menagerie/universal_robots_ur10e/assets) by extension 'colcon_pkg'
[0.996s] Level 1:colcon.colcon_core.package_identification:_identify(src/mujoco_menagerie/universal_robots_ur10e/assets) by extensions ['colcon_meta']
[0.996s] Level 1:colcon.colcon_core.package_identification:_identify(src/mujoco_menagerie/universal_robots_ur10e/assets) by extension 'colcon_meta'
[0.996s] Level 1:colcon.colcon_core.package_identification:_identify(src/mujoco_menagerie/universal_robots_ur10e/assets) by extensions ['ros']
[0.996s] Level 1:colcon.colcon_core.package_identification:_identify(src/mujoco_menagerie/universal_robots_ur10e/assets) by extension 'ros'
[0.996s] Level 1:colcon.colcon_core.package_identification:_identify(src/mujoco_menagerie/universal_robots_ur10e/assets) by extensions ['cmake', 'python']
[0.996s] Level 1:colcon.colcon_core.package_identification:_identify(src/mujoco_menagerie/universal_robots_ur10e/assets) by extension 'cmake'
[0.996s] Level 1:colcon.colcon_core.package_identification:_identify(src/mujoco_menagerie/universal_robots_ur10e/assets) by extension 'python'
[0.996s] Level 1:colcon.colcon_core.package_identification:_identify(src/mujoco_menagerie/universal_robots_ur10e/assets) by extensions ['python_setup_py']
[0.996s] Level 1:colcon.colcon_core.package_identification:_identify(src/mujoco_menagerie/universal_robots_ur10e/assets) by extension 'python_setup_py'
[0.996s] Level 1:colcon.colcon_core.package_identification:_identify(src/mujoco_menagerie/universal_robots_ur5e) by extensions ['ignore', 'ignore_ament_install']
[0.997s] Level 1:colcon.colcon_core.package_identification:_identify(src/mujoco_menagerie/universal_robots_ur5e) by extension 'ignore'
[0.997s] Level 1:colcon.colcon_core.package_identification:_identify(src/mujoco_menagerie/universal_robots_ur5e) by extension 'ignore_ament_install'
[0.997s] Level 1:colcon.colcon_core.package_identification:_identify(src/mujoco_menagerie/universal_robots_ur5e) by extensions ['colcon_pkg']
[0.997s] Level 1:colcon.colcon_core.package_identification:_identify(src/mujoco_menagerie/universal_robots_ur5e) by extension 'colcon_pkg'
[0.997s] Level 1:colcon.colcon_core.package_identification:_identify(src/mujoco_menagerie/universal_robots_ur5e) by extensions ['colcon_meta']
[0.997s] Level 1:colcon.colcon_core.package_identification:_identify(src/mujoco_menagerie/universal_robots_ur5e) by extension 'colcon_meta'
[0.997s] Level 1:colcon.colcon_core.package_identification:_identify(src/mujoco_menagerie/universal_robots_ur5e) by extensions ['ros']
[0.997s] Level 1:colcon.colcon_core.package_identification:_identify(src/mujoco_menagerie/universal_robots_ur5e) by extension 'ros'
[0.997s] Level 1:colcon.colcon_core.package_identification:_identify(src/mujoco_menagerie/universal_robots_ur5e) by extensions ['cmake', 'python']
[0.997s] Level 1:colcon.colcon_core.package_identification:_identify(src/mujoco_menagerie/universal_robots_ur5e) by extension 'cmake'
[0.997s] Level 1:colcon.colcon_core.package_identification:_identify(src/mujoco_menagerie/universal_robots_ur5e) by extension 'python'
[0.997s] Level 1:colcon.colcon_core.package_identification:_identify(src/mujoco_menagerie/universal_robots_ur5e) by extensions ['python_setup_py']
[0.998s] Level 1:colcon.colcon_core.package_identification:_identify(src/mujoco_menagerie/universal_robots_ur5e) by extension 'python_setup_py'
[0.998s] Level 1:colcon.colcon_core.package_identification:_identify(src/mujoco_menagerie/universal_robots_ur5e/assets) by extensions ['ignore', 'ignore_ament_install']
[0.998s] Level 1:colcon.colcon_core.package_identification:_identify(src/mujoco_menagerie/universal_robots_ur5e/assets) by extension 'ignore'
[0.998s] Level 1:colcon.colcon_core.package_identification:_identify(src/mujoco_menagerie/universal_robots_ur5e/assets) by extension 'ignore_ament_install'
[0.998s] Level 1:colcon.colcon_core.package_identification:_identify(src/mujoco_menagerie/universal_robots_ur5e/assets) by extensions ['colcon_pkg']
[0.998s] Level 1:colcon.colcon_core.package_identification:_identify(src/mujoco_menagerie/universal_robots_ur5e/assets) by extension 'colcon_pkg'
[0.998s] Level 1:colcon.colcon_core.package_identification:_identify(src/mujoco_menagerie/universal_robots_ur5e/assets) by extensions ['colcon_meta']
[0.998s] Level 1:colcon.colcon_core.package_identification:_identify(src/mujoco_menagerie/universal_robots_ur5e/assets) by extension 'colcon_meta'
[0.999s] Level 1:colcon.colcon_core.package_identification:_identify(src/mujoco_menagerie/universal_robots_ur5e/assets) by extensions ['ros']
[0.999s] Level 1:colcon.colcon_core.package_identification:_identify(src/mujoco_menagerie/universal_robots_ur5e/assets) by extension 'ros'
[0.999s] Level 1:colcon.colcon_core.package_identification:_identify(src/mujoco_menagerie/universal_robots_ur5e/assets) by extensions ['cmake', 'python']
[0.999s] Level 1:colcon.colcon_core.package_identification:_identify(src/mujoco_menagerie/universal_robots_ur5e/assets) by extension 'cmake'
[0.999s] Level 1:colcon.colcon_core.package_identification:_identify(src/mujoco_menagerie/universal_robots_ur5e/assets) by extension 'python'
[0.999s] Level 1:colcon.colcon_core.package_identification:_identify(src/mujoco_menagerie/universal_robots_ur5e/assets) by extensions ['python_setup_py']
[0.999s] Level 1:colcon.colcon_core.package_identification:_identify(src/mujoco_menagerie/universal_robots_ur5e/assets) by extension 'python_setup_py'
[0.999s] Level 1:colcon.colcon_core.package_identification:_identify(src/mujoco_menagerie/wonik_allegro) by extensions ['ignore', 'ignore_ament_install']
[0.999s] Level 1:colcon.colcon_core.package_identification:_identify(src/mujoco_menagerie/wonik_allegro) by extension 'ignore'
[0.999s] Level 1:colcon.colcon_core.package_identification:_identify(src/mujoco_menagerie/wonik_allegro) by extension 'ignore_ament_install'
[0.999s] Level 1:colcon.colcon_core.package_identification:_identify(src/mujoco_menagerie/wonik_allegro) by extensions ['colcon_pkg']
[0.999s] Level 1:colcon.colcon_core.package_identification:_identify(src/mujoco_menagerie/wonik_allegro) by extension 'colcon_pkg'
[0.999s] Level 1:colcon.colcon_core.package_identification:_identify(src/mujoco_menagerie/wonik_allegro) by extensions ['colcon_meta']
[1.000s] Level 1:colcon.colcon_core.package_identification:_identify(src/mujoco_menagerie/wonik_allegro) by extension 'colcon_meta'
[1.000s] Level 1:colcon.colcon_core.package_identification:_identify(src/mujoco_menagerie/wonik_allegro) by extensions ['ros']
[1.000s] Level 1:colcon.colcon_core.package_identification:_identify(src/mujoco_menagerie/wonik_allegro) by extension 'ros'
[1.000s] Level 1:colcon.colcon_core.package_identification:_identify(src/mujoco_menagerie/wonik_allegro) by extensions ['cmake', 'python']
[1.000s] Level 1:colcon.colcon_core.package_identification:_identify(src/mujoco_menagerie/wonik_allegro) by extension 'cmake'
[1.000s] Level 1:colcon.colcon_core.package_identification:_identify(src/mujoco_menagerie/wonik_allegro) by extension 'python'
[1.000s] Level 1:colcon.colcon_core.package_identification:_identify(src/mujoco_menagerie/wonik_allegro) by extensions ['python_setup_py']
[1.000s] Level 1:colcon.colcon_core.package_identification:_identify(src/mujoco_menagerie/wonik_allegro) by extension 'python_setup_py'
[1.000s] Level 1:colcon.colcon_core.package_identification:_identify(src/mujoco_menagerie/wonik_allegro/assets) by extensions ['ignore', 'ignore_ament_install']
[1.000s] Level 1:colcon.colcon_core.package_identification:_identify(src/mujoco_menagerie/wonik_allegro/assets) by extension 'ignore'
[1.000s] Level 1:colcon.colcon_core.package_identification:_identify(src/mujoco_menagerie/wonik_allegro/assets) by extension 'ignore_ament_install'
[1.000s] Level 1:colcon.colcon_core.package_identification:_identify(src/mujoco_menagerie/wonik_allegro/assets) by extensions ['colcon_pkg']
[1.000s] Level 1:colcon.colcon_core.package_identification:_identify(src/mujoco_menagerie/wonik_allegro/assets) by extension 'colcon_pkg'
[1.001s] Level 1:colcon.colcon_core.package_identification:_identify(src/mujoco_menagerie/wonik_allegro/assets) by extensions ['colcon_meta']
[1.001s] Level 1:colcon.colcon_core.package_identification:_identify(src/mujoco_menagerie/wonik_allegro/assets) by extension 'colcon_meta'
[1.001s] Level 1:colcon.colcon_core.package_identification:_identify(src/mujoco_menagerie/wonik_allegro/assets) by extensions ['ros']
[1.001s] Level 1:colcon.colcon_core.package_identification:_identify(src/mujoco_menagerie/wonik_allegro/assets) by extension 'ros'
[1.001s] Level 1:colcon.colcon_core.package_identification:_identify(src/mujoco_menagerie/wonik_allegro/assets) by extensions ['cmake', 'python']
[1.001s] Level 1:colcon.colcon_core.package_identification:_identify(src/mujoco_menagerie/wonik_allegro/assets) by extension 'cmake'
[1.001s] Level 1:colcon.colcon_core.package_identification:_identify(src/mujoco_menagerie/wonik_allegro/assets) by extension 'python'
[1.001s] Level 1:colcon.colcon_core.package_identification:_identify(src/mujoco_menagerie/wonik_allegro/assets) by extensions ['python_setup_py']
[1.001s] Level 1:colcon.colcon_core.package_identification:_identify(src/mujoco_menagerie/wonik_allegro/assets) by extension 'python_setup_py'
[1.001s] Level 1:colcon.colcon_core.package_discovery:discover_packages(recursive) using defaults
[1.001s] Level 1:colcon.colcon_core.package_discovery:discover_packages(ignore) discover
[1.001s] Level 1:colcon.colcon_core.package_discovery:discover_packages(ignore) using defaults
[1.001s] Level 1:colcon.colcon_core.package_discovery:discover_packages(path) discover
[1.001s] Level 1:colcon.colcon_core.package_discovery:discover_packages(path) using defaults
[1.046s] INFO:colcon.colcon_core.package_selection:Skipping not selected package 'mujoco' in 'src/mujoco'
[1.047s] Level 1:colcon.colcon_core.package_discovery:discover_packages(prefix_path) check parameters
[1.047s] Level 1:colcon.colcon_core.package_discovery:discover_packages(prefix_path) discover
[1.048s] WARNING:colcon.colcon_ros.prefix_path.catkin:The path '/home/ali/grasp_ws/install/mujoco' in the environment variable CMAKE_PREFIX_PATH doesn't exist
[1.049s] DEBUG:colcon.colcon_installed_package_information.package_discovery:Found 1 installed packages in /home/ali/grasp_ws/install
[1.051s] DEBUG:colcon.colcon_installed_package_information.package_discovery:Found 271 installed packages in /opt/ros/humble
[1.053s] Level 1:colcon.colcon_core.package_discovery:discover_packages(prefix_path) using defaults
[1.118s] Level 5:colcon.colcon_core.verb:set package 'grasp_simulation' build argument 'cmake_args' from command line to 'None'
[1.118s] Level 5:colcon.colcon_core.verb:set package 'grasp_simulation' build argument 'cmake_target' from command line to 'None'
[1.118s] Level 5:colcon.colcon_core.verb:set package 'grasp_simulation' build argument 'cmake_target_skip_unavailable' from command line to 'False'
[1.118s] Level 5:colcon.colcon_core.verb:set package 'grasp_simulation' build argument 'cmake_clean_cache' from command line to 'False'
[1.118s] Level 5:colcon.colcon_core.verb:set package 'grasp_simulation' build argument 'cmake_clean_first' from command line to 'False'
[1.119s] Level 5:colcon.colcon_core.verb:set package 'grasp_simulation' build argument 'cmake_force_configure' from command line to 'False'
[1.119s] Level 5:colcon.colcon_core.verb:set package 'grasp_simulation' build argument 'ament_cmake_args' from command line to 'None'
[1.119s] Level 5:colcon.colcon_core.verb:set package 'grasp_simulation' build argument 'catkin_cmake_args' from command line to 'None'
[1.119s] Level 5:colcon.colcon_core.verb:set package 'grasp_simulation' build argument 'catkin_skip_building_tests' from command line to 'False'
[1.119s] DEBUG:colcon.colcon_core.verb:Building package 'grasp_simulation' with the following arguments: {'ament_cmake_args': None, 'build_base': '/home/ali/grasp_ws/build/grasp_simulation', 'catkin_cmake_args': None, 'catkin_skip_building_tests': False, 'cmake_args': None, 'cmake_clean_cache': False, 'cmake_clean_first': False, 'cmake_force_configure': False, 'cmake_target': None, 'cmake_target_skip_unavailable': False, 'install_base': '/home/ali/grasp_ws/install/grasp_simulation', 'merge_install': False, 'path': '/home/ali/grasp_ws/src/grasp_simulation', 'symlink_install': False, 'test_result_base': None}
[1.119s] INFO:colcon.colcon_core.executor:Executing jobs using 'parallel' executor
[1.121s] DEBUG:colcon.colcon_parallel_executor.executor.parallel:run_until_complete
[1.121s] INFO:colcon.colcon_ros.task.ament_cmake.build:Building ROS package in '/home/ali/grasp_ws/src/grasp_simulation' with build type 'ament_cmake'
[1.122s] INFO:colcon.colcon_cmake.task.cmake.build:Building CMake package in '/home/ali/grasp_ws/src/grasp_simulation'
[1.125s] INFO:colcon.colcon_core.plugin_system:Skipping extension 'colcon_core.shell.bat': Not used on non-Windows systems
[1.125s] INFO:colcon.colcon_core.shell:Skip shell extension 'powershell' for command environment: Not usable outside of PowerShell
[1.125s] DEBUG:colcon.colcon_core.shell:Skip shell extension 'dsv' for command environment
[1.142s] DEBUG:colcon.colcon_core.event_handler.log_command:Invoking command in '/home/ali/grasp_ws/build/grasp_simulation': CMAKE_PREFIX_PATH=${CMAKE_PREFIX_PATH}:/opt/ros/humble NX_CONNECTION=138.246.3.10 51344 10.172.0.2 4000 /usr/bin/cmake --build /home/ali/grasp_ws/build/grasp_simulation -- -j4 -l4
[9.132s] Level 1:colcon.colcon_core.environment:create_environment_scripts_only(grasp_simulation)
[9.150s] Level 1:colcon.colcon_core.environment:checking '/home/ali/grasp_ws/install/grasp_simulation' for CMake module files
[9.153s] Level 1:colcon.colcon_core.environment:checking '/home/ali/grasp_ws/install/grasp_simulation' for CMake config files
[9.158s] Level 1:colcon.colcon_core.environment:checking '/home/ali/grasp_ws/install/grasp_simulation/bin'
[9.158s] Level 1:colcon.colcon_core.environment:checking '/home/ali/grasp_ws/install/grasp_simulation/lib/pkgconfig/grasp_simulation.pc'
[9.159s] Level 1:colcon.colcon_core.environment:checking '/home/ali/grasp_ws/install/grasp_simulation/lib/python3.10/site-packages'
[9.159s] Level 1:colcon.colcon_core.environment:checking '/home/ali/grasp_ws/install/grasp_simulation/bin'
[9.159s] INFO:colcon.colcon_core.shell:Creating package script '/home/ali/grasp_ws/install/grasp_simulation/share/grasp_simulation/package.ps1'
[9.161s] INFO:colcon.colcon_core.shell:Creating package descriptor '/home/ali/grasp_ws/install/grasp_simulation/share/grasp_simulation/package.dsv'
[9.162s] INFO:colcon.colcon_core.shell:Creating package script '/home/ali/grasp_ws/install/grasp_simulation/share/grasp_simulation/package.sh'
[9.169s] INFO:colcon.colcon_core.shell:Creating package script '/home/ali/grasp_ws/install/grasp_simulation/share/grasp_simulation/package.bash'
[9.174s] INFO:colcon.colcon_core.shell:Creating package script '/home/ali/grasp_ws/install/grasp_simulation/share/grasp_simulation/package.zsh'
[9.178s] Level 1:colcon.colcon_core.environment:create_file_with_runtime_dependencies(/home/ali/grasp_ws/install/grasp_simulation/share/colcon-core/packages/grasp_simulation)
[9.478s] DEBUG:colcon.colcon_core.event_handler.log_command:Invoked command in '/home/ali/grasp_ws/build/grasp_simulation' returned '2': CMAKE_PREFIX_PATH=${CMAKE_PREFIX_PATH}:/opt/ros/humble NX_CONNECTION=138.246.3.10 51344 10.172.0.2 4000 /usr/bin/cmake --build /home/ali/grasp_ws/build/grasp_simulation -- -j4 -l4
[9.486s] DEBUG:colcon.colcon_parallel_executor.executor.parallel:closing loop
[9.487s] DEBUG:colcon.colcon_parallel_executor.executor.parallel:loop closed
[9.487s] DEBUG:colcon.colcon_parallel_executor.executor.parallel:run_until_complete finished with '2'
[9.487s] DEBUG:colcon.colcon_core.event_reactor:joining thread
[9.978s] INFO:colcon.colcon_core.plugin_system:Skipping extension 'colcon_notification.desktop_notification.terminal_notifier': Not used on non-Darwin systems
[9.978s] INFO:colcon.colcon_core.plugin_system:Skipping extension 'colcon_notification.desktop_notification.win32': Not used on non-Windows systems
[9.978s] INFO:colcon.colcon_notification.desktop_notification:Sending desktop notification using 'notify2'
[10.003s] DEBUG:colcon.colcon_core.event_reactor:joined thread
[10.004s] INFO:colcon.colcon_core.shell:Creating prefix script '/home/ali/grasp_ws/install/local_setup.ps1'
[10.006s] INFO:colcon.colcon_core.shell:Creating prefix util module '/home/ali/grasp_ws/install/_local_setup_util_ps1.py'
[10.009s] INFO:colcon.colcon_core.shell:Creating prefix chain script '/home/ali/grasp_ws/install/setup.ps1'
[10.020s] INFO:colcon.colcon_core.shell:Creating prefix script '/home/ali/grasp_ws/install/local_setup.sh'
[10.022s] INFO:colcon.colcon_core.shell:Creating prefix util module '/home/ali/grasp_ws/install/_local_setup_util_sh.py'
[10.023s] INFO:colcon.colcon_core.shell:Creating prefix chain script '/home/ali/grasp_ws/install/setup.sh'
[10.025s] INFO:colcon.colcon_core.shell:Creating prefix script '/home/ali/grasp_ws/install/local_setup.bash'
[10.026s] INFO:colcon.colcon_core.shell:Creating prefix chain script '/home/ali/grasp_ws/install/setup.bash'
[10.028s] INFO:colcon.colcon_core.shell:Creating prefix script '/home/ali/grasp_ws/install/local_setup.zsh'
[10.029s] INFO:colcon.colcon_core.shell:Creating prefix chain script '/home/ali/grasp_ws/install/setup.zsh'
